{"type":"FeatureCollection","source":"geoBoundaries gbOpen SEN ADM1 (2019) — Government of Senegal, OCHA ROWCA, via data.humdata.org/dataset/senegal-administrative-boundaries — licence CC BY 3.0 IGO","features":[{"type":"Feature","properties":{"region":"dakar"},"geometry":{"type":"MultiPolygon","coordinates":[[[[-17.39918,14.6713],[-17.39926,14.6713],[-17.39932,14.67127],[-17.39937,14.6713],[-17.39942,14.67129],[-17.39948,14.67125],[-17.39955,14.67122],[-17.39958,14.67118],[-17.39964,14.67118],[-17.39973,14.67113],[-17.39978,14.67108],[-17.3998,14.67103],[-17.3999,14.671],[-17.39992,14.67097],[-17.4,14.67092],[-17.40011,14.67081],[-17.40017,14.67071],[-17.40017,14.67065],[-17.40015,14.67058],[-17.40017,14.67052],[-17.40021,14.67049],[-17.40022,14.67044],[-17.40021,14.67034],[-17.4003,14.67015],[-17.40035,14.67001],[-17.40035,14.66994],[-17.40038,14.66985],[-17.40044,14.66974],[-17.40052,14.66957],[-17.40056,14.66943],[-17.40061,14.66931],[-17.40066,14.66924],[-17.40071,14.66909],[-17.40076,14.66897],[-17.40076,14.66892],[-17.40073,14.66887],[-17.40073,14.6688],[-17.40064,14.66861],[-17.40055,14.66841],[-17.40043,14.66825],[-17.40031,14.66812],[-17.4002,14.66795],[-17.40009,14.66776],[-17.40005,14.66759],[-17.40002,14.66746],[-17.39996,14.66736],[-17.39997,14.66723],[-17.39996,14.66711],[-17.39992,14.66697],[-17.39994,14.66691],[-17.39988,14.66672],[-17.39984,14.66658],[-17.39986,14.66653],[-17.39981,14.66641],[-17.39975,14.66631],[-17.39973,14.66625],[-17.39964,14.66611],[-17.39957,14.66607],[-17.39953,14.66603],[-17.39939,14.6659],[-17.39937,14.66583],[-17.39931,14.66578],[-17.39917,14.6657],[-17.39914,14.6656],[-17.39911,14.66555],[-17.39905,14.66547],[-17.39906,14.66545],[-17.39903,14.66538],[-17.39901,14.66528],[-17.399,14.66523],[-17.39895,14.66513],[-17.39886,14.66497],[-17.39879,14.66487],[-17.39877,14.66482],[-17.39873,14.66477],[-17.39869,14.66467],[-17.39865,14.66455],[-17.39866,14.66448],[-17.39862,14.66443],[-17.3986,14.66437],[-17.39858,14.66427],[-17.39857,14.66424],[-17.39857,14.66421],[-17.39858,14.66417],[-17.39857,14.66413],[-17.39853,14.66401],[-17.39852,14.66395],[-17.3985,14.66391],[-17.39846,14.66386],[-17.39846,14.66374],[-17.39845,14.66363],[-17.39846,14.6636],[-17.39847,14.66355],[-17.39844,14.66348],[-17.39839,14.66343],[-17.3983,14.66342],[-17.39825,14.66344],[-17.39822,14.66341],[-17.3982,14.66334],[-17.39817,14.66331],[-17.39813,14.66324],[-17.39807,14.66323],[-17.39804,14.66323],[-17.39795,14.66314],[-17.39792,14.66312],[-17.39788,14.66316],[-17.39787,14.66324],[-17.39788,14.66341],[-17.39788,14.66355],[-17.39781,14.66356],[-17.39778,14.66338],[-17.39773,14.66325],[-17.39766,14.66323],[-17.39762,14.66325],[-17.39759,14.66331],[-17.3976,14.66344],[-17.39761,14.66351],[-17.3976,14.66353],[-17.39754,14.66351],[-17.39751,14.66353],[-17.3975,14.66355],[-17.39749,14.66356],[-17.39744,14.66353],[-17.39741,14.66355],[-17.39737,14.66363],[-17.39736,14.66369],[-17.3972,14.66386],[-17.39715,14.66395],[-17.39713,14.664],[-17.3971,14.66401],[-17.39701,14.66403],[-17.39699,14.66406],[-17.39703,14.66412],[-17.3971,14.6642],[-17.39708,14.66422],[-17.39704,14.66422],[-17.397,14.6642],[-17.39698,14.66429],[-17.39695,14.6643],[-17.39694,14.66425],[-17.39697,14.66415],[-17.39692,14.66412],[-17.3969,14.66413],[-17.39686,14.66425],[-17.39687,14.6643],[-17.39693,14.66435],[-17.39693,14.66438],[-17.39689,14.66439],[-17.39684,14.66436],[-17.39682,14.66439],[-17.39686,14.66451],[-17.39689,14.6646],[-17.3968,14.66475],[-17.39676,14.66488],[-17.39676,14.66498],[-17.39673,14.6651],[-17.39668,14.66527],[-17.39664,14.66532],[-17.39664,14.66535],[-17.39665,14.66537],[-17.39666,14.6654],[-17.39663,14.66547],[-17.39664,14.66552],[-17.39664,14.66558],[-17.39663,14.6657],[-17.39659,14.66585],[-17.39657,14.66594],[-17.39657,14.66602],[-17.39662,14.66604],[-17.39663,14.6661],[-17.39662,14.66613],[-17.39663,14.66619],[-17.39662,14.66626],[-17.39658,14.66636],[-17.39658,14.66645],[-17.3966,14.66654],[-17.39663,14.66659],[-17.39663,14.66663],[-17.39663,14.66669],[-17.39663,14.66676],[-17.39664,14.66683],[-17.39669,14.66691],[-17.39669,14.66698],[-17.39671,14.66705],[-17.39672,14.66718],[-17.39676,14.66723],[-17.3968,14.66736],[-17.39685,14.66742],[-17.39686,14.66747],[-17.39693,14.66754],[-17.39699,14.66759],[-17.39703,14.66765],[-17.39714,14.66776],[-17.39732,14.66799],[-17.39737,14.66807],[-17.39741,14.66813],[-17.39746,14.66822],[-17.39755,14.66834],[-17.39757,14.66843],[-17.39763,14.66851],[-17.39777,14.66857],[-17.39799,14.66864],[-17.39813,14.66866],[-17.39822,14.66865],[-17.39832,14.66864],[-17.39839,14.66864],[-17.39851,14.66868],[-17.39864,14.66875],[-17.39872,14.66883],[-17.39876,14.66885],[-17.39881,14.66887],[-17.39884,14.66884],[-17.39889,14.66874],[-17.39899,14.66874],[-17.39909,14.66872],[-17.39925,14.66878],[-17.39934,14.66885],[-17.3994,14.66893],[-17.39939,14.66902],[-17.39944,14.66911],[-17.39952,14.66928],[-17.39959,14.66957],[-17.39959,14.66961],[-17.3996,14.66966],[-17.39946,14.67007],[-17.39936,14.67018],[-17.39928,14.67018],[-17.39913,14.67012],[-17.39902,14.67009],[-17.399,14.67012],[-17.39902,14.67018],[-17.39909,14.67021],[-17.39916,14.67025],[-17.39923,14.67029],[-17.39924,14.67034],[-17.39923,14.6704],[-17.39923,14.67047],[-17.39923,14.67058],[-17.3992,14.67067],[-17.39915,14.67095],[-17.39908,14.67116],[-17.39909,14.67123],[-17.39911,14.67127],[-17.39918,14.6713]]],[[[-17.51204,14.75701],[-17.51217,14.75716],[-17.5124,14.7575],[-17.51251,14.75766],[-17.51314,14.75778],[-17.51351,14.75772],[-17.51373,14.75743],[-17.51408,14.75714],[-17.51436,14.75697],[-17.51473,14.75698],[-17.51516,14.75714],[-17.51566,14.75679],[-17.5161,14.75668],[-17.51654,14.7565],[-17.51677,14.7555],[-17.51671,14.75494],[-17.51653,14.75492],[-17.51647,14.75505],[-17.51647,14.75532],[-17.51605,14.7556],[-17.51561,14.7556],[-17.51525,14.75537],[-17.51491,14.75521],[-17.51449,14.75524],[-17.51384,14.75517],[-17.51348,14.75496],[-17.51306,14.75491],[-17.51276,14.75518],[-17.51234,14.75555],[-17.51177,14.75599],[-17.51153,14.75608],[-17.5114,14.75632],[-17.51133,14.75653],[-17.51135,14.7567],[-17.51167,14.7568],[-17.51204,14.75701]]],[[[-17.14462,14.58681],[-17.14427,14.59213],[-17.14417,14.59439],[-17.14384,14.5978],[-17.14374,14.60107],[-17.14341,14.60457],[-17.14307,14.6072],[-17.14236,14.61048],[-17.14203,14.61293],[-17.14173,14.61542],[-17.1415,14.61851],[-17.14126,14.62174],[-17.14095,14.62625],[-17.14062,14.62944],[-17.14038,14.63313],[-17.14029,14.63557],[-17.14032,14.63839],[-17.14013,14.64105],[-17.13966,14.64419],[-17.13951,14.64697],[-17.1387,14.64983],[-17.13828,14.65306],[-17.13808,14.65573],[-17.13798,14.65901],[-17.13727,14.66211],[-17.13689,14.66525],[-17.1368,14.66843],[-17.13643,14.67262],[-17.13625,14.67618],[-17.13616,14.67954],[-17.13616,14.67958],[-17.13564,14.68281],[-17.1354,14.68613],[-17.13483,14.68989],[-17.13469,14.69181],[-17.13445,14.6949],[-17.13401,14.69726],[-17.13362,14.69933],[-17.1329,14.70197],[-17.13255,14.70372],[-17.13225,14.70599],[-17.13229,14.70857],[-17.13232,14.71114],[-17.13213,14.71369],[-17.13193,14.71632],[-17.13193,14.71907],[-17.13173,14.72161],[-17.13169,14.72393],[-17.13129,14.72701],[-17.13081,14.72992],[-17.13066,14.73259],[-17.1305,14.73472],[-17.13044,14.73748],[-17.13011,14.73993],[-17.13,14.74196],[-17.12937,14.74469],[-17.1294,14.74638],[-17.12934,14.74892],[-17.12894,14.75064],[-17.12883,14.75262],[-17.12834,14.75534],[-17.128,14.75756],[-17.12789,14.75968],[-17.12792,14.76139],[-17.12752,14.76351],[-17.12704,14.76601],[-17.12684,14.76868],[-17.12645,14.77057],[-17.12619,14.77293],[-17.12628,14.77546],[-17.12626,14.77704],[-17.12639,14.77938],[-17.12636,14.78109],[-17.12639,14.78312],[-17.12656,14.78463],[-17.12715,14.78624],[-17.12819,14.78881],[-17.12955,14.79132],[-17.13059,14.79398],[-17.13217,14.79557],[-17.13386,14.79798],[-17.13546,14.80088],[-17.13566,14.80124],[-17.13693,14.80333],[-17.13841,14.80765],[-17.14045,14.81084],[-17.14168,14.81433],[-17.1413,14.81686],[-17.1425,14.81842],[-17.14322,14.81924],[-17.1441,14.82079],[-17.14522,14.82289],[-17.14667,14.82499],[-17.14761,14.82751],[-17.14893,14.83012],[-17.14991,14.832],[-17.15107,14.83452],[-17.15211,14.83698],[-17.15295,14.83886],[-17.15377,14.84066],[-17.15452,14.84257],[-17.15574,14.84482],[-17.15652,14.84715],[-17.15741,14.84912],[-17.15844,14.85132],[-17.16004,14.85411],[-17.16135,14.85626],[-17.16268,14.859],[-17.16422,14.86133],[-17.16491,14.86326],[-17.16594,14.86518],[-17.16687,14.8671],[-17.16847,14.86933],[-17.16973,14.87139],[-17.17023,14.87277],[-17.17072,14.8741],[-17.17151,14.87625],[-17.17278,14.87853],[-17.17398,14.88018],[-17.17472,14.88173],[-17.17593,14.88366],[-17.17676,14.88634],[-17.17805,14.88556],[-17.18016,14.88451],[-17.1829,14.88355],[-17.18459,14.88288],[-17.18797,14.88098],[-17.18961,14.87981],[-17.19172,14.87858],[-17.19314,14.87792],[-17.19478,14.87679],[-17.19643,14.8762],[-17.19864,14.87549],[-17.20013,14.8745],[-17.20202,14.87377],[-17.20371,14.87246],[-17.20559,14.87192],[-17.20762,14.87139],[-17.2101,14.86969],[-17.21226,14.86824],[-17.21537,14.86736],[-17.21729,14.86627],[-17.21941,14.86531],[-17.22115,14.86436],[-17.22392,14.86322],[-17.22552,14.86209],[-17.22754,14.86096],[-17.22917,14.85982],[-17.23063,14.85902],[-17.23214,14.85854],[-17.23406,14.85726],[-17.23692,14.85565],[-17.23805,14.85508],[-17.23861,14.85444],[-17.2412,14.85329],[-17.24313,14.85285],[-17.24544,14.85189],[-17.24722,14.85071],[-17.25029,14.85002],[-17.25241,14.8493],[-17.25422,14.84771],[-17.25677,14.84689],[-17.25954,14.84596],[-17.26222,14.84468],[-17.26316,14.84398],[-17.26509,14.84316],[-17.26711,14.84203],[-17.26997,14.84037],[-17.27162,14.83961],[-17.27473,14.83878],[-17.27707,14.83704],[-17.2781,14.83652],[-17.28059,14.83519],[-17.2836,14.8339],[-17.28652,14.8328],[-17.28867,14.8312],[-17.29168,14.8301],[-17.29328,14.82942],[-17.29521,14.82875],[-17.29756,14.82784],[-17.29991,14.82661],[-17.30175,14.82607],[-17.30386,14.82521],[-17.30465,14.82447],[-17.30508,14.82424],[-17.30601,14.82375],[-17.30724,14.82341],[-17.30889,14.82292],[-17.31034,14.82226],[-17.31237,14.82162],[-17.31453,14.82058],[-17.3176,14.81971],[-17.31976,14.81852],[-17.32215,14.81747],[-17.32379,14.81657],[-17.32587,14.81576],[-17.32817,14.81462],[-17.329,14.8143],[-17.33075,14.81366],[-17.33277,14.81243],[-17.33478,14.81093],[-17.33619,14.81044],[-17.33859,14.80994],[-17.34062,14.8094],[-17.34211,14.80827],[-17.3438,14.80704],[-17.34558,14.80595],[-17.34779,14.80546],[-17.34973,14.80484],[-17.35218,14.80396],[-17.35268,14.80327],[-17.35565,14.8023],[-17.35829,14.80157],[-17.35892,14.80131],[-17.35902,14.80127],[-17.36026,14.80075],[-17.36304,14.79975],[-17.36506,14.79898],[-17.36631,14.79849],[-17.36659,14.79837],[-17.36689,14.79826],[-17.36921,14.79763],[-17.37113,14.79681],[-17.37316,14.79623],[-17.37489,14.79519],[-17.37695,14.79414],[-17.37954,14.79336],[-17.38148,14.79274],[-17.38354,14.79174],[-17.38385,14.79161],[-17.38391,14.79158],[-17.38579,14.79078],[-17.38777,14.79015],[-17.38971,14.78962],[-17.39158,14.78889],[-17.3936,14.78789],[-17.39379,14.7878],[-17.39435,14.78752],[-17.39652,14.78694],[-17.39972,14.7855],[-17.40212,14.78375],[-17.40238,14.78356],[-17.40243,14.78352],[-17.4054,14.78297],[-17.40775,14.78197],[-17.41048,14.78119],[-17.41296,14.77963],[-17.41442,14.77901],[-17.41695,14.77814],[-17.41925,14.77719],[-17.41951,14.77711],[-17.42096,14.77669],[-17.4211,14.77665],[-17.42387,14.77583],[-17.42541,14.77502],[-17.42834,14.77391],[-17.43059,14.77328],[-17.43238,14.77297],[-17.43349,14.77253],[-17.43596,14.77154],[-17.43808,14.77109],[-17.4409,14.77012],[-17.44276,14.76965],[-17.44282,14.76964],[-17.44438,14.76924],[-17.44744,14.76767],[-17.44882,14.76743],[-17.45036,14.76716],[-17.45144,14.76705],[-17.45295,14.7668],[-17.45404,14.76674],[-17.45668,14.76628],[-17.4589,14.76593],[-17.46206,14.76537],[-17.46451,14.76501],[-17.46654,14.76434],[-17.46845,14.76311],[-17.46907,14.76319],[-17.47204,14.76282],[-17.47452,14.76347],[-17.47685,14.76463],[-17.47829,14.76572],[-17.47995,14.76615],[-17.48111,14.76742],[-17.48172,14.7676],[-17.48357,14.76775],[-17.48427,14.76687],[-17.48505,14.76547],[-17.48668,14.76434],[-17.48743,14.7635],[-17.48834,14.76169],[-17.48883,14.76011],[-17.48891,14.75906],[-17.48993,14.75761],[-17.49198,14.75827],[-17.4929,14.75692],[-17.49301,14.75553],[-17.49305,14.75553],[-17.49496,14.75555],[-17.49655,14.75497],[-17.49797,14.75472],[-17.49902,14.75526],[-17.49984,14.75649],[-17.50038,14.75759],[-17.50138,14.75835],[-17.50226,14.75705],[-17.50211,14.75622],[-17.50208,14.75433],[-17.50186,14.75314],[-17.50217,14.75175],[-17.50319,14.75353],[-17.50464,14.7547],[-17.50561,14.75621],[-17.50788,14.75618],[-17.50997,14.75656],[-17.51024,14.75604],[-17.51051,14.75485],[-17.5111,14.75401],[-17.5108,14.75258],[-17.51043,14.75097],[-17.5126,14.75048],[-17.5145,14.75077],[-17.51556,14.752],[-17.51664,14.7518],[-17.51881,14.75098],[-17.51878,14.74942],[-17.51943,14.74849],[-17.52098,14.748],[-17.52225,14.74738],[-17.52331,14.74852],[-17.52399,14.74956],[-17.52448,14.75112],[-17.52574,14.75221],[-17.52843,14.75235],[-17.52871,14.75221],[-17.52889,14.75156],[-17.52973,14.75072],[-17.52946,14.74907],[-17.52959,14.74859],[-17.53025,14.74795],[-17.53088,14.74646],[-17.53092,14.74563],[-17.53067,14.74513],[-17.53023,14.74413],[-17.53054,14.74288],[-17.5307,14.74172],[-17.5308,14.74121],[-17.53065,14.74085],[-17.52865,14.74032],[-17.52701,14.74104],[-17.52498,14.74108],[-17.52388,14.74077],[-17.52275,14.74078],[-17.52152,14.74104],[-17.52075,14.74022],[-17.51927,14.73951],[-17.51768,14.73788],[-17.51639,14.7372],[-17.51515,14.73639],[-17.51353,14.73559],[-17.5118,14.73438],[-17.51003,14.73284],[-17.50969,14.73215],[-17.50872,14.7313],[-17.50804,14.7299],[-17.50794,14.72969],[-17.5079,14.72961],[-17.50713,14.72948],[-17.50613,14.72852],[-17.50549,14.7272],[-17.50532,14.72559],[-17.50563,14.72462],[-17.50528,14.72352],[-17.50573,14.7224],[-17.50557,14.72112],[-17.50466,14.72008],[-17.50365,14.71926],[-17.50222,14.71841],[-17.50093,14.71792],[-17.4998,14.71785],[-17.49856,14.7175],[-17.49821,14.71636],[-17.49771,14.71503],[-17.49667,14.71477],[-17.4955,14.71548],[-17.49381,14.71606],[-17.49272,14.71617],[-17.49181,14.71558],[-17.49076,14.71445],[-17.49064,14.71434],[-17.48999,14.71372],[-17.49048,14.71186],[-17.4905,14.71072],[-17.49024,14.70916],[-17.48961,14.70801],[-17.4886,14.70729],[-17.48722,14.70668],[-17.48606,14.70554],[-17.48459,14.70474],[-17.48319,14.70366],[-17.48194,14.70248],[-17.48031,14.70121],[-17.4794,14.70044],[-17.47931,14.70025],[-17.47945,14.70016],[-17.47734,14.69825],[-17.4767,14.69804],[-17.47614,14.69786],[-17.47529,14.69755],[-17.4749,14.69655],[-17.47531,14.69622],[-17.47587,14.69593],[-17.4769,14.69513],[-17.4776,14.69447],[-17.47764,14.69401],[-17.47782,14.69314],[-17.47723,14.69181],[-17.4765,14.69086],[-17.47567,14.68972],[-17.47501,14.68908],[-17.47428,14.68818],[-17.47318,14.68759],[-17.47221,14.68637],[-17.47159,14.68541],[-17.4718,14.6843],[-17.47178,14.68315],[-17.47162,14.68204],[-17.47142,14.68099],[-17.47134,14.67938],[-17.47174,14.6779],[-17.47197,14.67716],[-17.47161,14.67596],[-17.47127,14.675],[-17.4704,14.67432],[-17.46979,14.67443],[-17.46905,14.67522],[-17.46806,14.67575],[-17.46759,14.6758],[-17.46668,14.67526],[-17.46559,14.67477],[-17.46454,14.67478],[-17.464,14.67544],[-17.46321,14.67702],[-17.46261,14.67777],[-17.46145,14.67866],[-17.46137,14.67859],[-17.46063,14.67798],[-17.46052,14.67767],[-17.46023,14.67684],[-17.46021,14.67587],[-17.45968,14.67464],[-17.45896,14.67423],[-17.45801,14.67342],[-17.45636,14.67376],[-17.45456,14.67374],[-17.45327,14.67308],[-17.45184,14.67269],[-17.45169,14.67265],[-17.45167,14.67266],[-17.45022,14.67236],[-17.44836,14.67159],[-17.44756,14.6699],[-17.44737,14.66838],[-17.44695,14.66725],[-17.44584,14.66719],[-17.44465,14.66643],[-17.44452,14.66453],[-17.44456,14.66358],[-17.44479,14.66104],[-17.44468,14.6598],[-17.44388,14.65904],[-17.4436,14.65886],[-17.44083,14.65767],[-17.44081,14.65768],[-17.4408,14.65764],[-17.44029,14.65743],[-17.43966,14.65678],[-17.43933,14.65644],[-17.43775,14.65559],[-17.43759,14.65529],[-17.43716,14.6545],[-17.43706,14.65252],[-17.43694,14.65218],[-17.43605,14.64933],[-17.43557,14.64827],[-17.43482,14.64703],[-17.43332,14.64658],[-17.43285,14.6467],[-17.43184,14.64698],[-17.43143,14.64753],[-17.4306,14.64898],[-17.43018,14.64971],[-17.43063,14.65077],[-17.43136,14.65201],[-17.43073,14.6539],[-17.43172,14.65416],[-17.43331,14.65543],[-17.433,14.6569],[-17.43406,14.65767],[-17.43482,14.65835],[-17.43512,14.65899],[-17.43381,14.66026],[-17.43283,14.66138],[-17.43229,14.66258],[-17.43193,14.66387],[-17.43102,14.66559],[-17.43079,14.66633],[-17.42901,14.66715],[-17.42671,14.66824],[-17.42474,14.66901],[-17.42351,14.66962],[-17.42169,14.67071],[-17.42101,14.67256],[-17.42071,14.67413],[-17.42102,14.67569],[-17.42188,14.676],[-17.42262,14.6747],[-17.42311,14.67363],[-17.42361,14.67211],[-17.42465,14.67246],[-17.42425,14.67389],[-17.42389,14.67496],[-17.42452,14.67587],[-17.42521,14.67476],[-17.42558,14.67397],[-17.42603,14.67258],[-17.42717,14.67274],[-17.42826,14.67337],[-17.42809,14.67443],[-17.42763,14.67532],[-17.42732,14.67638],[-17.42719,14.67698],[-17.42771,14.67757],[-17.42827,14.67701],[-17.42897,14.6758],[-17.4289,14.67455],[-17.42902,14.67336],[-17.43002,14.67343],[-17.43135,14.67415],[-17.43226,14.67487],[-17.43299,14.67625],[-17.43234,14.67708],[-17.43128,14.67839],[-17.43092,14.67922],[-17.43126,14.67986],[-17.43191,14.67966],[-17.43165,14.68078],[-17.43265,14.68132],[-17.43359,14.68143],[-17.43329,14.68277],[-17.43349,14.68356],[-17.43435,14.68396],[-17.43587,14.68449],[-17.43691,14.68561],[-17.43693,14.68562],[-17.43643,14.68724],[-17.43588,14.68799],[-17.43503,14.68828],[-17.43415,14.6888],[-17.43225,14.68869],[-17.43045,14.68858],[-17.42906,14.69003],[-17.42797,14.69027],[-17.42711,14.68936],[-17.4262,14.68883],[-17.42562,14.68787],[-17.42514,14.68723],[-17.42549,14.68589],[-17.42604,14.68492],[-17.42603,14.68372],[-17.42568,14.68304],[-17.42483,14.68309],[-17.42441,14.68351],[-17.42335,14.68542],[-17.42308,14.68584],[-17.42227,14.6852],[-17.42211,14.68401],[-17.42241,14.68263],[-17.42282,14.68142],[-17.42293,14.67999],[-17.42258,14.67946],[-17.42175,14.67921],[-17.42099,14.67956],[-17.42058,14.68072],[-17.42018,14.68242],[-17.42021,14.68349],[-17.42003,14.68473],[-17.41995,14.68534],[-17.42034,14.68603],[-17.42106,14.6867],[-17.42117,14.68757],[-17.42208,14.68834],[-17.4228,14.68884],[-17.42318,14.68915],[-17.42398,14.68873],[-17.42526,14.68893],[-17.42613,14.69007],[-17.42644,14.69177],[-17.42739,14.69226],[-17.42676,14.69366],[-17.42636,14.69528],[-17.42589,14.69598],[-17.42444,14.69646],[-17.42288,14.69649],[-17.42199,14.697],[-17.42224,14.6982],[-17.42231,14.69917],[-17.42105,14.70066],[-17.41974,14.70063],[-17.41807,14.70042],[-17.41673,14.70201],[-17.4168,14.70339],[-17.41734,14.70505],[-17.41789,14.70655],[-17.41857,14.70733],[-17.41938,14.70773],[-17.42008,14.70713],[-17.42082,14.70647],[-17.42132,14.7054],[-17.42251,14.7057],[-17.42328,14.70657],[-17.42424,14.70729],[-17.42483,14.70852],[-17.42611,14.70864],[-17.42694,14.70789],[-17.42755,14.70761],[-17.42936,14.7079],[-17.43024,14.70949],[-17.43111,14.71063],[-17.43161,14.71243],[-17.43189,14.71448],[-17.43174,14.71748],[-17.43106,14.71943],[-17.43034,14.7211],[-17.42922,14.72269],[-17.42751,14.72469],[-17.42621,14.72619],[-17.42519,14.72726],[-17.42379,14.72852],[-17.42216,14.72979],[-17.42028,14.73074],[-17.41873,14.73164],[-17.41694,14.7318],[-17.41544,14.73298],[-17.41428,14.73383],[-17.41406,14.7339],[-17.41337,14.7341],[-17.41268,14.73431],[-17.41061,14.73472],[-17.40838,14.73525],[-17.40698,14.73573],[-17.40613,14.73603],[-17.40425,14.7367],[-17.40161,14.73766],[-17.39973,14.73802],[-17.39908,14.73827],[-17.39823,14.73859],[-17.39773,14.73873],[-17.39696,14.73893],[-17.39459,14.73916],[-17.3913,14.73971],[-17.38911,14.7397],[-17.38718,14.73986],[-17.38552,14.73989],[-17.38439,14.74009],[-17.38142,14.74032],[-17.37957,14.74048],[-17.37735,14.74047],[-17.37536,14.73995],[-17.37403,14.73988],[-17.37385,14.74012],[-17.37195,14.73996],[-17.36915,14.73968],[-17.36674,14.73986],[-17.36479,14.73919],[-17.36252,14.73904],[-17.35986,14.7383],[-17.35782,14.73783],[-17.35601,14.73711],[-17.35382,14.73687],[-17.35136,14.73604],[-17.35081,14.73609],[-17.35056,14.73611],[-17.34951,14.7362],[-17.34752,14.73632],[-17.34591,14.73566],[-17.3431,14.73451],[-17.33995,14.73285],[-17.33992,14.73284],[-17.33977,14.73282],[-17.33749,14.73251],[-17.33514,14.73103],[-17.3329,14.73033],[-17.33087,14.72999],[-17.32834,14.72846],[-17.32653,14.72771],[-17.32434,14.72704],[-17.32253,14.7262],[-17.32039,14.72554],[-17.31901,14.72547],[-17.3172,14.72425],[-17.31491,14.72332],[-17.31309,14.72239],[-17.31272,14.7222],[-17.31057,14.72126],[-17.30886,14.7206],[-17.30563,14.71963],[-17.30325,14.71907],[-17.30071,14.71786],[-17.30034,14.71769],[-17.29835,14.71693],[-17.29635,14.71632],[-17.29402,14.71525],[-17.29297,14.7149],[-17.29063,14.71327],[-17.29025,14.71332],[-17.28849,14.71284],[-17.28749,14.7123],[-17.28649,14.71158],[-17.28525,14.71105],[-17.28476,14.71089],[-17.2847,14.71087],[-17.28387,14.7106],[-17.28249,14.70985],[-17.28246,14.71141],[-17.28186,14.71234],[-17.28116,14.71318],[-17.27965,14.71339],[-17.2779,14.71323],[-17.276,14.71257],[-17.2741,14.71214],[-17.27157,14.71037],[-17.26866,14.70913],[-17.26679,14.70773],[-17.26503,14.70711],[-17.26284,14.70618],[-17.2607,14.70533],[-17.25865,14.70454],[-17.25621,14.7031],[-17.25512,14.70274],[-17.2544,14.70243],[-17.25322,14.70276],[-17.25318,14.70277],[-17.25166,14.7021],[-17.24997,14.70056],[-17.24812,14.69952],[-17.24618,14.69942],[-17.24464,14.69773],[-17.24176,14.69529],[-17.24086,14.69545],[-17.23932,14.6933],[-17.23763,14.6918],[-17.23577,14.69031],[-17.23396,14.68923],[-17.23252,14.68824],[-17.23113,14.68715],[-17.22903,14.68589],[-17.22655,14.68464],[-17.2244,14.68324],[-17.22269,14.68272],[-17.22082,14.68118],[-17.21948,14.67977],[-17.21846,14.67863],[-17.21717,14.67718],[-17.21559,14.676],[-17.21373,14.67484],[-17.21138,14.67326],[-17.21138,14.6728],[-17.2108,14.67239],[-17.20894,14.67108],[-17.20731,14.66976],[-17.20506,14.66814],[-17.20309,14.66628],[-17.20094,14.66512],[-17.19893,14.66367],[-17.19692,14.66213],[-17.19561,14.65961],[-17.19329,14.65679],[-17.19089,14.65387],[-17.18915,14.65211],[-17.18637,14.6491],[-17.18515,14.6471],[-17.1832,14.64574],[-17.18157,14.6448],[-17.1799,14.6433],[-17.17977,14.64417],[-17.17907,14.64235],[-17.17694,14.63869],[-17.17554,14.63724],[-17.17519,14.63577],[-17.17357,14.63464],[-17.17199,14.63378],[-17.17056,14.63312],[-17.16889,14.63194],[-17.16759,14.63039],[-17.16691,14.6292],[-17.16599,14.62788],[-17.16517,14.62661],[-17.16445,14.62588],[-17.16328,14.62414],[-17.16222,14.62264],[-17.16092,14.62063],[-17.1599,14.6189],[-17.15902,14.61688],[-17.15809,14.61542],[-17.15678,14.61337],[-17.1561,14.61148],[-17.15575,14.6103],[-17.15501,14.60851],[-17.15428,14.60714],[-17.15337,14.60614],[-17.15227,14.60482],[-17.15134,14.60317],[-17.1508,14.6018],[-17.15016,14.60001],[-17.15043,14.59968],[-17.15037,14.59835],[-17.14983,14.59716],[-17.14877,14.59584],[-17.14798,14.59401],[-17.14825,14.59304],[-17.14767,14.59213],[-17.1478,14.5907],[-17.14669,14.58951],[-17.14553,14.58815],[-17.14462,14.58681]]]]}},{"type":"Feature","properties":{"region":"diourbel"},"geometry":{"type":"Polygon","coordinates":[[[-16.17706,14.96405],[-16.17836,14.96396],[-16.18707,14.96264],[-16.19243,14.96064],[-16.202,14.9572],[-16.21434,14.95332],[-16.22363,14.95312],[-16.22843,14.95423],[-16.2318,14.95916],[-16.23285,14.96452],[-16.23899,14.97155],[-16.24584,14.9766],[-16.25182,14.97953],[-16.26333,14.98525],[-16.27236,14.9893],[-16.28051,14.99165],[-16.28338,14.99233],[-16.29507,14.99511],[-16.30146,14.99578],[-16.30757,14.99786],[-16.32024,15.00091],[-16.32331,15.003],[-16.33176,15.00676],[-16.34313,15.0115],[-16.34794,15.01317],[-16.36423,15.01716],[-16.37457,15.01992],[-16.38403,15.02241],[-16.38592,15.02258],[-16.39115,15.02308],[-16.39624,15.02347],[-16.40452,15.02327],[-16.41398,15.02491],[-16.42183,15.02585],[-16.42998,15.02707],[-16.43676,15.02647],[-16.4368,15.02646],[-16.43706,15.02642],[-16.44246,15.02544],[-16.44856,15.02427],[-16.45393,15.02311],[-16.46089,15.02123],[-16.46726,15.01878],[-16.47176,15.01663],[-16.4734,15.01607],[-16.47596,15.01519],[-16.47744,15.0144],[-16.48073,15.01262],[-16.48739,15.00834],[-16.49462,15.00349],[-16.49765,15.00079],[-16.5031,15.00018],[-16.51208,14.99937],[-16.52054,14.99719],[-16.53268,14.99194],[-16.53543,14.99079],[-16.55153,14.98602],[-16.56153,14.98256],[-16.57021,14.97948],[-16.57529,14.97767],[-16.58776,14.97433],[-16.60256,14.9707],[-16.61431,14.96934],[-16.63084,14.96484],[-16.6433,14.96151],[-16.65374,14.95861],[-16.65425,14.95832],[-16.65447,14.95738],[-16.65462,14.95677],[-16.65809,14.95562],[-16.66488,14.9509],[-16.67585,14.94122],[-16.68709,14.92928],[-16.67685,14.92059],[-16.6691,14.91387],[-16.66206,14.9046],[-16.65763,14.89418],[-16.65483,14.88883],[-16.64987,14.88477],[-16.64198,14.87974],[-16.63452,14.87246],[-16.63056,14.8674],[-16.62762,14.86247],[-16.62613,14.8574],[-16.62538,14.8543],[-16.62374,14.84865],[-16.6238,14.84733],[-16.62399,14.84273],[-16.62599,14.83918],[-16.62976,14.8376],[-16.63539,14.83319],[-16.64216,14.8265],[-16.64605,14.82308],[-16.64921,14.81755],[-16.64931,14.81204],[-16.6461,14.80924],[-16.64054,14.80448],[-16.63572,14.80113],[-16.62829,14.79624],[-16.62421,14.79429],[-16.61789,14.78218],[-16.61452,14.77854],[-16.60853,14.77236],[-16.60703,14.76744],[-16.60701,14.76703],[-16.60638,14.75698],[-16.60499,14.74612],[-16.60441,14.74129],[-16.60438,14.74103],[-16.60461,14.7394],[-16.60534,14.73439],[-16.60615,14.72535],[-16.60654,14.71998],[-16.60652,14.71673],[-16.60509,14.69908],[-16.60513,14.69803],[-16.60545,14.69019],[-16.60685,14.68241],[-16.60958,14.67816],[-16.6123,14.67432],[-16.61691,14.66892],[-16.62121,14.66226],[-16.62175,14.65646],[-16.62214,14.64996],[-16.621,14.64036],[-16.62092,14.64011],[-16.61881,14.63942],[-16.61633,14.63717],[-16.61428,14.6355],[-16.61063,14.63185],[-16.60641,14.62948],[-16.60159,14.62527],[-16.59852,14.62218],[-16.59575,14.62009],[-16.5924,14.617],[-16.58918,14.6135],[-16.58612,14.61182],[-16.5819,14.60916],[-16.5755,14.60681],[-16.56998,14.60572],[-16.56519,14.60518],[-16.55577,14.60582],[-16.54577,14.60715],[-16.53866,14.60776],[-16.52909,14.60768],[-16.52543,14.60762],[-16.52344,14.60757],[-16.51503,14.60707],[-16.51371,14.60679],[-16.50718,14.60543],[-16.50136,14.60306],[-16.4951,14.59943],[-16.49001,14.59536],[-16.48651,14.59284],[-16.48172,14.5933],[-16.47594,14.59588],[-16.47029,14.59704],[-16.46071,14.59682],[-16.45186,14.5956],[-16.44345,14.59594],[-16.4378,14.59626],[-16.4335,14.59738],[-16.43114,14.59799],[-16.42694,14.59929],[-16.41984,14.59961],[-16.40896,14.5994],[-16.39867,14.60017],[-16.39374,14.60062],[-16.38287,14.60139],[-16.3762,14.60256],[-16.37099,14.6033],[-16.36301,14.60434],[-16.36127,14.60424],[-16.36069,14.60421],[-16.35688,14.59802],[-16.35322,14.5921],[-16.34985,14.58689],[-16.34606,14.58197],[-16.34372,14.5793],[-16.33904,14.57325],[-16.33338,14.5716],[-16.32714,14.57206],[-16.32279,14.57222],[-16.31657,14.57381],[-16.30889,14.57527],[-16.30265,14.57572],[-16.29541,14.57633],[-16.29492,14.57637],[-16.29472,14.57639],[-16.28512,14.57724],[-16.28092,14.57824],[-16.27397,14.57913],[-16.27077,14.57928],[-16.26642,14.57875],[-16.26192,14.57778],[-16.25553,14.57753],[-16.2464,14.57744],[-16.24118,14.57705],[-16.22854,14.57344],[-16.22761,14.57335],[-16.21984,14.57264],[-16.21156,14.57226],[-16.20171,14.57231],[-16.19909,14.57162],[-16.19326,14.56613],[-16.187,14.56306],[-16.17989,14.56098],[-16.17277,14.55861],[-16.16987,14.55834],[-16.16551,14.55738],[-16.16042,14.55444],[-16.15329,14.54925],[-16.14907,14.54811],[-16.14865,14.548],[-16.14255,14.54732],[-16.13096,14.54751],[-16.12298,14.5484],[-16.10877,14.54776],[-16.09676,14.54624],[-16.09484,14.54599],[-16.08235,14.5445],[-16.07221,14.54369],[-16.06176,14.5429],[-16.05731,14.54251],[-16.05393,14.54222],[-16.04421,14.54156],[-16.04007,14.54128],[-16.03637,14.54103],[-16.0294,14.53979],[-16.02143,14.53898],[-16.0162,14.53801],[-16.00953,14.53677],[-16.0014,14.53554],[-16.00024,14.53512],[-15.99997,14.53469],[-15.99997,14.53429],[-15.99997,14.5144],[-15.99982,14.51447],[-15.9985,14.51478],[-15.99774,14.51505],[-15.99694,14.51616],[-15.99405,14.51759],[-15.99115,14.51902],[-15.98898,14.52016],[-15.98667,14.52115],[-15.98305,14.52371],[-15.9803,14.52513],[-15.97626,14.52783],[-15.97307,14.5294],[-15.97032,14.53082],[-15.96829,14.53168],[-15.96554,14.53212],[-15.96192,14.5327],[-15.958,14.53187],[-15.95423,14.53075],[-15.95147,14.53076],[-15.94799,14.53091],[-15.94538,14.53064],[-15.94379,14.5315],[-15.93973,14.53222],[-15.93581,14.53196],[-15.93306,14.53267],[-15.93104,14.53339],[-15.92857,14.53439],[-15.92509,14.53482],[-15.9222,14.53596],[-15.91799,14.5357],[-15.91639,14.53599],[-15.91579,14.53605],[-15.91555,14.53607],[-15.90828,14.53673],[-15.90364,14.53745],[-15.89915,14.53846],[-15.89654,14.53861],[-15.89234,14.54018],[-15.88843,14.54048],[-15.88502,14.54147],[-15.88067,14.54262],[-15.87705,14.54391],[-15.87487,14.54434],[-15.8717,14.54562],[-15.86894,14.54634],[-15.86547,14.54833],[-15.86257,14.54947],[-15.85924,14.55104],[-15.8562,14.55246],[-15.8536,14.55417],[-15.85027,14.55616],[-15.84738,14.55786],[-15.84557,14.55957],[-15.84216,14.56131],[-15.84022,14.56383],[-15.83771,14.56495],[-15.83704,14.56652],[-15.83487,14.56822],[-15.83299,14.57035],[-15.82967,14.57276],[-15.82663,14.57475],[-15.82388,14.57645],[-15.82142,14.57816],[-15.81882,14.57943],[-15.81622,14.58284],[-15.8142,14.58524],[-15.81233,14.58694],[-15.81008,14.58851],[-15.80915,14.59063],[-15.80785,14.5936],[-15.80657,14.59538],[-15.80612,14.596],[-15.80524,14.59776],[-15.80442,14.60084],[-15.80317,14.60294],[-15.8028,14.60382],[-15.80173,14.60629],[-15.8011,14.6089],[-15.79952,14.61192],[-15.79807,14.6149],[-15.79768,14.61775],[-15.79676,14.62101],[-15.79669,14.62298],[-15.79648,14.62578],[-15.79574,14.62992],[-15.79534,14.63244],[-15.79588,14.63579],[-15.79595,14.63952],[-15.79646,14.64228],[-15.79684,14.64647],[-15.7979,14.65075],[-15.79867,14.65567],[-15.7992,14.65977],[-15.79955,14.66312],[-15.79999,14.66735],[-15.80025,14.67057],[-15.80089,14.67278],[-15.8019,14.67761],[-15.80234,14.68209],[-15.80298,14.6847],[-15.80385,14.68797],[-15.80391,14.6886],[-15.80412,14.6905],[-15.80403,14.6951],[-15.803,14.69919],[-15.80279,14.70113],[-15.80173,14.70551],[-15.80124,14.70859],[-15.80051,14.71413],[-15.80023,14.71752],[-15.79923,14.72149],[-15.79837,14.72432],[-15.79745,14.72759],[-15.79694,14.73025],[-15.79636,14.73406],[-15.79523,14.73732],[-15.79232,14.73804],[-15.78957,14.73904],[-15.78739,14.73955],[-15.78492,14.74059],[-15.78275,14.74136],[-15.78109,14.74199],[-15.77881,14.74303],[-15.77583,14.74398],[-15.77359,14.7452],[-15.77179,14.74611],[-15.77008,14.74705],[-15.7687,14.74871],[-15.76652,14.74942],[-15.76653,14.7507],[-15.76538,14.75239],[-15.7644,14.75132],[-15.74995,14.73537],[-15.73449,14.71847],[-15.71902,14.70157],[-15.6888,14.69107],[-15.67025,14.69959],[-15.66332,14.71021],[-15.65171,14.71236],[-15.64999,14.71124],[-15.63543,14.70181],[-15.62302,14.69337],[-15.61062,14.68493],[-15.5982,14.67648],[-15.58348,14.66946],[-15.56876,14.66242],[-15.55404,14.6554],[-15.53546,14.6512],[-15.51688,14.647],[-15.4983,14.64281],[-15.47971,14.63861],[-15.46222,14.62909],[-15.46152,14.63428],[-15.45788,14.66154],[-15.45424,14.6888],[-15.45061,14.71605],[-15.44966,14.72319],[-15.44685,14.74429],[-15.44682,14.7445],[-15.44646,14.74739],[-15.44561,14.75299],[-15.44457,14.75799],[-15.44401,14.76285],[-15.44331,14.76653],[-15.44292,14.7724],[-15.44261,14.77645],[-15.44186,14.7808],[-15.44154,14.78401],[-15.44126,14.78847],[-15.44057,14.79274],[-15.44025,14.79646],[-15.43884,14.80017],[-15.43871,14.80495],[-15.43812,14.80761],[-15.438,14.80991],[-15.43703,14.81256],[-15.43719,14.81532],[-15.43637,14.81752],[-15.43687,14.82066],[-15.43675,14.82281],[-15.43797,14.82388],[-15.4408,14.82469],[-15.44353,14.82522],[-15.44599,14.82574],[-15.45037,14.82789],[-15.45423,14.82912],[-15.458,14.83063],[-15.46049,14.83203],[-15.46275,14.83319],[-15.46563,14.83442],[-15.46827,14.83536],[-15.46963,14.8356],[-15.47005,14.8357],[-15.47209,14.83618],[-15.47416,14.83692],[-15.47694,14.8375],[-15.47968,14.83826],[-15.48275,14.83884],[-15.48548,14.83932],[-15.48741,14.83989],[-15.48945,14.83991],[-15.49144,14.8396],[-15.49338,14.83934],[-15.49635,14.83937],[-15.49834,14.83916],[-15.50005,14.83876],[-15.50204,14.83844],[-15.50408,14.8375],[-15.50569,14.83679],[-15.50645,14.83646],[-15.50882,14.83561],[-15.51134,14.83472],[-15.51408,14.83377],[-15.51589,14.8331],[-15.5186,14.83202],[-15.52149,14.83126],[-15.52485,14.83023],[-15.5286,14.82857],[-15.5323,14.82703],[-15.5358,14.82577],[-15.53747,14.8251],[-15.53965,14.82429],[-15.54183,14.82357],[-15.54429,14.82355],[-15.54627,14.82485],[-15.55064,14.82714],[-15.55332,14.829],[-15.55727,14.83147],[-15.5608,14.83329],[-15.564,14.83506],[-15.56757,14.83761],[-15.57086,14.83934],[-15.57467,14.84149],[-15.57834,14.84391],[-15.57952,14.84465],[-15.58252,14.84674],[-15.58563,14.84801],[-15.58754,14.84989],[-15.59197,14.85293],[-15.59475,14.85489],[-15.5972,14.85587],[-15.60011,14.85755],[-15.6019,14.85894],[-15.60402,14.85951],[-15.60742,14.86096],[-15.60887,14.86194],[-15.61099,14.86306],[-15.61322,14.86326],[-15.6158,14.86393],[-15.61959,14.86437],[-15.62289,14.86481],[-15.6261,14.86548],[-15.62827,14.86577],[-15.63171,14.86677],[-15.63328,14.86677],[-15.63611,14.86694],[-15.6389,14.8671],[-15.64183,14.86725],[-15.64448,14.86727],[-15.64675,14.86748],[-15.64948,14.86842],[-15.65198,14.86867],[-15.65549,14.86824],[-15.65757,14.86829],[-15.65978,14.86855],[-15.66186,14.86865],[-15.66343,14.86885],[-15.66593,14.86887],[-15.66763,14.86902],[-15.66967,14.8695],[-15.67335,14.87057],[-15.67345,14.8706],[-15.67373,14.87094],[-15.67596,14.87195],[-15.68279,14.8756],[-15.68804,14.8794],[-15.69604,14.88488],[-15.70129,14.88882],[-15.70623,14.89177],[-15.7141,14.89754],[-15.71729,14.89922],[-15.72254,14.90359],[-15.72588,14.90527],[-15.7317,14.90836],[-15.73607,14.91033],[-15.74407,14.91312],[-15.74858,14.91537],[-15.75251,14.91649],[-15.75586,14.91831],[-15.75876,14.91972],[-15.75886,14.91979],[-15.76149,14.92178],[-15.76554,14.92384],[-15.76832,14.92588],[-15.77095,14.92806],[-15.77259,14.93042],[-15.77309,14.9328],[-15.77378,14.93561],[-15.77395,14.93897],[-15.77478,14.94105],[-15.77609,14.94362],[-15.77753,14.94576],[-15.77894,14.9477],[-15.78087,14.94954],[-15.7825,14.95194],[-15.78399,14.95453],[-15.78611,14.95666],[-15.78788,14.95865],[-15.79051,14.95993],[-15.79175,14.96114],[-15.7948,14.96169],[-15.79946,14.96408],[-15.80151,14.9676],[-15.80326,14.96901],[-15.8056,14.97465],[-15.80723,14.98185],[-15.80555,14.98789],[-15.80559,14.99738],[-15.81778,14.99768],[-15.83288,14.99766],[-15.84799,14.99763],[-15.86309,14.99761],[-15.8782,14.99758],[-15.89294,14.99755],[-15.89319,14.99655],[-15.89524,14.99322],[-15.89725,14.99068],[-15.89865,14.98851],[-15.90019,14.98652],[-15.90193,14.98476],[-15.90367,14.98336],[-15.90579,14.98243],[-15.9083,14.98153],[-15.90853,14.98145],[-15.91135,14.98],[-15.91437,14.97901],[-15.91746,14.97825],[-15.92061,14.97748],[-15.92339,14.97696],[-15.92538,14.97667],[-15.92864,14.97646],[-15.93413,14.97595],[-15.93796,14.97546],[-15.94443,14.97476],[-15.94893,14.9744],[-15.95426,14.9739],[-15.95857,14.9734],[-15.964,14.9729],[-15.96982,14.97249],[-15.97298,14.97205],[-15.97545,14.97203],[-15.97871,14.972],[-15.98212,14.97197],[-15.98647,14.97244],[-15.98837,14.97215],[-15.98945,14.97191],[-15.99016,14.97149],[-15.99095,14.97061],[-15.99147,14.96992],[-15.99211,14.9684],[-15.99267,14.96687],[-15.99318,14.96516],[-15.99391,14.96319],[-15.99466,14.96166],[-15.99545,14.95978],[-15.99643,14.95815],[-15.99726,14.95621],[-15.99787,14.95557],[-15.99834,14.95515],[-15.99881,14.95515],[-15.99977,14.9569],[-16.005,14.95688],[-16.01343,14.95769],[-16.02491,14.95862],[-16.03959,14.95997],[-16.06968,14.96223],[-16.07594,14.96277],[-16.08565,14.96131],[-16.09436,14.95901],[-16.09492,14.95888],[-16.10133,14.95742],[-16.11048,14.95709],[-16.11629,14.95806],[-16.12565,14.96045],[-16.12764,14.96097],[-16.1384,14.96275],[-16.1573,14.96449],[-16.16224,14.96475],[-16.17153,14.96442],[-16.17706,14.96405]]]}},{"type":"Feature","properties":{"region":"fatick"},"geometry":{"type":"Polygon","coordinates":[[[-16.52543,14.60762],[-16.5241,14.60445],[-16.52114,14.59642],[-16.51979,14.58993],[-16.51875,14.5857],[-16.519,14.57976],[-16.52028,14.57552],[-16.52229,14.57198],[-16.5245,14.56799],[-16.52458,14.56787],[-16.52507,14.5669],[-16.52629,14.56447],[-16.52728,14.56065],[-16.52856,14.55795],[-16.52913,14.55499],[-16.52983,14.5523],[-16.53126,14.54946],[-16.5321,14.54451],[-16.53192,14.53957],[-16.53233,14.53547],[-16.53274,14.53165],[-16.53401,14.52698],[-16.535,14.52415],[-16.53571,14.52132],[-16.53714,14.51834],[-16.53971,14.51268],[-16.54214,14.50772],[-16.54473,14.50389],[-16.54674,14.50204],[-16.54759,14.5002],[-16.54802,14.49836],[-16.54844,14.49652],[-16.55189,14.49241],[-16.5542,14.49056],[-16.55795,14.48798],[-16.56126,14.48472],[-16.56573,14.48073],[-16.57006,14.47773],[-16.57175,14.47605],[-16.57193,14.47589],[-16.57253,14.47531],[-16.57581,14.47219],[-16.58259,14.46748],[-16.5859,14.46477],[-16.58735,14.46363],[-16.59384,14.45894],[-16.59585,14.45708],[-16.59874,14.45607],[-16.60018,14.45508],[-16.60207,14.45422],[-16.6051,14.4532],[-16.60843,14.45304],[-16.61522,14.45003],[-16.61624,14.44988],[-16.61854,14.44859],[-16.62128,14.44589],[-16.62401,14.44277],[-16.62789,14.43949],[-16.63076,14.43495],[-16.63406,14.43098],[-16.63536,14.42984],[-16.63883,14.42868],[-16.6439,14.42822],[-16.64999,14.42818],[-16.65897,14.42755],[-16.66737,14.42735],[-16.67259,14.42717],[-16.67707,14.42601],[-16.68125,14.4233],[-16.68974,14.41533],[-16.69304,14.41106],[-16.6975,14.40694],[-16.70095,14.40352],[-16.70383,14.40082],[-16.70526,14.39827],[-16.70597,14.39614],[-16.70643,14.38923],[-16.70648,14.38823],[-16.70788,14.38031],[-16.70869,14.37296],[-16.70977,14.36364],[-16.71003,14.35784],[-16.71027,14.3562],[-16.71046,14.35498],[-16.71072,14.35332],[-16.71081,14.34696],[-16.71178,14.34144],[-16.71146,14.33834],[-16.71173,14.33438],[-16.70933,14.32282],[-16.709,14.31831],[-16.70869,14.31421],[-16.70907,14.30898],[-16.71062,14.30247],[-16.71305,14.29793],[-16.71562,14.29297],[-16.71891,14.288],[-16.72008,14.2859],[-16.72077,14.28489],[-16.72234,14.28275],[-16.72564,14.27737],[-16.72923,14.27283],[-16.73238,14.26983],[-16.73712,14.26472],[-16.74028,14.26045],[-16.74271,14.25747],[-16.74558,14.25336],[-16.746,14.25151],[-16.74857,14.24697],[-16.7497,14.24316],[-16.75037,14.23679],[-16.74917,14.23101],[-16.74609,14.22581],[-16.74389,14.22089],[-16.73995,14.21752],[-16.73689,14.21457],[-16.73136,14.21194],[-16.72629,14.21056],[-16.72484,14.21099],[-16.72424,14.20705],[-16.72406,14.20281],[-16.7249,14.19828],[-16.72761,14.19318],[-16.7299,14.18934],[-16.73364,14.18735],[-16.73477,14.18395],[-16.73738,14.18421],[-16.74085,14.18391],[-16.7433,14.18247],[-16.74371,14.18134],[-16.745,14.1778],[-16.74903,14.17424],[-16.75293,14.17294],[-16.7574,14.17121],[-16.75985,14.16879],[-16.76415,14.16494],[-16.76456,14.16212],[-16.76367,14.15916],[-16.76163,14.15649],[-16.75623,14.15046],[-16.75433,14.14722],[-16.754,14.1437],[-16.75544,14.14143],[-16.75833,14.14154],[-16.76081,14.14308],[-16.76326,14.14293],[-16.76571,14.14149],[-16.76932,14.13991],[-16.7722,14.13905],[-16.77568,14.13944],[-16.77756,14.14014],[-16.77845,14.14252],[-16.78062,14.14293],[-16.78308,14.14207],[-16.78582,14.14035],[-16.7894,14.13637],[-16.79127,14.13368],[-16.79255,14.13127],[-16.79308,14.12547],[-16.79147,14.12252],[-16.78782,14.11901],[-16.78332,14.11636],[-16.7807,14.11426],[-16.77894,14.11174],[-16.77516,14.10993],[-16.77081,14.10812],[-16.76805,14.10701],[-16.76789,14.10462],[-16.76874,14.10235],[-16.76857,14.09924],[-16.76465,14.09716],[-16.76188,14.09463],[-16.75911,14.09183],[-16.75764,14.0893],[-16.75589,14.08606],[-16.75382,14.08057],[-16.7538,14.07788],[-16.75406,14.07463],[-16.75316,14.06941],[-16.75458,14.06686],[-16.75733,14.06684],[-16.76342,14.06821],[-16.76558,14.06819],[-16.7683,14.06394],[-16.77002,14.06082],[-16.77231,14.05755],[-16.77374,14.05613],[-16.77703,14.05389],[-16.77637,14.04978],[-16.77565,14.04486],[-16.77539,14.04307],[-16.77528,14.03807],[-16.77135,14.00971],[-16.77105,14.00046],[-16.77104,14.00038],[-16.77035,13.99394],[-16.76929,13.99005],[-16.76949,13.98645],[-16.76942,13.98346],[-16.76907,13.97993],[-16.76848,13.97703],[-16.76869,13.97275],[-16.76852,13.96843],[-16.76807,13.96453],[-16.76795,13.96058],[-16.76753,13.95543],[-16.76778,13.95056],[-16.76813,13.94651],[-16.76753,13.94017],[-16.76768,13.93525],[-16.76752,13.92597],[-16.76731,13.92188],[-16.76753,13.91907],[-16.76767,13.91383],[-16.76618,13.90947],[-16.76578,13.89834],[-16.76615,13.89779],[-16.76624,13.89701],[-16.76661,13.89646],[-16.76598,13.89371],[-16.76568,13.8914],[-16.76529,13.88938],[-16.765,13.88143],[-16.76535,13.87803],[-16.76614,13.8753],[-16.76621,13.87217],[-16.76619,13.86951],[-16.76504,13.86767],[-16.76474,13.86404],[-16.76435,13.8617],[-16.76376,13.85748],[-16.76387,13.85468],[-16.76317,13.85422],[-16.76298,13.85403],[-16.7624,13.85165],[-16.76181,13.84788],[-16.7616,13.84457],[-16.76162,13.84214],[-16.76198,13.83965],[-16.76206,13.8373],[-16.7612,13.83542],[-16.76035,13.83492],[-16.75931,13.8347],[-16.753,13.83479],[-16.73324,13.83507],[-16.73289,13.83435],[-16.73236,13.83192],[-16.73168,13.82912],[-16.73181,13.82797],[-16.73057,13.82604],[-16.72957,13.82444],[-16.72862,13.82205],[-16.72743,13.81972],[-16.72553,13.81766],[-16.72434,13.81675],[-16.72339,13.815],[-16.72225,13.81313],[-16.72144,13.81185],[-16.71931,13.81043],[-16.71733,13.80948],[-16.71567,13.80843],[-16.71429,13.8072],[-16.71259,13.8061],[-16.71089,13.80478],[-16.70956,13.8041],[-16.7082,13.8031],[-16.70772,13.80232],[-16.7063,13.80122],[-16.70539,13.79985],[-16.70463,13.79852],[-16.70358,13.79664],[-16.70287,13.79499],[-16.70191,13.79306],[-16.70133,13.79137],[-16.7009,13.78999],[-16.70023,13.78838],[-16.69923,13.78668],[-16.6986,13.78453],[-16.69793,13.7827],[-16.69736,13.7815],[-16.6967,13.7804],[-16.6957,13.77907],[-16.69442,13.77816],[-16.69352,13.77771],[-16.6923,13.77702],[-16.69079,13.77703],[-16.68937,13.77672],[-16.67042,13.76352],[-16.65177,13.75051],[-16.65148,13.75031],[-16.65113,13.75006],[-16.65086,13.74987],[-16.63255,13.7371],[-16.63269,13.7364],[-16.63259,13.73562],[-16.63166,13.73337],[-16.63072,13.73177],[-16.62992,13.73066],[-16.62818,13.73034],[-16.62801,13.72751],[-16.62883,13.72752],[-16.63108,13.72707],[-16.63241,13.72639],[-16.63323,13.7256],[-16.63438,13.72451],[-16.63566,13.72121],[-16.63735,13.71484],[-16.63868,13.7102],[-16.639,13.70905],[-16.63882,13.70804],[-16.63755,13.70299],[-16.63522,13.69684],[-16.63264,13.69063],[-16.63222,13.68851],[-16.6311,13.6865],[-16.62613,13.67767],[-16.62336,13.67234],[-16.62242,13.66967],[-16.62168,13.66756],[-16.62031,13.66544],[-16.61971,13.66324],[-16.6191,13.66058],[-16.61798,13.65777],[-16.61662,13.65589],[-16.61614,13.65565],[-16.61558,13.65561],[-16.61248,13.65276],[-16.61164,13.65138],[-16.61041,13.65055],[-16.60811,13.64912],[-16.60549,13.64742],[-16.60384,13.64617],[-16.60181,13.64561],[-16.59885,13.64478],[-16.59655,13.64381],[-16.5949,13.64294],[-16.59415,13.64234],[-16.59382,13.64234],[-16.5933,13.64261],[-16.58695,13.63568],[-16.58705,13.63531],[-16.58682,13.63508],[-16.58488,13.63452],[-16.58202,13.63365],[-16.58084,13.63327],[-16.57934,13.63235],[-16.57746,13.63023],[-16.57869,13.6271],[-16.57883,13.62707],[-16.57832,13.62591],[-16.57814,13.62421],[-16.57785,13.62315],[-16.57682,13.62214],[-16.57611,13.62287],[-16.57518,13.62201],[-16.57339,13.62147],[-16.57239,13.61954],[-16.57107,13.61849],[-16.56922,13.61657],[-16.56808,13.61533],[-16.56723,13.6135],[-16.56637,13.61226],[-16.5649,13.61057],[-16.56414,13.60965],[-16.56328,13.60836],[-16.5621,13.60681],[-16.56166,13.60498],[-16.56128,13.60318],[-16.56117,13.60129],[-16.56055,13.60001],[-16.56027,13.6001],[-16.55778,13.60012],[-16.55628,13.60073],[-16.55454,13.60101],[-16.55322,13.60185],[-16.55242,13.6024],[-16.55186,13.603],[-16.55069,13.60361],[-16.54947,13.60444],[-16.54742,13.60268],[-16.54823,13.60169],[-16.54851,13.60026],[-16.54855,13.59869],[-16.54853,13.59671],[-16.54843,13.59524],[-16.54846,13.5937],[-16.54678,13.59374],[-16.54601,13.59377],[-16.51902,13.59371],[-16.51817,13.59371],[-16.51535,13.59365],[-16.51326,13.59369],[-16.50791,13.59339],[-16.51386,13.61031],[-16.46965,13.59449],[-16.46151,13.59357],[-16.43229,13.59355],[-16.40352,13.59332],[-16.37472,13.59356],[-16.34588,13.59356],[-16.31734,13.5938],[-16.28779,13.59393],[-16.25913,13.59416],[-16.23047,13.59393],[-16.20773,13.59392],[-16.20139,13.59391],[-16.17242,13.59368],[-16.14381,13.59414],[-16.11416,13.59371],[-16.09469,13.59345],[-16.09176,13.59351],[-16.08997,13.59347],[-16.08913,13.59437],[-16.08791,13.59475],[-16.08675,13.59701],[-16.08573,13.59945],[-16.08559,13.60212],[-16.08654,13.60447],[-16.0867,13.60561],[-16.08731,13.60717],[-16.0885,13.60869],[-16.09006,13.61015],[-16.09175,13.61195],[-16.09369,13.61327],[-16.09511,13.61336],[-16.09628,13.61303],[-16.09703,13.6128],[-16.09891,13.6115],[-16.09951,13.61026],[-16.1004,13.60902],[-16.10218,13.60771],[-16.10298,13.60707],[-16.10392,13.60781],[-16.1044,13.60909],[-16.10497,13.61051],[-16.10503,13.61249],[-16.10612,13.61456],[-16.108,13.61589],[-16.11027,13.61707],[-16.11197,13.61819],[-16.11396,13.61955],[-16.11471,13.62098],[-16.1151,13.62245],[-16.11341,13.62406],[-16.11205,13.62522],[-16.11064,13.62619],[-16.109,13.62757],[-16.10783,13.62901],[-16.10751,13.62993],[-16.10662,13.63122],[-16.10602,13.63256],[-16.10532,13.63403],[-16.10448,13.63569],[-16.10439,13.6372],[-16.10449,13.63827],[-16.10478,13.63951],[-16.10601,13.64065],[-16.10746,13.64092],[-16.10893,13.64092],[-16.11057,13.64064],[-16.11194,13.64044],[-16.11354,13.6403],[-16.11518,13.63952],[-16.1154,13.63868],[-16.11569,13.63813],[-16.11559,13.6368],[-16.11591,13.6351],[-16.11614,13.63335],[-16.1165,13.63224],[-16.1173,13.63104],[-16.11923,13.62952],[-16.12125,13.62992],[-16.12318,13.63079],[-16.12291,13.63245],[-16.12315,13.63434],[-16.12297,13.63581],[-16.12434,13.63732],[-16.12524,13.6387],[-16.1277,13.63993],[-16.12939,13.64025],[-16.13094,13.64015],[-16.13353,13.64023],[-16.13564,13.63967],[-16.13814,13.64013],[-16.13927,13.64094],[-16.1405,13.64256],[-16.13952,13.64389],[-16.13844,13.64495],[-16.13694,13.64652],[-16.13653,13.648],[-16.13691,13.64961],[-16.13759,13.65167],[-16.1383,13.65355],[-16.13878,13.65511],[-16.13991,13.65658],[-16.14113,13.65681],[-16.14232,13.65634],[-16.14423,13.65547],[-16.14448,13.65624],[-16.14537,13.65675],[-16.14656,13.65799],[-16.14808,13.66028],[-16.1493,13.66175],[-16.15052,13.66202],[-16.15213,13.66293],[-16.15289,13.66449],[-16.15333,13.66643],[-16.15328,13.6678],[-16.15428,13.6696],[-16.15471,13.67157],[-16.15524,13.67309],[-16.15656,13.67391],[-16.15672,13.67768],[-16.15696,13.67915],[-16.15668,13.68071],[-16.15702,13.68269],[-16.15768,13.68361],[-16.15854,13.68516],[-16.15868,13.68516],[-16.15944,13.68613],[-16.15983,13.68769],[-16.15988,13.68898],[-16.15994,13.69026],[-16.1599,13.69137],[-16.16009,13.69298],[-16.16061,13.6939],[-16.16086,13.69564],[-16.16096,13.69693],[-16.16111,13.699],[-16.16078,13.69951],[-16.16055,13.70029],[-16.16033,13.70176],[-16.16085,13.70277],[-16.1609,13.7041],[-16.161,13.70575],[-16.16091,13.70645],[-16.16139,13.70709],[-16.16167,13.70837],[-16.16116,13.71054],[-16.16117,13.71178],[-16.16131,13.71256],[-16.16156,13.7143],[-16.16204,13.71578],[-16.16172,13.71822],[-16.16206,13.71959],[-16.1622,13.72111],[-16.16183,13.72221],[-16.16189,13.72269],[-16.16198,13.72313],[-16.16245,13.72355],[-16.16194,13.72576],[-16.16228,13.7269],[-16.16228,13.72709],[-16.16229,13.72811],[-16.16233,13.72866],[-16.16244,13.7311],[-16.16274,13.7333],[-16.16317,13.73591],[-16.16398,13.73739],[-16.16431,13.73766],[-16.16432,13.73891],[-16.16432,13.73992],[-16.16424,13.74171],[-16.16439,13.74332],[-16.16439,13.74415],[-16.16454,13.74566],[-16.16483,13.74631],[-16.16517,13.74819],[-16.16541,13.74938],[-16.16527,13.74962],[-16.16508,13.75068],[-16.16518,13.75136],[-16.16632,13.75237],[-16.16726,13.75283],[-16.16887,13.75328],[-16.16972,13.75314],[-16.17024,13.75391],[-16.1717,13.754],[-16.17377,13.75482],[-16.17514,13.75486],[-16.17632,13.75512],[-16.17727,13.756],[-16.17783,13.75599],[-16.18028,13.7564],[-16.18094,13.7563],[-16.18227,13.75671],[-16.1842,13.75698],[-16.18576,13.75734],[-16.18713,13.75774],[-16.18882,13.75838],[-16.19057,13.7586],[-16.19193,13.75928],[-16.19349,13.75891],[-16.19501,13.75959],[-16.19684,13.76068],[-16.19817,13.76072],[-16.19949,13.761],[-16.20057,13.76099],[-16.20184,13.76167],[-16.20303,13.76235],[-16.20317,13.76295],[-16.20525,13.76414],[-16.20629,13.76459],[-16.20742,13.76523],[-16.20852,13.76629],[-16.20979,13.76743],[-16.2105,13.7682],[-16.21239,13.7699],[-16.21338,13.77045],[-16.21665,13.77337],[-16.21731,13.77396],[-16.2184,13.77447],[-16.22086,13.77698],[-16.22367,13.78051],[-16.22546,13.78225],[-16.22679,13.78344],[-16.22864,13.78568],[-16.23021,13.78779],[-16.23143,13.78806],[-16.23318,13.78911],[-16.23479,13.7902],[-16.23639,13.79143],[-16.24235,13.79499],[-16.24614,13.79741],[-16.24582,13.79921],[-16.24518,13.80256],[-16.24393,13.80901],[-16.24352,13.81091],[-16.24322,13.8134],[-16.24326,13.81628],[-16.24349,13.82082],[-16.24493,13.82845],[-16.24603,13.83124],[-16.24652,13.83364],[-16.24808,13.83606],[-16.24956,13.83955],[-16.25038,13.84332],[-16.25086,13.8452],[-16.25158,13.84777],[-16.25018,13.84852],[-16.24843,13.84936],[-16.24335,13.8509],[-16.23568,13.85469],[-16.22309,13.86042],[-16.20822,13.86676],[-16.19614,13.87311],[-16.19585,13.87339],[-16.1944,13.87478],[-16.1929,13.87667],[-16.19131,13.8793],[-16.1908,13.88027],[-16.1902,13.8822],[-16.19091,13.8833],[-16.1921,13.88638],[-16.19297,13.88844],[-16.19435,13.89133],[-16.19521,13.89358],[-16.19587,13.8963],[-16.19613,13.89734],[-16.19685,13.89978],[-16.19738,13.90244],[-16.19744,13.90483],[-16.19769,13.90855],[-16.19852,13.9126],[-16.19866,13.91591],[-16.19855,13.91959],[-16.19947,13.92326],[-16.19906,13.92556],[-16.19991,13.92813],[-16.20059,13.93093],[-16.20093,13.93438],[-16.20104,13.93759],[-16.20148,13.94058],[-16.20154,13.94279],[-16.20184,13.94467],[-16.20176,13.94733],[-16.20257,13.94936],[-16.20215,13.9511],[-16.20386,13.95321],[-16.20519,13.95495],[-16.20628,13.95734],[-16.20829,13.9599],[-16.20928,13.96119],[-16.20882,13.96331],[-16.20793,13.96492],[-16.20613,13.96585],[-16.20422,13.96793],[-16.20474,13.96908],[-16.20569,13.97059],[-16.20669,13.97214],[-16.20722,13.9743],[-16.20747,13.97573],[-16.20744,13.9777],[-16.20734,13.97935],[-16.20683,13.98028],[-16.20637,13.9824],[-16.20553,13.98387],[-16.20539,13.98461],[-16.20658,13.98626],[-16.20918,13.98794],[-16.21108,13.98964],[-16.21208,13.99092],[-16.22866,13.99622],[-16.23135,13.99808],[-16.23348,13.99844],[-16.23617,13.99828],[-16.24179,13.99989],[-16.24253,14.00091],[-16.24328,14.00142],[-16.24459,14.00235],[-16.24609,14.00315],[-16.24707,14.00454],[-16.24834,14.00556],[-16.2495,14.00705],[-16.251,14.00813],[-16.25246,14.00915],[-16.25456,14.01101],[-16.25629,14.01231],[-16.25745,14.01366],[-16.25984,14.01594],[-16.2612,14.01766],[-16.26278,14.01914],[-16.2639,14.02109],[-16.26473,14.02228],[-16.26561,14.0245],[-16.26545,14.02694],[-16.26552,14.02851],[-16.26561,14.0303],[-16.26551,14.03168],[-16.26489,14.03245],[-16.26346,14.03441],[-16.26203,14.03569],[-16.26028,14.03719],[-16.25923,14.03838],[-16.25766,14.03983],[-16.2561,14.04064],[-16.25501,14.04132],[-16.25302,14.04209],[-16.25156,14.0429],[-16.24938,14.04402],[-16.24785,14.04576],[-16.24501,14.04693],[-16.24297,14.04842],[-16.24038,14.04922],[-16.23876,14.05054],[-16.23738,14.05095],[-16.23554,14.05208],[-16.23473,14.05326],[-16.23388,14.05435],[-16.23253,14.05613],[-16.23157,14.05824],[-16.23029,14.0602],[-16.22984,14.06204],[-16.22873,14.0641],[-16.22873,14.06621],[-16.22903,14.06925],[-16.22882,14.07155],[-16.2288,14.07372],[-16.22902,14.07491],[-16.22929,14.07694],[-16.22946,14.07975],[-16.22934,14.08154],[-16.22981,14.0832],[-16.2293,14.08605],[-16.22952,14.08881],[-16.2303,14.09176],[-16.23028,14.09452],[-16.23027,14.09599],[-16.23043,14.09784],[-16.23055,14.10059],[-16.23139,14.10286],[-16.23164,14.10539],[-16.23196,14.10741],[-16.23255,14.10953],[-16.23361,14.11258],[-16.23482,14.11466],[-16.23698,14.11588],[-16.23829,14.11695],[-16.24012,14.11816],[-16.24185,14.11924],[-16.24297,14.12058],[-16.24499,14.12221],[-16.24738,14.12321],[-16.24958,14.1247],[-16.25108,14.12582],[-16.25229,14.12716],[-16.25317,14.12896],[-16.25533,14.13091],[-16.25828,14.13297],[-16.25982,14.13473],[-16.26146,14.13557],[-16.26301,14.1371],[-16.26545,14.13888],[-16.26751,14.14],[-16.27004,14.14048],[-16.27165,14.14123],[-16.27372,14.14218],[-16.27508,14.14279],[-16.2763,14.14335],[-16.27846,14.14373],[-16.27926,14.14476],[-16.27948,14.14573],[-16.27952,14.14602],[-16.27971,14.14721],[-16.27971,14.14725],[-16.28081,14.14734],[-16.28094,14.14735],[-16.28216,14.14745],[-16.28503,14.14808],[-16.28804,14.14944],[-16.28949,14.15033],[-16.29127,14.15159],[-16.293,14.15303],[-16.2952,14.1553],[-16.29679,14.15693],[-16.2989,14.15851],[-16.3004,14.15986],[-16.30256,14.1608],[-16.30453,14.16169],[-16.30741,14.16213],[-16.31009,14.16225],[-16.3124,14.16241],[-16.31532,14.16262],[-16.31867,14.16293],[-16.32238,14.16338],[-16.32511,14.16409],[-16.32826,14.16463],[-16.33015,14.16501],[-16.33426,14.16372],[-16.33601,14.163],[-16.33871,14.16202],[-16.34141,14.16107],[-16.34291,14.16008],[-16.34609,14.15924],[-16.34826,14.15797],[-16.35016,14.15739],[-16.35233,14.15704],[-16.35431,14.1571],[-16.35609,14.15699],[-16.35672,14.15695],[-16.35775,14.15686],[-16.35935,14.15715],[-16.36171,14.15777],[-16.36366,14.15843],[-16.36589,14.15859],[-16.36806,14.15898],[-16.37027,14.15872],[-16.3731,14.15848],[-16.37412,14.15829],[-16.37594,14.15795],[-16.37758,14.15774],[-16.37938,14.15665],[-16.38114,14.15487],[-16.38146,14.15529],[-16.38487,14.15982],[-16.38735,14.16173],[-16.38818,14.16404],[-16.38191,14.16403],[-16.37772,14.16519],[-16.37652,14.16609],[-16.37734,14.1695],[-16.37741,14.17318],[-16.3745,14.17251],[-16.37229,14.17074],[-16.37069,14.17142],[-16.36945,14.17315],[-16.36979,14.17747],[-16.36678,14.17704],[-16.36471,14.17513],[-16.36363,14.17499],[-16.36115,14.17367],[-16.35916,14.17448],[-16.35878,14.17539],[-16.3606,14.17697],[-16.36083,14.17827],[-16.36144,14.1786],[-16.36352,14.17797],[-16.36454,14.17959],[-16.36679,14.18136],[-16.36838,14.18399],[-16.36793,14.18583],[-16.36368,14.18657],[-16.36174,14.18743],[-16.36164,14.1888],[-16.3625,14.19217],[-16.36597,14.20125],[-16.36765,14.20339],[-16.36853,14.20547],[-16.36871,14.20671],[-16.36732,14.20904],[-16.36673,14.21226],[-16.36748,14.21865],[-16.36712,14.22186],[-16.36808,14.22602],[-16.36784,14.22725],[-16.36585,14.22774],[-16.36254,14.22229],[-16.36127,14.22213],[-16.35939,14.22211],[-16.35679,14.22301],[-16.35584,14.22374],[-16.35446,14.22598],[-16.35341,14.22657],[-16.35295,14.22486],[-16.3531,14.22321],[-16.35198,14.22324],[-16.34975,14.2246],[-16.34946,14.22556],[-16.35151,14.22775],[-16.35032,14.23008],[-16.35055,14.23077],[-16.34977,14.23296],[-16.35067,14.23366],[-16.35335,14.23374],[-16.354,14.23526],[-16.3583,14.24031],[-16.35485,14.24138],[-16.35295,14.24288],[-16.35485,14.24777],[-16.35396,14.25227],[-16.35189,14.25698],[-16.35023,14.25821],[-16.34499,14.25949],[-16.34167,14.26167],[-16.33087,14.26667],[-16.32307,14.26907],[-16.32152,14.26865],[-16.31958,14.26918],[-16.31222,14.27536],[-16.30796,14.27766],[-16.30355,14.28075],[-16.29808,14.28617],[-16.29674,14.28808],[-16.29484,14.28926],[-16.29033,14.29345],[-16.2872,14.29727],[-16.2848,14.3002],[-16.28355,14.30208],[-16.28307,14.30368],[-16.27974,14.30765],[-16.27798,14.30864],[-16.27356,14.31273],[-16.27009,14.31523],[-16.26934,14.31536],[-16.26572,14.31864],[-16.26205,14.32353],[-16.26109,14.32622],[-16.25814,14.3296],[-16.25732,14.3312],[-16.25561,14.33274],[-16.24987,14.33633],[-16.24425,14.3387],[-16.24234,14.33951],[-16.23488,14.33981],[-16.23035,14.34046],[-16.21906,14.34081],[-16.20989,14.34246],[-16.20436,14.34462],[-16.2026,14.3457],[-16.19489,14.34778],[-16.18442,14.35178],[-16.17757,14.35318],[-16.17587,14.35413],[-16.16346,14.35805],[-16.16059,14.35825],[-16.15088,14.36247],[-16.14675,14.36368],[-16.13785,14.36782],[-16.12877,14.36998],[-16.12537,14.37017],[-16.12202,14.3694],[-16.11019,14.36859],[-16.10151,14.3663],[-16.09052,14.36525],[-16.09026,14.36525],[-16.08698,14.36527],[-16.08099,14.36658],[-16.07704,14.36688],[-16.07133,14.36719],[-16.06416,14.36694],[-16.06021,14.36625],[-16.05274,14.36428],[-16.04181,14.3746],[-16.03786,14.37533],[-16.03173,14.3775],[-16.02281,14.37996],[-16.02164,14.38054],[-16.01902,14.38226],[-16.01464,14.38413],[-16.00982,14.38701],[-16.0034,14.3916],[-15.99902,14.3939],[-15.99798,14.3892],[-15.99666,14.38934],[-15.99359,14.38936],[-15.98685,14.38882],[-15.98246,14.38812],[-15.97734,14.38814],[-15.97368,14.38816],[-15.97134,14.38774],[-15.96017,14.3843],[-15.95991,14.38422],[-15.95963,14.38413],[-15.95862,14.38383],[-15.95835,14.38422],[-15.95761,14.38497],[-15.953,14.38962],[-15.9514,14.391],[-15.95145,14.39172],[-15.94914,14.39399],[-15.94694,14.39557],[-15.94347,14.397],[-15.94076,14.39756],[-15.93772,14.39785],[-15.93347,14.39675],[-15.92985,14.39578],[-15.92753,14.39438],[-15.92553,14.39322],[-15.9252,14.39303],[-15.92518,14.39301],[-15.92363,14.39197],[-15.92218,14.39085],[-15.92058,14.39001],[-15.91854,14.38875],[-15.91738,14.38733],[-15.9152,14.38565],[-15.91316,14.38354],[-15.91011,14.38115],[-15.90822,14.38003],[-15.90544,14.37949],[-15.90417,14.37919],[-15.90054,14.37949],[-15.89732,14.37924],[-15.89356,14.37897],[-15.8908,14.37898],[-15.88836,14.37897],[-15.88431,14.37899],[-15.88181,14.37915],[-15.8782,14.37889],[-15.87384,14.37805],[-15.86964,14.37821],[-15.86138,14.37824],[-15.85602,14.37812],[-15.85298,14.37785],[-15.84964,14.37786],[-15.84587,14.3783],[-15.83935,14.37762],[-15.8353,14.37777],[-15.83051,14.37737],[-15.8266,14.37752],[-15.82283,14.3771],[-15.81819,14.37698],[-15.81312,14.377],[-15.8082,14.3773],[-15.80338,14.37688],[-15.80282,14.37683],[-15.80301,14.38233],[-15.80229,14.38431],[-15.80128,14.38651],[-15.80055,14.38995],[-15.79915,14.39302],[-15.798,14.39738],[-15.79655,14.40173],[-15.79487,14.40572],[-15.79251,14.41136],[-15.79111,14.41612],[-15.78971,14.41929],[-15.78927,14.42167],[-15.78887,14.42471],[-15.78805,14.42723],[-15.786,14.42965],[-15.7831,14.43207],[-15.78087,14.43445],[-15.77697,14.43763],[-15.77354,14.44115],[-15.77159,14.44385],[-15.76783,14.44709],[-15.76503,14.45001],[-15.76237,14.45252],[-15.75989,14.45424],[-15.7579,14.45644],[-15.75348,14.46045],[-15.75033,14.46351],[-15.74791,14.46629],[-15.74552,14.46862],[-15.74381,14.47022],[-15.74238,14.47204],[-15.74191,14.47268],[-15.73949,14.47409],[-15.73758,14.47642],[-15.73586,14.47972],[-15.73498,14.48242],[-15.73289,14.48484],[-15.73084,14.4874],[-15.72926,14.48996],[-15.72726,14.49238],[-15.72535,14.49462],[-15.72316,14.49663],[-15.72117,14.49812],[-15.71909,14.49783],[-15.71725,14.49768],[-15.71495,14.49716],[-15.71221,14.49663],[-15.70906,14.49555],[-15.70628,14.49397],[-15.70427,14.49267],[-15.70187,14.49053],[-15.70057,14.48896],[-15.69832,14.48683],[-15.69634,14.48511],[-15.69452,14.48317],[-15.69341,14.4809],[-15.69172,14.47924],[-15.69141,14.47775],[-15.6914,14.47767],[-15.69033,14.47624],[-15.68745,14.47654],[-15.68456,14.47698],[-15.68129,14.47861],[-15.6777,14.47986],[-15.67462,14.48127],[-15.67206,14.48189],[-15.66919,14.48228],[-15.66603,14.48157],[-15.66301,14.48086],[-15.6607,14.48065],[-15.65754,14.47989],[-15.65485,14.47941],[-15.65141,14.47897],[-15.64896,14.47918],[-15.6457,14.47929],[-15.64347,14.48038],[-15.64158,14.48128],[-15.6392,14.48273],[-15.63876,14.48406],[-15.63894,14.48604],[-15.63906,14.48793],[-15.64027,14.49005],[-15.64186,14.49232],[-15.64633,14.494],[-15.65099,14.49583],[-15.6557,14.4972],[-15.65866,14.49879],[-15.661,14.50092],[-15.66145,14.5035],[-15.66185,14.50635],[-15.66065,14.50869],[-15.65923,14.5102],[-15.65761,14.51142],[-15.65506,14.51237],[-15.65204,14.51297],[-15.65155,14.51307],[-15.64777,14.5142],[-15.64407,14.51559],[-15.64043,14.51685],[-15.63749,14.51798],[-15.63417,14.51969],[-15.60661,14.52971],[-15.57905,14.53974],[-15.55149,14.54975],[-15.52392,14.55976],[-15.49636,14.56976],[-15.46879,14.57977],[-15.46845,14.58221],[-15.46515,14.60702],[-15.46222,14.62909],[-15.47971,14.63861],[-15.4983,14.64281],[-15.51688,14.647],[-15.53546,14.6512],[-15.55404,14.6554],[-15.56876,14.66242],[-15.58348,14.66946],[-15.5982,14.67648],[-15.61062,14.68493],[-15.62302,14.69337],[-15.63543,14.70181],[-15.64999,14.71124],[-15.65171,14.71236],[-15.66332,14.71021],[-15.67025,14.69959],[-15.6888,14.69107],[-15.71902,14.70157],[-15.73449,14.71847],[-15.74995,14.73537],[-15.7644,14.75132],[-15.76538,14.75239],[-15.76653,14.7507],[-15.76652,14.74942],[-15.7687,14.74871],[-15.77008,14.74705],[-15.77179,14.74611],[-15.77359,14.7452],[-15.77583,14.74398],[-15.77881,14.74303],[-15.78109,14.74199],[-15.78275,14.74136],[-15.78492,14.74059],[-15.78739,14.73955],[-15.78957,14.73904],[-15.79232,14.73804],[-15.79523,14.73732],[-15.79636,14.73406],[-15.79694,14.73025],[-15.79745,14.72759],[-15.79837,14.72432],[-15.79923,14.72149],[-15.80023,14.71752],[-15.80051,14.71413],[-15.80124,14.70859],[-15.80173,14.70551],[-15.80279,14.70113],[-15.803,14.69919],[-15.80403,14.6951],[-15.80412,14.6905],[-15.80391,14.6886],[-15.80385,14.68797],[-15.80298,14.6847],[-15.80234,14.68209],[-15.8019,14.67761],[-15.80089,14.67278],[-15.80025,14.67057],[-15.79999,14.66735],[-15.79955,14.66312],[-15.7992,14.65977],[-15.79867,14.65567],[-15.7979,14.65075],[-15.79684,14.64647],[-15.79646,14.64228],[-15.79595,14.63952],[-15.79588,14.63579],[-15.79534,14.63244],[-15.79574,14.62992],[-15.79648,14.62578],[-15.79669,14.62298],[-15.79676,14.62101],[-15.79768,14.61775],[-15.79807,14.6149],[-15.79952,14.61192],[-15.8011,14.6089],[-15.80173,14.60629],[-15.8028,14.60382],[-15.80317,14.60294],[-15.80442,14.60084],[-15.80524,14.59776],[-15.80612,14.596],[-15.80657,14.59538],[-15.80785,14.5936],[-15.80915,14.59063],[-15.81008,14.58851],[-15.81233,14.58694],[-15.8142,14.58524],[-15.81622,14.58284],[-15.81882,14.57943],[-15.82142,14.57816],[-15.82388,14.57645],[-15.82663,14.57475],[-15.82967,14.57276],[-15.83299,14.57035],[-15.83487,14.56822],[-15.83704,14.56652],[-15.83771,14.56495],[-15.84022,14.56383],[-15.84216,14.56131],[-15.84557,14.55957],[-15.84738,14.55786],[-15.85027,14.55616],[-15.8536,14.55417],[-15.8562,14.55246],[-15.85924,14.55104],[-15.86257,14.54947],[-15.86547,14.54833],[-15.86894,14.54634],[-15.8717,14.54562],[-15.87487,14.54434],[-15.87705,14.54391],[-15.88067,14.54262],[-15.88502,14.54147],[-15.88843,14.54048],[-15.89234,14.54018],[-15.89654,14.53861],[-15.89915,14.53846],[-15.90364,14.53745],[-15.90828,14.53673],[-15.91555,14.53607],[-15.91579,14.53605],[-15.91639,14.53599],[-15.91799,14.5357],[-15.9222,14.53596],[-15.92509,14.53482],[-15.92857,14.53439],[-15.93104,14.53339],[-15.93306,14.53267],[-15.93581,14.53196],[-15.93973,14.53222],[-15.94379,14.5315],[-15.94538,14.53064],[-15.94799,14.53091],[-15.95147,14.53076],[-15.95423,14.53075],[-15.958,14.53187],[-15.96192,14.5327],[-15.96554,14.53212],[-15.96829,14.53168],[-15.97032,14.53082],[-15.97307,14.5294],[-15.97626,14.52783],[-15.9803,14.52513],[-15.98305,14.52371],[-15.98667,14.52115],[-15.98898,14.52016],[-15.99115,14.51902],[-15.99405,14.51759],[-15.99694,14.51616],[-15.99774,14.51505],[-15.9985,14.51478],[-15.99982,14.51447],[-15.99997,14.5144],[-15.99997,14.53429],[-15.99997,14.53469],[-16.00024,14.53512],[-16.0014,14.53554],[-16.00953,14.53677],[-16.0162,14.53801],[-16.02143,14.53898],[-16.0294,14.53979],[-16.03637,14.54103],[-16.04007,14.54128],[-16.04421,14.54156],[-16.05393,14.54222],[-16.05731,14.54251],[-16.06176,14.5429],[-16.07221,14.54369],[-16.08235,14.5445],[-16.09484,14.54599],[-16.09676,14.54624],[-16.10877,14.54776],[-16.12298,14.5484],[-16.13096,14.54751],[-16.14255,14.54732],[-16.14865,14.548],[-16.14907,14.54811],[-16.15329,14.54925],[-16.16042,14.55444],[-16.16551,14.55738],[-16.16987,14.55834],[-16.17277,14.55861],[-16.17989,14.56098],[-16.187,14.56306],[-16.19326,14.56613],[-16.19909,14.57162],[-16.20171,14.57231],[-16.21156,14.57226],[-16.21984,14.57264],[-16.22761,14.57335],[-16.22854,14.57344],[-16.24118,14.57705],[-16.2464,14.57744],[-16.25553,14.57753],[-16.26192,14.57778],[-16.26642,14.57875],[-16.27077,14.57928],[-16.27397,14.57913],[-16.28092,14.57824],[-16.28512,14.57724],[-16.29472,14.57639],[-16.29492,14.57637],[-16.29541,14.57633],[-16.30265,14.57572],[-16.30889,14.57527],[-16.31657,14.57381],[-16.32279,14.57222],[-16.32714,14.57206],[-16.33338,14.5716],[-16.33904,14.57325],[-16.34372,14.5793],[-16.34606,14.58197],[-16.34985,14.58689],[-16.35322,14.5921],[-16.35688,14.59802],[-16.36069,14.60421],[-16.36127,14.60424],[-16.36301,14.60434],[-16.37099,14.6033],[-16.3762,14.60256],[-16.38287,14.60139],[-16.39374,14.60062],[-16.39867,14.60017],[-16.40896,14.5994],[-16.41984,14.59961],[-16.42694,14.59929],[-16.43114,14.59799],[-16.4335,14.59738],[-16.4378,14.59626],[-16.44345,14.59594],[-16.45186,14.5956],[-16.46071,14.59682],[-16.47029,14.59704],[-16.47594,14.59588],[-16.48172,14.5933],[-16.48651,14.59284],[-16.49001,14.59536],[-16.4951,14.59943],[-16.50136,14.60306],[-16.50718,14.60543],[-16.51371,14.60679],[-16.51503,14.60707],[-16.52344,14.60757],[-16.52543,14.60762]]]}},{"type":"Feature","properties":{"region":"kaffrine"},"geometry":{"type":"Polygon","coordinates":[[[-15.46222,14.62909],[-15.46515,14.60702],[-15.46845,14.58221],[-15.46879,14.57977],[-15.49636,14.56976],[-15.52392,14.55976],[-15.55149,14.54975],[-15.57905,14.53974],[-15.60661,14.52971],[-15.63417,14.51969],[-15.63749,14.51798],[-15.64043,14.51685],[-15.64407,14.51559],[-15.64777,14.5142],[-15.65155,14.51307],[-15.65204,14.51297],[-15.65506,14.51237],[-15.65761,14.51142],[-15.65923,14.5102],[-15.66065,14.50869],[-15.66185,14.50635],[-15.66145,14.5035],[-15.661,14.50092],[-15.65866,14.49879],[-15.6557,14.4972],[-15.65099,14.49583],[-15.64633,14.494],[-15.64186,14.49232],[-15.64027,14.49005],[-15.63906,14.48793],[-15.63894,14.48604],[-15.63876,14.48406],[-15.6392,14.48273],[-15.64158,14.48128],[-15.64347,14.48038],[-15.6457,14.47929],[-15.64896,14.47918],[-15.65141,14.47897],[-15.65485,14.47941],[-15.65754,14.47989],[-15.6607,14.48065],[-15.66301,14.48086],[-15.66603,14.48157],[-15.66919,14.48228],[-15.67206,14.48189],[-15.67462,14.48127],[-15.6777,14.47986],[-15.68129,14.47861],[-15.68456,14.47698],[-15.68745,14.47654],[-15.69033,14.47624],[-15.6914,14.47767],[-15.69141,14.47775],[-15.69126,14.47262],[-15.6919,14.46954],[-15.69234,14.46716],[-15.6934,14.46422],[-15.69303,14.46339],[-15.69334,14.46013],[-15.69422,14.45696],[-15.69495,14.45375],[-15.69553,14.45155],[-15.69564,14.4477],[-15.69621,14.44586],[-15.69736,14.44148],[-15.69793,14.43795],[-15.69849,14.43357],[-15.69921,14.43088],[-15.69963,14.42749],[-15.69911,14.4244],[-15.69861,14.42233],[-15.69868,14.41874],[-15.69823,14.41543],[-15.69821,14.41277],[-15.69781,14.40995],[-15.6975,14.40701],[-15.69709,14.40416],[-15.69671,14.39946],[-15.6958,14.39574],[-15.69484,14.39214],[-15.69425,14.38809],[-15.69391,14.38478],[-15.69351,14.38114],[-15.69259,14.37815],[-15.692,14.37539],[-15.69141,14.37188],[-15.69106,14.36885],[-15.69019,14.36493],[-15.68951,14.36144],[-15.68908,14.35785],[-15.68844,14.35499],[-15.68869,14.35222],[-15.68897,14.34939],[-15.68911,14.34698],[-15.68953,14.34373],[-15.68995,14.33949],[-15.69011,14.33742],[-15.69023,14.33582],[-15.68935,14.33314],[-15.68978,14.33003],[-15.68948,14.32763],[-15.68933,14.32565],[-15.68926,14.32369],[-15.68946,14.32185],[-15.68976,14.31992],[-15.69006,14.31786],[-15.68994,14.31509],[-15.69045,14.31096],[-15.69072,14.30742],[-15.69078,14.30484],[-15.69099,14.30286],[-15.69085,14.29965],[-15.6906,14.29843],[-15.69002,14.29664],[-15.69118,14.29658],[-15.79849,14.29376],[-15.80051,14.29325],[-15.80103,14.29312],[-15.80139,14.29302],[-15.80135,14.29174],[-15.80122,14.29032],[-15.80171,14.28853],[-15.80248,14.28679],[-15.80335,14.28418],[-15.80522,14.28033],[-15.80613,14.27753],[-15.80672,14.27468],[-15.8076,14.27175],[-15.80851,14.2695],[-15.80953,14.26569],[-15.81077,14.26331],[-15.81178,14.26138],[-15.81283,14.25964],[-15.81383,14.25786],[-15.8146,14.25561],[-15.81604,14.25272],[-15.81733,14.24956],[-15.81815,14.24819],[-15.81939,14.24539],[-15.82083,14.24324],[-15.82236,14.24022],[-15.82431,14.23711],[-15.82578,14.23362],[-15.8262,14.23263],[-15.82638,14.2322],[-15.82844,14.22863],[-15.82974,14.22528],[-15.83131,14.2223],[-15.83285,14.21951],[-15.834,14.21644],[-15.83549,14.21291],[-15.83711,14.20961],[-15.83865,14.20649],[-15.83991,14.20305],[-15.84172,14.19962],[-15.84273,14.19682],[-15.84407,14.19393],[-15.84518,14.19118],[-15.84615,14.18833],[-15.84791,14.18512],[-15.84911,14.18283],[-15.85013,14.17972],[-15.8509,14.17746],[-15.85191,14.17495],[-15.85234,14.1726],[-15.85256,14.17008],[-15.85215,14.16699],[-15.85208,14.16419],[-15.85205,14.16138],[-15.85204,14.15742],[-15.85215,14.15416],[-15.85223,14.15067],[-15.85249,14.14635],[-15.85258,14.14194],[-15.85237,14.13918],[-15.85229,14.13632],[-15.85199,14.13287],[-15.85159,14.12901],[-15.85137,14.12643],[-15.85117,14.1227],[-15.85059,14.11907],[-15.8507,14.11649],[-15.85302,14.11486],[-15.85543,14.11588],[-15.8603,14.11167],[-15.86146,14.11111],[-15.86218,14.11054],[-15.8629,14.11011],[-15.86275,14.10941],[-15.86246,14.10842],[-15.86231,14.108],[-15.86158,14.10672],[-15.86042,14.10532],[-15.85998,14.10475],[-15.85912,14.10405],[-15.85766,14.10236],[-15.85723,14.10081],[-15.85664,14.09911],[-15.85518,14.09672],[-15.85314,14.09221],[-15.8508,14.08727],[-15.84716,14.08276],[-15.84397,14.07896],[-15.84019,14.07629],[-15.83802,14.07459],[-15.83526,14.07234],[-15.83265,14.07066],[-15.83018,14.06884],[-15.82786,14.06771],[-15.82656,14.06729],[-15.8254,14.06645],[-15.8241,14.06603],[-15.82265,14.06505],[-15.82133,14.06321],[-15.82017,14.06222],[-15.81785,14.06082],[-15.81525,14.06055],[-15.81293,14.05815],[-15.81205,14.0576],[-15.81089,14.05703],[-15.80843,14.05704],[-15.80409,14.05607],[-15.80178,14.05607],[-15.80003,14.05523],[-15.79901,14.05269],[-15.79467,14.05299],[-15.79122,14.05237],[-15.79083,14.0523],[-15.7901,14.05216],[-15.78932,14.05202],[-15.78769,14.04312],[-15.78809,14.03281],[-15.78893,14.02305],[-15.78535,14.01841],[-15.78383,14.01643],[-15.78393,14.00628],[-15.78394,14.00527],[-15.78278,14.00344],[-15.78232,13.99708],[-15.78225,13.9944],[-15.77692,13.98933],[-15.77212,13.9844],[-15.76734,13.97863],[-15.75761,13.96834],[-15.75732,13.9682],[-15.74485,13.9599],[-15.73718,13.95654],[-15.73022,13.95246],[-15.72283,13.94782],[-15.71486,13.94319],[-15.70646,13.93784],[-15.6992,13.93206],[-15.69209,13.9236],[-15.68861,13.91853],[-15.68381,13.91262],[-15.68394,13.90413],[-15.68465,13.90159],[-15.68982,13.88971],[-15.69112,13.88731],[-15.69472,13.88249],[-15.7002,13.87682],[-15.70438,13.87299],[-15.70813,13.86959],[-15.71117,13.86662],[-15.71118,13.86659],[-15.71129,13.86563],[-15.71109,13.86263],[-15.71077,13.86066],[-15.71065,13.85888],[-15.70992,13.85798],[-15.70962,13.85637],[-15.70898,13.85433],[-15.70882,13.85344],[-15.70831,13.8512],[-15.70822,13.84874],[-15.70791,13.84713],[-15.70751,13.84469],[-15.70701,13.84224],[-15.70599,13.84031],[-15.70509,13.83793],[-15.70509,13.83778],[-15.70422,13.83623],[-15.70378,13.83524],[-15.70276,13.83397],[-15.70189,13.83284],[-15.70088,13.83158],[-15.69986,13.83102],[-15.69827,13.83003],[-15.69523,13.82947],[-15.69422,13.82905],[-15.69162,13.82765],[-15.68959,13.8268],[-15.68858,13.82597],[-15.68712,13.82484],[-15.68524,13.82357],[-15.6835,13.8223],[-15.68176,13.82061],[-15.68147,13.81962],[-15.68031,13.81892],[-15.67915,13.81779],[-15.67727,13.81681],[-15.67611,13.81596],[-15.67495,13.81456],[-15.67351,13.81385],[-15.67191,13.81202],[-15.67104,13.81103],[-15.66915,13.80991],[-15.66843,13.80864],[-15.66625,13.80624],[-15.66567,13.80484],[-15.66451,13.80371],[-15.66451,13.80258],[-15.66335,13.80075],[-15.66103,13.798],[-15.65857,13.79514],[-15.65738,13.79383],[-15.65537,13.79229],[-15.65497,13.79164],[-15.65464,13.79129],[-15.65407,13.79073],[-15.65298,13.78934],[-15.65196,13.78871],[-15.65029,13.78772],[-15.65005,13.78719],[-15.64903,13.78652],[-15.64807,13.78584],[-15.64726,13.78537],[-15.64657,13.7847],[-15.64528,13.78323],[-15.64464,13.78255],[-15.6435,13.78124],[-15.64233,13.78062],[-15.64136,13.77942],[-15.63889,13.77843],[-15.63712,13.77739],[-15.63492,13.77593],[-15.6353,13.77461],[-15.63341,13.77487],[-15.63185,13.77527],[-15.62911,13.77635],[-15.62721,13.77716],[-15.62541,13.77816],[-15.62437,13.77889],[-15.6243,13.77894],[-15.6236,13.77946],[-15.62189,13.78371],[-15.62108,13.78646],[-15.61697,13.79176],[-15.61456,13.79323],[-15.61237,13.79455],[-15.61072,13.7957],[-15.60959,13.7966],[-15.60842,13.79817],[-15.60783,13.79869],[-15.60681,13.80156],[-15.60617,13.80378],[-15.60534,13.8065],[-15.60411,13.80902],[-15.60251,13.81137],[-15.60064,13.81368],[-15.59888,13.81588],[-15.59797,13.81835],[-15.59701,13.81981],[-15.5952,13.8229],[-15.5936,13.82521],[-15.59093,13.82799],[-15.59024,13.8291],[-15.58916,13.82822],[-15.58836,13.82907],[-15.58592,13.83083],[-15.58111,13.83101],[-15.57666,13.82966],[-15.57228,13.82805],[-15.56788,13.82633],[-15.56508,13.82378],[-15.56087,13.8221],[-15.5558,13.81989],[-15.55155,13.81849],[-15.5481,13.81677],[-15.54417,13.8151],[-15.54094,13.8137],[-15.53687,13.81019],[-15.53511,13.80831],[-15.53284,13.80672],[-15.53122,13.80558],[-15.52923,13.80459],[-15.52762,13.80335],[-15.52535,13.80208],[-15.52355,13.80126],[-15.52204,13.80041],[-15.51958,13.80015],[-15.51727,13.79943],[-15.51486,13.79885],[-15.51432,13.79879],[-15.51259,13.79859],[-15.50938,13.79839],[-15.50655,13.79851],[-15.50348,13.79843],[-15.50076,13.79874],[-15.49812,13.79866],[-15.49534,13.79919],[-15.49351,13.80026],[-15.49173,13.80115],[-15.48951,13.80135],[-15.48739,13.80137],[-15.48536,13.80157],[-15.48206,13.80196],[-15.47895,13.80217],[-15.4758,13.80234],[-15.47164,13.80214],[-15.46782,13.8013],[-15.46522,13.8008],[-15.46211,13.8006],[-15.45815,13.80095],[-15.45546,13.80079],[-15.45254,13.80118],[-15.44943,13.80134],[-15.44684,13.80145],[-15.4441,13.8017],[-15.44198,13.80107],[-15.44013,13.79962],[-15.43927,13.79819],[-15.43907,13.79695],[-15.43863,13.79484],[-15.4372,13.79268],[-15.43658,13.79048],[-15.4359,13.78892],[-15.4348,13.7869],[-15.4338,13.78516],[-15.43303,13.78351],[-15.43217,13.78162],[-15.43087,13.778],[-15.42958,13.77654],[-15.42858,13.77387],[-15.42767,13.7719],[-15.42661,13.76905],[-15.42518,13.76662],[-15.42403,13.76405],[-15.42292,13.76144],[-15.42182,13.75914],[-15.42091,13.75736],[-15.41967,13.75492],[-15.4188,13.75202],[-15.41771,13.75074],[-15.41736,13.74867],[-15.41655,13.74729],[-15.41607,13.74614],[-15.41443,13.74316],[-15.4144,13.74317],[-15.41229,13.74671],[-15.41012,13.74911],[-15.40449,13.75265],[-15.40175,13.75407],[-15.39944,13.75633],[-15.39258,13.76143],[-15.3884,13.76441],[-15.38305,13.76696],[-15.37915,13.76894],[-15.37294,13.77192],[-15.36745,13.77405],[-15.36254,13.77617],[-15.36023,13.77731],[-15.35691,13.77831],[-15.35431,13.77915],[-15.35142,13.78001],[-15.34189,13.78383],[-15.33596,13.78511],[-15.33249,13.78554],[-15.32743,13.78654],[-15.32007,13.78697],[-15.31472,13.78684],[-15.30792,13.78642],[-15.30702,13.78631],[-15.29968,13.78545],[-15.28319,13.78193],[-15.27336,13.77812],[-15.26714,13.77432],[-15.25991,13.76924],[-15.25369,13.76416],[-15.24747,13.75823],[-15.24284,13.75372],[-15.24052,13.75103],[-15.21639,13.75148],[-15.20628,13.75756],[-15.19587,13.76379],[-15.19038,13.76718],[-15.18403,13.771],[-15.1768,13.77567],[-15.16662,13.78147],[-15.15144,13.79038],[-15.14018,13.79745],[-15.13599,13.80042],[-15.1276,13.80523],[-15.1237,13.80763],[-15.11835,13.80933],[-15.11141,13.81075],[-15.10573,13.81231],[-15.10462,13.81261],[-15.10159,13.8157],[-15.09479,13.81711],[-15.09046,13.81881],[-15.08583,13.82051],[-15.08092,13.82234],[-15.076,13.82362],[-15.06602,13.82786],[-15.06126,13.82829],[-15.05445,13.82546],[-15.04578,13.82222],[-15.0293,13.81657],[-15.01397,13.81105],[-15.00191,13.80625],[-15.00076,13.80604],[-14.99994,13.80554],[-14.99899,13.80529],[-14.9974,13.80481],[-14.99575,13.80413],[-14.99419,13.80359],[-14.99272,13.80283],[-14.99023,13.8022],[-14.98873,13.80178],[-14.98714,13.80178],[-14.98262,13.80028],[-14.98124,13.79943],[-14.97866,13.79901],[-14.9767,13.79844],[-14.97416,13.79808],[-14.97152,13.79666],[-14.96849,13.79725],[-14.96608,13.7978],[-14.96369,13.79861],[-14.9608,13.79949],[-14.95805,13.79991],[-14.95533,13.80112],[-14.9527,13.80137],[-14.94949,13.80222],[-14.94747,13.80268],[-14.9444,13.80257],[-14.94166,13.80267],[-14.93908,13.80231],[-14.9357,13.8029],[-14.9333,13.80236],[-14.9302,13.80242],[-14.92737,13.80197],[-14.92465,13.80163],[-14.92179,13.80146],[-14.91929,13.80067],[-14.91606,13.80042],[-14.9139,13.8],[-14.91264,13.79988],[-14.91127,13.79953],[-14.91012,13.7992],[-14.90888,13.79857],[-14.9084,13.79848],[-14.90643,13.79866],[-14.90587,13.79866],[-14.90446,13.79857],[-14.90222,13.79866],[-14.89997,13.79728],[-14.89856,13.79664],[-14.8963,13.7959],[-14.89331,13.79508],[-14.89059,13.79444],[-14.88777,13.79426],[-14.88703,13.79333],[-14.88421,13.79306],[-14.88299,13.79224],[-14.88159,13.79168],[-14.88027,13.79177],[-14.87728,13.79049],[-14.87456,13.78884],[-14.87268,13.7882],[-14.86996,13.78747],[-14.86631,13.78608],[-14.86368,13.7848],[-14.86162,13.78425],[-14.86021,13.78379],[-14.85778,13.78241],[-14.85486,13.78113],[-14.85055,13.77939],[-14.84896,13.77837],[-14.84568,13.77709],[-14.84418,13.7758],[-14.84278,13.77516],[-14.8425,13.77489],[-14.84137,13.77471],[-14.83949,13.77387],[-14.83809,13.7726],[-14.83603,13.77076],[-14.83471,13.77021],[-14.83359,13.76949],[-14.83359,13.77067],[-14.83312,13.7714],[-14.83213,13.77232],[-14.83198,13.77297],[-14.83255,13.77628],[-14.83043,13.77798],[-14.82902,13.77909],[-14.82694,13.78042],[-14.82696,13.78337],[-14.82604,13.78405],[-14.82326,13.7854],[-14.8221,13.78902],[-14.82071,13.79082],[-14.8184,13.79376],[-14.81863,13.79512],[-14.81631,13.79716],[-14.81446,13.80032],[-14.81237,13.80236],[-14.81075,13.80575],[-14.80936,13.80914],[-14.80635,13.81026],[-14.80479,13.81223],[-14.80473,13.8123],[-14.80417,13.81241],[-14.80057,13.8132],[-14.79756,13.81297],[-14.79303,13.81255],[-14.78738,13.81341],[-14.78137,13.81363],[-14.77721,13.81408],[-14.77281,13.8134],[-14.76647,13.81468],[-14.76078,13.81474],[-14.75569,13.81406],[-14.75245,13.81519],[-14.74595,13.81506],[-14.73811,13.81676],[-14.73109,13.81676],[-14.724,13.81787],[-14.72113,13.81874],[-14.72079,13.81884],[-14.72064,13.81912],[-14.7202,13.82068],[-14.71948,13.82323],[-14.71788,13.8276],[-14.71557,13.83019],[-14.71453,13.83286],[-14.71426,13.83608],[-14.71252,13.84017],[-14.71092,13.84371],[-14.70875,13.84907],[-14.70601,13.85509],[-14.70599,13.85514],[-14.70537,13.85672],[-14.70382,13.86065],[-14.70179,13.86573],[-14.69889,13.87208],[-14.69672,13.87773],[-14.69397,13.88453],[-14.69237,13.88709],[-14.68842,13.88865],[-14.68317,13.89121],[-14.68011,13.89291],[-14.67705,13.89362],[-14.67223,13.89689],[-14.66844,13.89931],[-14.66596,13.90187],[-14.66056,13.90457],[-14.6572,13.90741],[-14.65297,13.90939],[-14.65093,13.91025],[-14.64786,13.91295],[-14.64508,13.91594],[-14.63969,13.91821],[-14.63561,13.92048],[-14.63283,13.92175],[-14.62772,13.92659],[-14.62422,13.92801],[-14.62028,13.93014],[-14.61531,13.93256],[-14.61225,13.93597],[-14.60787,13.9371],[-14.60612,13.93952],[-14.60242,13.941],[-14.60162,13.94339],[-14.6003,13.94707],[-14.59958,13.94979],[-14.59826,13.95195],[-14.59694,13.95619],[-14.59557,13.95973],[-14.59448,13.96278],[-14.59354,13.96627],[-14.59251,13.96969],[-14.59178,13.97225],[-14.59003,13.9759],[-14.58894,13.97852],[-14.58814,13.98087],[-14.58733,13.98322],[-14.58639,13.98607],[-14.5854,13.98851],[-14.58459,13.99082],[-14.58392,13.99376],[-14.58326,13.99551],[-14.58293,13.99823],[-14.5826,13.99988],[-14.58288,14.0005],[-14.58322,14.00121],[-14.5834,14.002],[-14.58369,14.00393],[-14.58397,14.00642],[-14.58441,14.00771],[-14.58445,14.00992],[-14.5843,14.0112],[-14.58473,14.01247],[-14.58574,14.01629],[-14.58604,14.01899],[-14.58594,14.01913],[-14.58637,14.02185],[-14.5868,14.0247],[-14.58737,14.02668],[-14.58728,14.03046],[-14.588,14.03415],[-14.58782,14.0388],[-14.5884,14.0406],[-14.58892,14.0434],[-14.58897,14.04599],[-14.58926,14.04917],[-14.58988,14.05148],[-14.59035,14.05346],[-14.59051,14.057],[-14.59122,14.05894],[-14.59099,14.06147],[-14.59151,14.06267],[-14.59162,14.06741],[-14.59237,14.0693],[-14.59238,14.07206],[-14.59319,14.07413],[-14.59315,14.07713],[-14.59343,14.07916],[-14.59344,14.08224],[-14.59391,14.08348],[-14.59415,14.08519],[-14.59434,14.08708],[-14.59464,14.08896],[-14.59498,14.09067],[-14.59483,14.09208],[-14.5941,14.09449],[-14.59381,14.09618],[-14.59352,14.09788],[-14.59337,14.09914],[-14.59264,14.10225],[-14.59235,14.10353],[-14.5922,14.10508],[-14.59176,14.10762],[-14.59118,14.11031],[-14.59103,14.11158],[-14.59085,14.1125],[-14.59078,14.11286],[-14.59059,14.11384],[-14.59036,14.11464],[-14.58998,14.11596],[-14.58986,14.11638],[-14.58957,14.11793],[-14.58898,14.12132],[-14.58841,14.12288],[-14.58825,14.12471],[-14.58754,14.12763],[-14.58735,14.12984],[-14.58697,14.13233],[-14.58632,14.13486],[-14.58585,14.13648],[-14.58562,14.13758],[-14.58571,14.13827],[-14.58576,14.13938],[-14.58562,14.14136],[-14.58567,14.1438],[-14.58592,14.14634],[-14.58619,14.14915],[-14.58655,14.15246],[-14.58707,14.1549],[-14.58733,14.15791],[-14.58761,14.16088],[-14.58765,14.16182],[-14.58789,14.16362],[-14.58785,14.16606],[-14.58818,14.169],[-14.58866,14.17191],[-14.58875,14.17487],[-14.58903,14.17642],[-14.58929,14.17821],[-14.58949,14.18098],[-14.58968,14.18319],[-14.58997,14.18568],[-14.59021,14.18816],[-14.59046,14.19056],[-14.5905,14.19258],[-14.59093,14.1942],[-14.59117,14.19562],[-14.59117,14.19687],[-14.59118,14.19872],[-14.59123,14.20097],[-14.59145,14.20242],[-14.59173,14.20539],[-14.59186,14.20723],[-14.592,14.20894],[-14.59244,14.21302],[-14.59259,14.21543],[-14.59287,14.21709],[-14.59297,14.21903],[-14.59311,14.2211],[-14.59345,14.22414],[-14.59412,14.22524],[-14.5944,14.22796],[-14.59431,14.23082],[-14.59456,14.23463],[-14.5949,14.23791],[-14.59518,14.24002],[-14.59566,14.24293],[-14.59567,14.2455],[-14.59605,14.24818],[-14.59639,14.25117],[-14.59649,14.255],[-14.59721,14.25789],[-14.59721,14.25901],[-14.59832,14.26017],[-14.59962,14.26201],[-14.60135,14.263],[-14.60396,14.26569],[-14.60598,14.26767],[-14.60679,14.26859],[-14.60746,14.26935],[-14.60772,14.26966],[-14.61032,14.2722],[-14.61205,14.27389],[-14.61582,14.27701],[-14.62001,14.28126],[-14.62392,14.28438],[-14.62666,14.28735],[-14.62985,14.28947],[-14.63274,14.29244],[-14.63635,14.29598],[-14.63836,14.29759],[-14.63995,14.29886],[-14.6417,14.30121],[-14.64212,14.31238],[-14.64094,14.32749],[-14.63959,14.35434],[-14.63781,14.38103],[-14.63602,14.40787],[-14.63467,14.43457],[-14.63377,14.45224],[-14.63245,14.4615],[-14.63096,14.48829],[-14.62946,14.51507],[-14.62875,14.52797],[-14.62798,14.54186],[-14.62661,14.56694],[-14.65343,14.5749],[-14.68141,14.58286],[-14.70926,14.59094],[-14.73709,14.59917],[-14.75398,14.6042],[-14.75443,14.60433],[-14.76522,14.60754],[-14.7922,14.61548],[-14.82078,14.62412],[-14.8493,14.63148],[-14.86921,14.65566],[-14.88951,14.67911],[-14.9104,14.70357],[-14.93783,14.68676],[-14.96454,14.66982],[-14.99139,14.65357],[-14.99984,14.64692],[-15.00003,14.64676],[-15.01731,14.63627],[-15.02381,14.61253],[-15.03924,14.6149],[-15.05468,14.61727],[-15.07011,14.61964],[-15.0766,14.62064],[-15.08555,14.62201],[-15.10328,14.62532],[-15.12099,14.62862],[-15.13871,14.63193],[-15.16054,14.63576],[-15.17355,14.63824],[-15.18655,14.64071],[-15.19956,14.64319],[-15.21194,14.64566],[-15.22432,14.64814],[-15.23671,14.65061],[-15.25279,14.65342],[-15.26887,14.65623],[-15.28495,14.65904],[-15.30103,14.66184],[-15.30985,14.66386],[-15.32783,14.67439],[-15.3458,14.68491],[-15.36615,14.69242],[-15.38651,14.69993],[-15.40687,14.70744],[-15.42723,14.71495],[-15.44966,14.72319],[-15.45061,14.71605],[-15.45424,14.6888],[-15.45788,14.66154],[-15.46152,14.63428],[-15.46222,14.62909]]]}},{"type":"Feature","properties":{"region":"kaolack"},"geometry":{"type":"Polygon","coordinates":[[[-16.08997,13.59347],[-16.08534,13.59336],[-16.08322,13.59324],[-16.05694,13.59364],[-16.02936,13.59418],[-16.00148,13.59288],[-15.9996,13.59275],[-15.99123,13.59234],[-15.98503,13.59279],[-15.97318,13.59256],[-15.95946,13.59261],[-15.95238,13.59236],[-15.944,13.59252],[-15.9287,13.59258],[-15.92162,13.59247],[-15.90862,13.59261],[-15.89563,13.59275],[-15.89245,13.59279],[-15.89231,13.59279],[-15.88263,13.59289],[-15.85649,13.59228],[-15.83757,13.5922],[-15.7911,13.59235],[-15.77561,13.5924],[-15.76018,13.59244],[-15.75765,13.59245],[-15.75744,13.59245],[-15.74151,13.59249],[-15.72283,13.59256],[-15.69979,13.5929],[-15.68608,13.59309],[-15.67726,13.59241],[-15.6699,13.59228],[-15.66715,13.59201],[-15.66426,13.59202],[-15.66108,13.59202],[-15.65776,13.59218],[-15.65314,13.59219],[-15.65054,13.59205],[-15.64476,13.59207],[-15.64145,13.59222],[-15.63942,13.59236],[-15.63668,13.59251],[-15.6283,13.59253],[-15.6257,13.5924],[-15.62253,13.59227],[-15.61949,13.59213],[-15.61342,13.59215],[-15.59198,13.59262],[-15.58404,13.5925],[-15.57103,13.59253],[-15.56525,13.59212],[-15.56078,13.59242],[-15.55659,13.59228],[-15.54619,13.59216],[-15.53551,13.59233],[-15.51745,13.59222],[-15.51017,13.59218],[-15.49752,13.59212],[-15.48885,13.59214],[-15.47614,13.59174],[-15.4747,13.59174],[-15.47241,13.60418],[-15.4717,13.60997],[-15.46941,13.62044],[-15.4677,13.63117],[-15.46455,13.64531],[-15.4614,13.65676],[-15.45724,13.67287],[-15.4499,13.6921],[-15.44487,13.70243],[-15.44113,13.71092],[-15.43493,13.71968],[-15.43046,13.72647],[-15.41993,13.73921],[-15.41517,13.74289],[-15.41443,13.74316],[-15.41607,13.74614],[-15.41655,13.74729],[-15.41736,13.74867],[-15.41771,13.75074],[-15.4188,13.75202],[-15.41967,13.75492],[-15.42091,13.75736],[-15.42182,13.75914],[-15.42292,13.76144],[-15.42403,13.76405],[-15.42518,13.76662],[-15.42661,13.76905],[-15.42767,13.7719],[-15.42858,13.77387],[-15.42958,13.77654],[-15.43087,13.778],[-15.43217,13.78162],[-15.43303,13.78351],[-15.4338,13.78516],[-15.4348,13.7869],[-15.4359,13.78892],[-15.43658,13.79048],[-15.4372,13.79268],[-15.43863,13.79484],[-15.43907,13.79695],[-15.43927,13.79819],[-15.44013,13.79962],[-15.44198,13.80107],[-15.4441,13.8017],[-15.44684,13.80145],[-15.44943,13.80134],[-15.45254,13.80118],[-15.45546,13.80079],[-15.45815,13.80095],[-15.46211,13.8006],[-15.46522,13.8008],[-15.46782,13.8013],[-15.47164,13.80214],[-15.4758,13.80234],[-15.47895,13.80217],[-15.48206,13.80196],[-15.48536,13.80157],[-15.48739,13.80137],[-15.48951,13.80135],[-15.49173,13.80115],[-15.49351,13.80026],[-15.49534,13.79919],[-15.49812,13.79866],[-15.50076,13.79874],[-15.50348,13.79843],[-15.50655,13.79851],[-15.50938,13.79839],[-15.51259,13.79859],[-15.51432,13.79879],[-15.51486,13.79885],[-15.51727,13.79943],[-15.51958,13.80015],[-15.52204,13.80041],[-15.52355,13.80126],[-15.52535,13.80208],[-15.52762,13.80335],[-15.52923,13.80459],[-15.53122,13.80558],[-15.53284,13.80672],[-15.53511,13.80831],[-15.53687,13.81019],[-15.54094,13.8137],[-15.54417,13.8151],[-15.5481,13.81677],[-15.55155,13.81849],[-15.5558,13.81989],[-15.56087,13.8221],[-15.56508,13.82378],[-15.56788,13.82633],[-15.57228,13.82805],[-15.57666,13.82966],[-15.58111,13.83101],[-15.58592,13.83083],[-15.58836,13.82907],[-15.58916,13.82822],[-15.59024,13.8291],[-15.59093,13.82799],[-15.5936,13.82521],[-15.5952,13.8229],[-15.59701,13.81981],[-15.59797,13.81835],[-15.59888,13.81588],[-15.60064,13.81368],[-15.60251,13.81137],[-15.60411,13.80902],[-15.60534,13.8065],[-15.60617,13.80378],[-15.60681,13.80156],[-15.60783,13.79869],[-15.60842,13.79817],[-15.60959,13.7966],[-15.61072,13.7957],[-15.61237,13.79455],[-15.61456,13.79323],[-15.61697,13.79176],[-15.62108,13.78646],[-15.62189,13.78371],[-15.6236,13.77946],[-15.6243,13.77894],[-15.62437,13.77889],[-15.62541,13.77816],[-15.62721,13.77716],[-15.62911,13.77635],[-15.63185,13.77527],[-15.63341,13.77487],[-15.6353,13.77461],[-15.63492,13.77593],[-15.63712,13.77739],[-15.63889,13.77843],[-15.64136,13.77942],[-15.64233,13.78062],[-15.6435,13.78124],[-15.64464,13.78255],[-15.64528,13.78323],[-15.64657,13.7847],[-15.64726,13.78537],[-15.64807,13.78584],[-15.64903,13.78652],[-15.65005,13.78719],[-15.65029,13.78772],[-15.65196,13.78871],[-15.65298,13.78934],[-15.65407,13.79073],[-15.65464,13.79129],[-15.65497,13.79164],[-15.65537,13.79229],[-15.65738,13.79383],[-15.65857,13.79514],[-15.66103,13.798],[-15.66335,13.80075],[-15.66451,13.80258],[-15.66451,13.80371],[-15.66567,13.80484],[-15.66625,13.80624],[-15.66843,13.80864],[-15.66915,13.80991],[-15.67104,13.81103],[-15.67191,13.81202],[-15.67351,13.81385],[-15.67495,13.81456],[-15.67611,13.81596],[-15.67727,13.81681],[-15.67915,13.81779],[-15.68031,13.81892],[-15.68147,13.81962],[-15.68176,13.82061],[-15.6835,13.8223],[-15.68524,13.82357],[-15.68712,13.82484],[-15.68858,13.82597],[-15.68959,13.8268],[-15.69162,13.82765],[-15.69422,13.82905],[-15.69523,13.82947],[-15.69827,13.83003],[-15.69986,13.83102],[-15.70088,13.83158],[-15.70189,13.83284],[-15.70276,13.83397],[-15.70378,13.83524],[-15.70422,13.83623],[-15.70509,13.83778],[-15.70509,13.83793],[-15.70599,13.84031],[-15.70701,13.84224],[-15.70751,13.84469],[-15.70791,13.84713],[-15.70822,13.84874],[-15.70831,13.8512],[-15.70882,13.85344],[-15.70898,13.85433],[-15.70962,13.85637],[-15.70992,13.85798],[-15.71065,13.85888],[-15.71077,13.86066],[-15.71109,13.86263],[-15.71129,13.86563],[-15.71118,13.86659],[-15.71117,13.86662],[-15.70813,13.86959],[-15.70438,13.87299],[-15.7002,13.87682],[-15.69472,13.88249],[-15.69112,13.88731],[-15.68982,13.88971],[-15.68465,13.90159],[-15.68394,13.90413],[-15.68381,13.91262],[-15.68861,13.91853],[-15.69209,13.9236],[-15.6992,13.93206],[-15.70646,13.93784],[-15.71486,13.94319],[-15.72283,13.94782],[-15.73022,13.95246],[-15.73718,13.95654],[-15.74485,13.9599],[-15.75732,13.9682],[-15.75761,13.96834],[-15.76734,13.97863],[-15.77212,13.9844],[-15.77692,13.98933],[-15.78225,13.9944],[-15.78232,13.99708],[-15.78278,14.00344],[-15.78394,14.00527],[-15.78393,14.00628],[-15.78383,14.01643],[-15.78535,14.01841],[-15.78893,14.02305],[-15.78809,14.03281],[-15.78769,14.04312],[-15.78932,14.05202],[-15.7901,14.05216],[-15.79083,14.0523],[-15.79122,14.05237],[-15.79467,14.05299],[-15.79901,14.05269],[-15.80003,14.05523],[-15.80178,14.05607],[-15.80409,14.05607],[-15.80843,14.05704],[-15.81089,14.05703],[-15.81205,14.0576],[-15.81293,14.05815],[-15.81525,14.06055],[-15.81785,14.06082],[-15.82017,14.06222],[-15.82133,14.06321],[-15.82265,14.06505],[-15.8241,14.06603],[-15.8254,14.06645],[-15.82656,14.06729],[-15.82786,14.06771],[-15.83018,14.06884],[-15.83265,14.07066],[-15.83526,14.07234],[-15.83802,14.07459],[-15.84019,14.07629],[-15.84397,14.07896],[-15.84716,14.08276],[-15.8508,14.08727],[-15.85314,14.09221],[-15.85518,14.09672],[-15.85664,14.09911],[-15.85723,14.10081],[-15.85766,14.10236],[-15.85912,14.10405],[-15.85998,14.10475],[-15.86042,14.10532],[-15.86158,14.10672],[-15.86231,14.108],[-15.86246,14.10842],[-15.86275,14.10941],[-15.8629,14.11011],[-15.86218,14.11054],[-15.86146,14.11111],[-15.8603,14.11167],[-15.85543,14.11588],[-15.85302,14.11486],[-15.8507,14.11649],[-15.85059,14.11907],[-15.85117,14.1227],[-15.85137,14.12643],[-15.85159,14.12901],[-15.85199,14.13287],[-15.85229,14.13632],[-15.85237,14.13918],[-15.85258,14.14194],[-15.85249,14.14635],[-15.85223,14.15067],[-15.85215,14.15416],[-15.85204,14.15742],[-15.85205,14.16138],[-15.85208,14.16419],[-15.85215,14.16699],[-15.85256,14.17008],[-15.85234,14.1726],[-15.85191,14.17495],[-15.8509,14.17746],[-15.85013,14.17972],[-15.84911,14.18283],[-15.84791,14.18512],[-15.84615,14.18833],[-15.84518,14.19118],[-15.84407,14.19393],[-15.84273,14.19682],[-15.84172,14.19962],[-15.83991,14.20305],[-15.83865,14.20649],[-15.83711,14.20961],[-15.83549,14.21291],[-15.834,14.21644],[-15.83285,14.21951],[-15.83131,14.2223],[-15.82974,14.22528],[-15.82844,14.22863],[-15.82638,14.2322],[-15.8262,14.23263],[-15.82578,14.23362],[-15.82431,14.23711],[-15.82236,14.24022],[-15.82083,14.24324],[-15.81939,14.24539],[-15.81815,14.24819],[-15.81733,14.24956],[-15.81604,14.25272],[-15.8146,14.25561],[-15.81383,14.25786],[-15.81283,14.25964],[-15.81178,14.26138],[-15.81077,14.26331],[-15.80953,14.26569],[-15.80851,14.2695],[-15.8076,14.27175],[-15.80672,14.27468],[-15.80613,14.27753],[-15.80522,14.28033],[-15.80335,14.28418],[-15.80248,14.28679],[-15.80171,14.28853],[-15.80122,14.29032],[-15.80135,14.29174],[-15.80139,14.29302],[-15.80103,14.29312],[-15.80051,14.29325],[-15.79849,14.29376],[-15.69118,14.29658],[-15.69002,14.29664],[-15.6906,14.29843],[-15.69085,14.29965],[-15.69099,14.30286],[-15.69078,14.30484],[-15.69072,14.30742],[-15.69045,14.31096],[-15.68994,14.31509],[-15.69006,14.31786],[-15.68976,14.31992],[-15.68946,14.32185],[-15.68926,14.32369],[-15.68933,14.32565],[-15.68948,14.32763],[-15.68978,14.33003],[-15.68935,14.33314],[-15.69023,14.33582],[-15.69011,14.33742],[-15.68995,14.33949],[-15.68953,14.34373],[-15.68911,14.34698],[-15.68897,14.34939],[-15.68869,14.35222],[-15.68844,14.35499],[-15.68908,14.35785],[-15.68951,14.36144],[-15.69019,14.36493],[-15.69106,14.36885],[-15.69141,14.37188],[-15.692,14.37539],[-15.69259,14.37815],[-15.69351,14.38114],[-15.69391,14.38478],[-15.69425,14.38809],[-15.69484,14.39214],[-15.6958,14.39574],[-15.69671,14.39946],[-15.69709,14.40416],[-15.6975,14.40701],[-15.69781,14.40995],[-15.69821,14.41277],[-15.69823,14.41543],[-15.69868,14.41874],[-15.69861,14.42233],[-15.69911,14.4244],[-15.69963,14.42749],[-15.69921,14.43088],[-15.69849,14.43357],[-15.69793,14.43795],[-15.69736,14.44148],[-15.69621,14.44586],[-15.69564,14.4477],[-15.69553,14.45155],[-15.69495,14.45375],[-15.69422,14.45696],[-15.69334,14.46013],[-15.69303,14.46339],[-15.6934,14.46422],[-15.69234,14.46716],[-15.6919,14.46954],[-15.69126,14.47262],[-15.69141,14.47775],[-15.69172,14.47924],[-15.69341,14.4809],[-15.69452,14.48317],[-15.69634,14.48511],[-15.69832,14.48683],[-15.70057,14.48896],[-15.70187,14.49053],[-15.70427,14.49267],[-15.70628,14.49397],[-15.70906,14.49555],[-15.71221,14.49663],[-15.71495,14.49716],[-15.71725,14.49768],[-15.71909,14.49783],[-15.72117,14.49812],[-15.72316,14.49663],[-15.72535,14.49462],[-15.72726,14.49238],[-15.72926,14.48996],[-15.73084,14.4874],[-15.73289,14.48484],[-15.73498,14.48242],[-15.73586,14.47972],[-15.73758,14.47642],[-15.73949,14.47409],[-15.74191,14.47268],[-15.74238,14.47204],[-15.74381,14.47022],[-15.74552,14.46862],[-15.74791,14.46629],[-15.75033,14.46351],[-15.75348,14.46045],[-15.7579,14.45644],[-15.75989,14.45424],[-15.76237,14.45252],[-15.76503,14.45001],[-15.76783,14.44709],[-15.77159,14.44385],[-15.77354,14.44115],[-15.77697,14.43763],[-15.78087,14.43445],[-15.7831,14.43207],[-15.786,14.42965],[-15.78805,14.42723],[-15.78887,14.42471],[-15.78927,14.42167],[-15.78971,14.41929],[-15.79111,14.41612],[-15.79251,14.41136],[-15.79487,14.40572],[-15.79655,14.40173],[-15.798,14.39738],[-15.79915,14.39302],[-15.80055,14.38995],[-15.80128,14.38651],[-15.80229,14.38431],[-15.80301,14.38233],[-15.80282,14.37683],[-15.80338,14.37688],[-15.8082,14.3773],[-15.81312,14.377],[-15.81819,14.37698],[-15.82283,14.3771],[-15.8266,14.37752],[-15.83051,14.37737],[-15.8353,14.37777],[-15.83935,14.37762],[-15.84587,14.3783],[-15.84964,14.37786],[-15.85298,14.37785],[-15.85602,14.37812],[-15.86138,14.37824],[-15.86964,14.37821],[-15.87384,14.37805],[-15.8782,14.37889],[-15.88181,14.37915],[-15.88431,14.37899],[-15.88836,14.37897],[-15.8908,14.37898],[-15.89356,14.37897],[-15.89732,14.37924],[-15.90054,14.37949],[-15.90417,14.37919],[-15.90544,14.37949],[-15.90822,14.38003],[-15.91011,14.38115],[-15.91316,14.38354],[-15.9152,14.38565],[-15.91738,14.38733],[-15.91854,14.38875],[-15.92058,14.39001],[-15.92218,14.39085],[-15.92363,14.39197],[-15.92518,14.39301],[-15.9252,14.39303],[-15.92553,14.39322],[-15.92753,14.39438],[-15.92985,14.39578],[-15.93347,14.39675],[-15.93772,14.39785],[-15.94076,14.39756],[-15.94347,14.397],[-15.94694,14.39557],[-15.94914,14.39399],[-15.95145,14.39172],[-15.9514,14.391],[-15.953,14.38962],[-15.95761,14.38497],[-15.95835,14.38422],[-15.95862,14.38383],[-15.95963,14.38413],[-15.95991,14.38422],[-15.96017,14.3843],[-15.97134,14.38774],[-15.97368,14.38816],[-15.97734,14.38814],[-15.98246,14.38812],[-15.98685,14.38882],[-15.99359,14.38936],[-15.99666,14.38934],[-15.99798,14.3892],[-15.99902,14.3939],[-16.0034,14.3916],[-16.00982,14.38701],[-16.01464,14.38413],[-16.01902,14.38226],[-16.02164,14.38054],[-16.02281,14.37996],[-16.03173,14.3775],[-16.03786,14.37533],[-16.04181,14.3746],[-16.05274,14.36428],[-16.06021,14.36625],[-16.06416,14.36694],[-16.07133,14.36719],[-16.07704,14.36688],[-16.08099,14.36658],[-16.08698,14.36527],[-16.09026,14.36525],[-16.09052,14.36525],[-16.10151,14.3663],[-16.11019,14.36859],[-16.12202,14.3694],[-16.12537,14.37017],[-16.12877,14.36998],[-16.13785,14.36782],[-16.14675,14.36368],[-16.15088,14.36247],[-16.16059,14.35825],[-16.16346,14.35805],[-16.17587,14.35413],[-16.17757,14.35318],[-16.18442,14.35178],[-16.19489,14.34778],[-16.2026,14.3457],[-16.20436,14.34462],[-16.20989,14.34246],[-16.21906,14.34081],[-16.23035,14.34046],[-16.23488,14.33981],[-16.24234,14.33951],[-16.24425,14.3387],[-16.24987,14.33633],[-16.25561,14.33274],[-16.25732,14.3312],[-16.25814,14.3296],[-16.26109,14.32622],[-16.26205,14.32353],[-16.26572,14.31864],[-16.26934,14.31536],[-16.27009,14.31523],[-16.27356,14.31273],[-16.27798,14.30864],[-16.27974,14.30765],[-16.28307,14.30368],[-16.28355,14.30208],[-16.2848,14.3002],[-16.2872,14.29727],[-16.29033,14.29345],[-16.29484,14.28926],[-16.29674,14.28808],[-16.29808,14.28617],[-16.30355,14.28075],[-16.30796,14.27766],[-16.31222,14.27536],[-16.31958,14.26918],[-16.32152,14.26865],[-16.32307,14.26907],[-16.33087,14.26667],[-16.34167,14.26167],[-16.34499,14.25949],[-16.35023,14.25821],[-16.35189,14.25698],[-16.35396,14.25227],[-16.35485,14.24777],[-16.35295,14.24288],[-16.35485,14.24138],[-16.3583,14.24031],[-16.354,14.23526],[-16.35335,14.23374],[-16.35067,14.23366],[-16.34977,14.23296],[-16.35055,14.23077],[-16.35032,14.23008],[-16.35151,14.22775],[-16.34946,14.22556],[-16.34975,14.2246],[-16.35198,14.22324],[-16.3531,14.22321],[-16.35295,14.22486],[-16.35341,14.22657],[-16.35446,14.22598],[-16.35584,14.22374],[-16.35679,14.22301],[-16.35939,14.22211],[-16.36127,14.22213],[-16.36254,14.22229],[-16.36585,14.22774],[-16.36784,14.22725],[-16.36808,14.22602],[-16.36712,14.22186],[-16.36748,14.21865],[-16.36673,14.21226],[-16.36732,14.20904],[-16.36871,14.20671],[-16.36853,14.20547],[-16.36765,14.20339],[-16.36597,14.20125],[-16.3625,14.19217],[-16.36164,14.1888],[-16.36174,14.18743],[-16.36368,14.18657],[-16.36793,14.18583],[-16.36838,14.18399],[-16.36679,14.18136],[-16.36454,14.17959],[-16.36352,14.17797],[-16.36144,14.1786],[-16.36083,14.17827],[-16.3606,14.17697],[-16.35878,14.17539],[-16.35916,14.17448],[-16.36115,14.17367],[-16.36363,14.17499],[-16.36471,14.17513],[-16.36678,14.17704],[-16.36979,14.17747],[-16.36945,14.17315],[-16.37069,14.17142],[-16.37229,14.17074],[-16.3745,14.17251],[-16.37741,14.17318],[-16.37734,14.1695],[-16.37652,14.16609],[-16.37772,14.16519],[-16.38191,14.16403],[-16.38818,14.16404],[-16.38735,14.16173],[-16.38487,14.15982],[-16.38146,14.15529],[-16.38114,14.15487],[-16.37938,14.15665],[-16.37758,14.15774],[-16.37594,14.15795],[-16.37412,14.15829],[-16.3731,14.15848],[-16.37027,14.15872],[-16.36806,14.15898],[-16.36589,14.15859],[-16.36366,14.15843],[-16.36171,14.15777],[-16.35935,14.15715],[-16.35775,14.15686],[-16.35672,14.15695],[-16.35609,14.15699],[-16.35431,14.1571],[-16.35233,14.15704],[-16.35016,14.15739],[-16.34826,14.15797],[-16.34609,14.15924],[-16.34291,14.16008],[-16.34141,14.16107],[-16.33871,14.16202],[-16.33601,14.163],[-16.33426,14.16372],[-16.33015,14.16501],[-16.32826,14.16463],[-16.32511,14.16409],[-16.32238,14.16338],[-16.31867,14.16293],[-16.31532,14.16262],[-16.3124,14.16241],[-16.31009,14.16225],[-16.30741,14.16213],[-16.30453,14.16169],[-16.30256,14.1608],[-16.3004,14.15986],[-16.2989,14.15851],[-16.29679,14.15693],[-16.2952,14.1553],[-16.293,14.15303],[-16.29127,14.15159],[-16.28949,14.15033],[-16.28804,14.14944],[-16.28503,14.14808],[-16.28216,14.14745],[-16.28094,14.14735],[-16.28081,14.14734],[-16.27971,14.14725],[-16.27971,14.14721],[-16.27952,14.14602],[-16.27948,14.14573],[-16.27926,14.14476],[-16.27846,14.14373],[-16.2763,14.14335],[-16.27508,14.14279],[-16.27372,14.14218],[-16.27165,14.14123],[-16.27004,14.14048],[-16.26751,14.14],[-16.26545,14.13888],[-16.26301,14.1371],[-16.26146,14.13557],[-16.25982,14.13473],[-16.25828,14.13297],[-16.25533,14.13091],[-16.25317,14.12896],[-16.25229,14.12716],[-16.25108,14.12582],[-16.24958,14.1247],[-16.24738,14.12321],[-16.24499,14.12221],[-16.24297,14.12058],[-16.24185,14.11924],[-16.24012,14.11816],[-16.23829,14.11695],[-16.23698,14.11588],[-16.23482,14.11466],[-16.23361,14.11258],[-16.23255,14.10953],[-16.23196,14.10741],[-16.23164,14.10539],[-16.23139,14.10286],[-16.23055,14.10059],[-16.23043,14.09784],[-16.23027,14.09599],[-16.23028,14.09452],[-16.2303,14.09176],[-16.22952,14.08881],[-16.2293,14.08605],[-16.22981,14.0832],[-16.22934,14.08154],[-16.22946,14.07975],[-16.22929,14.07694],[-16.22902,14.07491],[-16.2288,14.07372],[-16.22882,14.07155],[-16.22903,14.06925],[-16.22873,14.06621],[-16.22873,14.0641],[-16.22984,14.06204],[-16.23029,14.0602],[-16.23157,14.05824],[-16.23253,14.05613],[-16.23388,14.05435],[-16.23473,14.05326],[-16.23554,14.05208],[-16.23738,14.05095],[-16.23876,14.05054],[-16.24038,14.04922],[-16.24297,14.04842],[-16.24501,14.04693],[-16.24785,14.04576],[-16.24938,14.04402],[-16.25156,14.0429],[-16.25302,14.04209],[-16.25501,14.04132],[-16.2561,14.04064],[-16.25766,14.03983],[-16.25923,14.03838],[-16.26028,14.03719],[-16.26203,14.03569],[-16.26346,14.03441],[-16.26489,14.03245],[-16.26551,14.03168],[-16.26561,14.0303],[-16.26552,14.02851],[-16.26545,14.02694],[-16.26561,14.0245],[-16.26473,14.02228],[-16.2639,14.02109],[-16.26278,14.01914],[-16.2612,14.01766],[-16.25984,14.01594],[-16.25745,14.01366],[-16.25629,14.01231],[-16.25456,14.01101],[-16.25246,14.00915],[-16.251,14.00813],[-16.2495,14.00705],[-16.24834,14.00556],[-16.24707,14.00454],[-16.24609,14.00315],[-16.24459,14.00235],[-16.24328,14.00142],[-16.24253,14.00091],[-16.24179,13.99989],[-16.23617,13.99828],[-16.23348,13.99844],[-16.23135,13.99808],[-16.22866,13.99622],[-16.21208,13.99092],[-16.21108,13.98964],[-16.20918,13.98794],[-16.20658,13.98626],[-16.20539,13.98461],[-16.20553,13.98387],[-16.20637,13.9824],[-16.20683,13.98028],[-16.20734,13.97935],[-16.20744,13.9777],[-16.20747,13.97573],[-16.20722,13.9743],[-16.20669,13.97214],[-16.20569,13.97059],[-16.20474,13.96908],[-16.20422,13.96793],[-16.20613,13.96585],[-16.20793,13.96492],[-16.20882,13.96331],[-16.20928,13.96119],[-16.20829,13.9599],[-16.20628,13.95734],[-16.20519,13.95495],[-16.20386,13.95321],[-16.20215,13.9511],[-16.20257,13.94936],[-16.20176,13.94733],[-16.20184,13.94467],[-16.20154,13.94279],[-16.20148,13.94058],[-16.20104,13.93759],[-16.20093,13.93438],[-16.20059,13.93093],[-16.19991,13.92813],[-16.19906,13.92556],[-16.19947,13.92326],[-16.19855,13.91959],[-16.19866,13.91591],[-16.19852,13.9126],[-16.19769,13.90855],[-16.19744,13.90483],[-16.19738,13.90244],[-16.19685,13.89978],[-16.19613,13.89734],[-16.19587,13.8963],[-16.19521,13.89358],[-16.19435,13.89133],[-16.19297,13.88844],[-16.1921,13.88638],[-16.19091,13.8833],[-16.1902,13.8822],[-16.1908,13.88027],[-16.19131,13.8793],[-16.1929,13.87667],[-16.1944,13.87478],[-16.19585,13.87339],[-16.19614,13.87311],[-16.20822,13.86676],[-16.22309,13.86042],[-16.23568,13.85469],[-16.24335,13.8509],[-16.24843,13.84936],[-16.25018,13.84852],[-16.25158,13.84777],[-16.25086,13.8452],[-16.25038,13.84332],[-16.24956,13.83955],[-16.24808,13.83606],[-16.24652,13.83364],[-16.24603,13.83124],[-16.24493,13.82845],[-16.24349,13.82082],[-16.24326,13.81628],[-16.24322,13.8134],[-16.24352,13.81091],[-16.24393,13.80901],[-16.24518,13.80256],[-16.24582,13.79921],[-16.24614,13.79741],[-16.24235,13.79499],[-16.23639,13.79143],[-16.23479,13.7902],[-16.23318,13.78911],[-16.23143,13.78806],[-16.23021,13.78779],[-16.22864,13.78568],[-16.22679,13.78344],[-16.22546,13.78225],[-16.22367,13.78051],[-16.22086,13.77698],[-16.2184,13.77447],[-16.21731,13.77396],[-16.21665,13.77337],[-16.21338,13.77045],[-16.21239,13.7699],[-16.2105,13.7682],[-16.20979,13.76743],[-16.20852,13.76629],[-16.20742,13.76523],[-16.20629,13.76459],[-16.20525,13.76414],[-16.20317,13.76295],[-16.20303,13.76235],[-16.20184,13.76167],[-16.20057,13.76099],[-16.19949,13.761],[-16.19817,13.76072],[-16.19684,13.76068],[-16.19501,13.75959],[-16.19349,13.75891],[-16.19193,13.75928],[-16.19057,13.7586],[-16.18882,13.75838],[-16.18713,13.75774],[-16.18576,13.75734],[-16.1842,13.75698],[-16.18227,13.75671],[-16.18094,13.7563],[-16.18028,13.7564],[-16.17783,13.75599],[-16.17727,13.756],[-16.17632,13.75512],[-16.17514,13.75486],[-16.17377,13.75482],[-16.1717,13.754],[-16.17024,13.75391],[-16.16972,13.75314],[-16.16887,13.75328],[-16.16726,13.75283],[-16.16632,13.75237],[-16.16518,13.75136],[-16.16508,13.75068],[-16.16527,13.74962],[-16.16541,13.74938],[-16.16517,13.74819],[-16.16483,13.74631],[-16.16454,13.74566],[-16.16439,13.74415],[-16.16439,13.74332],[-16.16424,13.74171],[-16.16432,13.73992],[-16.16432,13.73891],[-16.16431,13.73766],[-16.16398,13.73739],[-16.16317,13.73591],[-16.16274,13.7333],[-16.16244,13.7311],[-16.16233,13.72866],[-16.16229,13.72811],[-16.16228,13.72709],[-16.16228,13.7269],[-16.16194,13.72576],[-16.16245,13.72355],[-16.16198,13.72313],[-16.16189,13.72269],[-16.16183,13.72221],[-16.1622,13.72111],[-16.16206,13.71959],[-16.16172,13.71822],[-16.16204,13.71578],[-16.16156,13.7143],[-16.16131,13.71256],[-16.16117,13.71178],[-16.16116,13.71054],[-16.16167,13.70837],[-16.16139,13.70709],[-16.16091,13.70645],[-16.161,13.70575],[-16.1609,13.7041],[-16.16085,13.70277],[-16.16033,13.70176],[-16.16055,13.70029],[-16.16078,13.69951],[-16.16111,13.699],[-16.16096,13.69693],[-16.16086,13.69564],[-16.16061,13.6939],[-16.16009,13.69298],[-16.1599,13.69137],[-16.15994,13.69026],[-16.15988,13.68898],[-16.15983,13.68769],[-16.15944,13.68613],[-16.15868,13.68516],[-16.15854,13.68516],[-16.15768,13.68361],[-16.15702,13.68269],[-16.15668,13.68071],[-16.15696,13.67915],[-16.15672,13.67768],[-16.15656,13.67391],[-16.15524,13.67309],[-16.15471,13.67157],[-16.15428,13.6696],[-16.15328,13.6678],[-16.15333,13.66643],[-16.15289,13.66449],[-16.15213,13.66293],[-16.15052,13.66202],[-16.1493,13.66175],[-16.14808,13.66028],[-16.14656,13.65799],[-16.14537,13.65675],[-16.14448,13.65624],[-16.14423,13.65547],[-16.14232,13.65634],[-16.14113,13.65681],[-16.13991,13.65658],[-16.13878,13.65511],[-16.1383,13.65355],[-16.13759,13.65167],[-16.13691,13.64961],[-16.13653,13.648],[-16.13694,13.64652],[-16.13844,13.64495],[-16.13952,13.64389],[-16.1405,13.64256],[-16.13927,13.64094],[-16.13814,13.64013],[-16.13564,13.63967],[-16.13353,13.64023],[-16.13094,13.64015],[-16.12939,13.64025],[-16.1277,13.63993],[-16.12524,13.6387],[-16.12434,13.63732],[-16.12297,13.63581],[-16.12315,13.63434],[-16.12291,13.63245],[-16.12318,13.63079],[-16.12125,13.62992],[-16.11923,13.62952],[-16.1173,13.63104],[-16.1165,13.63224],[-16.11614,13.63335],[-16.11591,13.6351],[-16.11559,13.6368],[-16.11569,13.63813],[-16.1154,13.63868],[-16.11518,13.63952],[-16.11354,13.6403],[-16.11194,13.64044],[-16.11057,13.64064],[-16.10893,13.64092],[-16.10746,13.64092],[-16.10601,13.64065],[-16.10478,13.63951],[-16.10449,13.63827],[-16.10439,13.6372],[-16.10448,13.63569],[-16.10532,13.63403],[-16.10602,13.63256],[-16.10662,13.63122],[-16.10751,13.62993],[-16.10783,13.62901],[-16.109,13.62757],[-16.11064,13.62619],[-16.11205,13.62522],[-16.11341,13.62406],[-16.1151,13.62245],[-16.11471,13.62098],[-16.11396,13.61955],[-16.11197,13.61819],[-16.11027,13.61707],[-16.108,13.61589],[-16.10612,13.61456],[-16.10503,13.61249],[-16.10497,13.61051],[-16.1044,13.60909],[-16.10392,13.60781],[-16.10298,13.60707],[-16.10218,13.60771],[-16.1004,13.60902],[-16.09951,13.61026],[-16.09891,13.6115],[-16.09703,13.6128],[-16.09628,13.61303],[-16.09511,13.61336],[-16.09369,13.61327],[-16.09175,13.61195],[-16.09006,13.61015],[-16.0885,13.60869],[-16.08731,13.60717],[-16.0867,13.60561],[-16.08654,13.60447],[-16.08559,13.60212],[-16.08573,13.59945],[-16.08675,13.59701],[-16.08791,13.59475],[-16.08913,13.59437],[-16.08997,13.59347]]]}},{"type":"Feature","properties":{"region":"kolda"},"geometry":{"type":"Polygon","coordinates":[[[-13.86053,13.51092],[-13.86,13.51018],[-13.85993,13.50989],[-13.85514,13.50807],[-13.85241,13.50636],[-13.84996,13.50465],[-13.84679,13.50323],[-13.8455,13.50209],[-13.84146,13.49981],[-13.83743,13.49767],[-13.8376,13.49614],[-13.83694,13.49588],[-13.83626,13.49497],[-13.83471,13.49276],[-13.82821,13.48057],[-13.82656,13.47785],[-13.82541,13.47503],[-13.82404,13.47193],[-13.82304,13.46933],[-13.82124,13.46601],[-13.81701,13.4592],[-13.8164,13.46],[-13.8131,13.45715],[-13.81095,13.45437],[-13.80694,13.45133],[-13.80432,13.44987],[-13.80188,13.44948],[-13.79871,13.44804],[-13.79699,13.44592],[-13.79627,13.44392],[-13.79528,13.44295],[-13.79389,13.44062],[-13.79268,13.4383],[-13.79262,13.43577],[-13.79272,13.4337],[-13.7927,13.43241],[-13.79266,13.43085],[-13.79234,13.42879],[-13.79205,13.42627],[-13.79234,13.42208],[-13.79274,13.41859],[-13.79281,13.41748],[-13.79309,13.41523],[-13.79315,13.41352],[-13.79359,13.41232],[-13.79403,13.41084],[-13.79429,13.40973],[-13.79473,13.40811],[-13.79501,13.4064],[-13.79546,13.40474],[-13.79584,13.40308],[-13.79624,13.40188],[-13.79666,13.39971],[-13.79714,13.39768],[-13.79747,13.39566],[-13.79892,13.3908],[-13.79936,13.38923],[-13.80037,13.38604],[-13.80072,13.3846],[-13.80232,13.38159],[-13.80257,13.38112],[-13.80283,13.37983],[-13.80391,13.37798],[-13.80509,13.37612],[-13.80651,13.3743],[-13.80834,13.37215],[-13.80952,13.36996],[-13.81186,13.36715],[-13.81344,13.36483],[-13.81492,13.36292],[-13.81569,13.36166],[-13.81656,13.36068],[-13.81719,13.35947],[-13.81929,13.35438],[-13.8201,13.35252],[-13.82147,13.35075],[-13.82518,13.34654],[-13.82791,13.34418],[-13.83383,13.33824],[-13.83701,13.33532],[-13.83946,13.33348],[-13.84229,13.33205],[-13.84532,13.3306],[-13.84861,13.32897],[-13.85215,13.3273],[-13.85696,13.32435],[-13.86077,13.32225],[-13.86375,13.32131],[-13.86679,13.32024],[-13.86992,13.31972],[-13.87318,13.31882],[-13.87613,13.31829],[-13.87964,13.31768],[-13.88272,13.31739],[-13.88591,13.31686],[-13.88927,13.31666],[-13.89306,13.31612],[-13.89544,13.31566],[-13.89888,13.31577],[-13.90221,13.31575],[-13.90555,13.31609],[-13.90907,13.31607],[-13.91306,13.31639],[-13.91556,13.31653],[-13.91846,13.31661],[-13.92176,13.317],[-13.92478,13.31767],[-13.92987,13.31858],[-13.93453,13.3193],[-13.93731,13.31979],[-13.94104,13.3206],[-13.94446,13.32071],[-13.94705,13.3206],[-13.95006,13.32137],[-13.95195,13.32137],[-13.95306,13.32076],[-13.95479,13.32022],[-13.9579,13.31896],[-13.96374,13.31516],[-13.96939,13.31196],[-13.97777,13.30691],[-13.98594,13.30211],[-13.99377,13.29749],[-13.99752,13.29543],[-13.99981,13.29452],[-14.00008,13.29427],[-14.00197,13.29309],[-14.00325,13.29263],[-14.00509,13.29121],[-14.00636,13.29121],[-14.00769,13.29098],[-14.00919,13.29086],[-14.01065,13.29073],[-14.0116,13.29054],[-14.01386,13.29056],[-14.01608,13.29033],[-14.01754,13.2902],[-14.01957,13.28993],[-14.02254,13.28971],[-14.02499,13.28935],[-14.02768,13.28914],[-14.02961,13.28891],[-14.03141,13.28892],[-14.0341,13.28852],[-14.0364,13.28866],[-14.03933,13.28867],[-14.04031,13.28862],[-14.04079,13.2886],[-14.04192,13.28855],[-14.04432,13.28856],[-14.04744,13.28834],[-14.04914,13.28835],[-14.05093,13.28854],[-14.05309,13.2885],[-14.05479,13.28861],[-14.05705,13.28907],[-14.05852,13.28954],[-14.05988,13.28986],[-14.06149,13.29066],[-14.06375,13.29085],[-14.06558,13.29146],[-14.06724,13.291],[-14.06851,13.29032],[-14.07002,13.28982],[-14.07191,13.28913],[-14.07257,13.28867],[-14.07403,13.2878],[-14.07498,13.28758],[-14.07681,13.28712],[-14.07851,13.28681],[-14.07908,13.28681],[-14.08035,13.28654],[-14.0821,13.28627],[-14.08347,13.28577],[-14.08541,13.28554],[-14.08696,13.28513],[-14.0887,13.28463],[-14.09111,13.28405],[-14.09305,13.28359],[-14.09522,13.28309],[-14.09682,13.28268],[-14.09908,13.28228],[-14.10172,13.28197],[-14.10465,13.28143],[-14.10682,13.28143],[-14.10875,13.28093],[-14.11054,13.28043],[-14.11281,13.28003],[-14.11441,13.27966],[-14.11549,13.27939],[-14.11621,13.27829],[-14.11625,13.27709],[-14.11621,13.27599],[-14.11603,13.27487],[-14.11589,13.27335],[-14.11607,13.27221],[-14.11618,13.27105],[-14.11604,13.26953],[-14.11595,13.26769],[-14.116,13.26644],[-14.11582,13.26441],[-14.11577,13.26335],[-14.11536,13.26169],[-14.1153,13.26031],[-14.11531,13.25842],[-14.11541,13.25717],[-14.11508,13.25593],[-14.11509,13.25459],[-14.11513,13.2538],[-14.11556,13.2527],[-14.11599,13.25128],[-14.11642,13.24994],[-14.11656,13.24888],[-14.11709,13.24778],[-14.11747,13.24681],[-14.11766,13.2457],[-14.1178,13.2446],[-14.11818,13.24368],[-14.11884,13.24239],[-14.11931,13.2416],[-14.12041,13.24055],[-14.12149,13.23941],[-14.12291,13.23816],[-14.12394,13.23706],[-14.12484,13.23586],[-14.12612,13.23448],[-14.12683,13.2332],[-14.12815,13.23191],[-14.12914,13.23081],[-14.13047,13.23012],[-14.13141,13.22852],[-14.1335,13.22682],[-14.13538,13.22549],[-14.13722,13.22443],[-14.13878,13.22357],[-14.14066,13.22224],[-14.14208,13.2216],[-14.14378,13.22123],[-14.14562,13.22083],[-14.14708,13.22069],[-14.14892,13.22047],[-14.1508,13.22044],[-14.15188,13.22048],[-14.15519,13.22017],[-14.15745,13.22046],[-14.15948,13.22088],[-14.1623,13.2214],[-14.16333,13.22177],[-14.16433,13.22205],[-14.16485,13.22196],[-14.16739,13.22238],[-14.16861,13.22326],[-14.17002,13.22424],[-14.17204,13.22494],[-14.17313,13.2254],[-14.17445,13.22545],[-14.17595,13.22606],[-14.17783,13.22708],[-14.1793,13.2281],[-14.18071,13.22874],[-14.18292,13.22991],[-14.1849,13.22945],[-14.18688,13.22937],[-14.18994,13.22887],[-14.19174,13.22815],[-14.19324,13.2276],[-14.19475,13.22769],[-14.19579,13.2277],[-14.1973,13.2265],[-14.19806,13.22623],[-14.19985,13.22545],[-14.20008,13.22527],[-14.20154,13.2244],[-14.20259,13.2238],[-14.20367,13.22316],[-14.20593,13.2228],[-14.20786,13.22207],[-14.21046,13.22111],[-14.21338,13.22029],[-14.2155,13.21961],[-14.21725,13.21901],[-14.21885,13.21874],[-14.2229,13.21853],[-14.2246,13.21835],[-14.22643,13.21826],[-14.22907,13.21763],[-14.23035,13.21796],[-14.23223,13.21778],[-14.23496,13.21788],[-14.2368,13.21835],[-14.23821,13.21859],[-14.24024,13.21891],[-14.24216,13.21961],[-14.24297,13.22003],[-14.24438,13.22105],[-14.24555,13.2216],[-14.24767,13.22285],[-14.24913,13.22383],[-14.25031,13.22503],[-14.25219,13.22601],[-14.25327,13.2272],[-14.25524,13.22837],[-14.25623,13.22943],[-14.25764,13.23105],[-14.25863,13.23262],[-14.25956,13.23387],[-14.26032,13.23511],[-14.26173,13.23719],[-14.26314,13.23908],[-14.26474,13.24111],[-14.26582,13.24204],[-14.26727,13.24283],[-14.26883,13.24215],[-14.26996,13.24155],[-14.27091,13.24095],[-14.27298,13.24018],[-14.27426,13.23972],[-14.27713,13.23973],[-14.28,13.23969],[-14.28264,13.23924],[-14.28499,13.23957],[-14.28726,13.23893],[-14.28924,13.23765],[-14.29098,13.23844],[-14.29315,13.23881],[-14.2964,13.23841],[-14.30022,13.23884],[-14.30309,13.23806],[-14.30535,13.23756],[-14.30681,13.23747],[-14.30907,13.23716],[-14.31374,13.23607],[-14.31746,13.23502],[-14.32052,13.23466],[-14.32306,13.23434],[-14.32533,13.23361],[-14.32736,13.23316],[-14.32877,13.23303],[-14.33099,13.23326],[-14.33319,13.2324],[-14.33494,13.23226],[-14.33706,13.23153],[-14.33909,13.23126],[-14.34144,13.23099],[-14.34309,13.23044],[-14.34413,13.23016],[-14.34742,13.22958],[-14.34969,13.22936],[-14.35246,13.22945],[-14.35445,13.22937],[-14.35591,13.22933],[-14.35887,13.2297],[-14.36179,13.23072],[-14.36363,13.23129],[-14.36414,13.23211],[-14.3664,13.23328],[-14.36937,13.23361],[-14.37271,13.2344],[-14.37535,13.23501],[-14.37694,13.23552],[-14.37953,13.23654],[-14.38198,13.23719],[-14.38372,13.23793],[-14.38546,13.2385],[-14.38786,13.23969],[-14.39022,13.24007],[-14.39191,13.24123],[-14.39483,13.24271],[-14.39704,13.2436],[-14.39935,13.24415],[-14.40076,13.24545],[-14.40283,13.24647],[-14.40471,13.24748],[-14.40706,13.2492],[-14.40867,13.25045],[-14.41059,13.25147],[-14.4114,13.25202],[-14.41205,13.2522],[-14.41281,13.25262],[-14.41426,13.25336],[-14.41591,13.25452],[-14.41826,13.25614],[-14.42114,13.25808],[-14.42282,13.25923],[-14.42528,13.26095],[-14.42734,13.2628],[-14.42946,13.26447],[-14.43176,13.26613],[-14.43435,13.26747],[-14.43656,13.2695],[-14.4384,13.27084],[-14.44,13.27352],[-14.44188,13.2756],[-14.44333,13.27782],[-14.44484,13.27953],[-14.44611,13.28174],[-14.44761,13.2834],[-14.44944,13.28557],[-14.45063,13.28696],[-14.45109,13.2875],[-14.45198,13.28954],[-14.45349,13.29148],[-14.45443,13.29272],[-14.45603,13.2943],[-14.45767,13.29582],[-14.45856,13.29854],[-14.45951,13.3002],[-14.46106,13.30071],[-14.46323,13.30021],[-14.46534,13.30035],[-14.46789,13.30046],[-14.47048,13.30046],[-14.4733,13.30029],[-14.4759,13.30015],[-14.47877,13.30025],[-14.4807,13.30072],[-14.48329,13.30095],[-14.48625,13.30091],[-14.48979,13.30065],[-14.49233,13.30129],[-14.49515,13.30222],[-14.49873,13.30223],[-14.501,13.30269],[-14.50448,13.30289],[-14.50782,13.30345],[-14.51032,13.30382],[-14.51243,13.30433],[-14.51478,13.30485],[-14.51724,13.30568],[-14.52029,13.30744],[-14.52298,13.30855],[-14.52524,13.30989],[-14.52707,13.31068],[-14.52821,13.31124],[-14.52994,13.31203],[-14.53126,13.31244],[-14.53267,13.31313],[-14.53531,13.31489],[-14.53775,13.31669],[-14.5394,13.31822],[-14.54195,13.3202],[-14.54401,13.32145],[-14.54759,13.32321],[-14.54933,13.3245],[-14.55145,13.32607],[-14.55385,13.32792],[-14.55493,13.32893],[-14.55611,13.3306],[-14.55743,13.33239],[-14.55903,13.33448],[-14.56147,13.33688],[-14.56302,13.33849],[-14.56444,13.34029],[-14.56664,13.3425],[-14.5689,13.345],[-14.57037,13.34703],[-14.57182,13.34924],[-14.57361,13.35192],[-14.57516,13.35394],[-14.57695,13.35694],[-14.57807,13.35874],[-14.58081,13.35815],[-14.58344,13.35696],[-14.58537,13.35567],[-14.58797,13.3542],[-14.59042,13.35347],[-14.59325,13.35177],[-14.59635,13.35021],[-14.59876,13.3492],[-14.60125,13.34755],[-14.60342,13.34677],[-14.60596,13.34534],[-14.60855,13.34429],[-14.61134,13.34305],[-14.61383,13.3424],[-14.61628,13.34227],[-14.61919,13.34228],[-14.62202,13.34159],[-14.62537,13.34105],[-14.62814,13.34096],[-14.63049,13.34041],[-14.63313,13.34088],[-14.63614,13.34075],[-14.64024,13.34056],[-14.64292,13.34016],[-14.64542,13.34025],[-14.64796,13.34072],[-14.65027,13.34077],[-14.65342,13.34169],[-14.65563,13.3417],[-14.65841,13.34203],[-14.66151,13.34254],[-14.66476,13.34282],[-14.66764,13.34338],[-14.67022,13.34384],[-14.67263,13.34426],[-14.67535,13.34537],[-14.67809,13.34647],[-14.68062,13.34731],[-14.68265,13.34832],[-14.68491,13.35022],[-14.68731,13.35133],[-14.68994,13.35271],[-14.69258,13.35369],[-14.69475,13.35539],[-14.69649,13.35627],[-14.69899,13.35761],[-14.70247,13.3583],[-14.70397,13.36015],[-14.70657,13.36038],[-14.70886,13.36163],[-14.71075,13.36255],[-14.71282,13.3637],[-14.71503,13.36486],[-14.7165,13.36583],[-14.718,13.36671],[-14.71978,13.36745],[-14.72101,13.36828],[-14.72204,13.36901],[-14.7235,13.36967],[-14.72562,13.37064],[-14.72746,13.37165],[-14.72831,13.3725],[-14.72896,13.37317],[-14.73028,13.37419],[-14.73127,13.37465],[-14.73226,13.37529],[-14.73287,13.37603],[-14.73334,13.37663],[-14.73428,13.37778],[-14.73499,13.37843],[-14.73588,13.37967],[-14.73626,13.37991],[-14.73743,13.38101],[-14.73838,13.38202],[-14.73913,13.38383],[-14.74016,13.38419],[-14.74148,13.38539],[-14.74233,13.38618],[-14.74346,13.38728],[-14.74563,13.38918],[-14.74614,13.38991],[-14.74684,13.39083],[-14.74774,13.39204],[-14.74807,13.39305],[-14.74869,13.39429],[-14.75052,13.39669],[-14.7508,13.39779],[-14.75109,13.39783],[-14.75137,13.39871],[-14.75259,13.40074],[-14.7531,13.40199],[-14.75339,13.40263],[-14.75442,13.40485],[-14.75546,13.40618],[-14.75626,13.40756],[-14.75641,13.40807],[-14.75654,13.40807],[-14.75721,13.40908],[-14.75748,13.41037],[-14.75781,13.41185],[-14.75824,13.41258],[-14.7588,13.41392],[-14.75922,13.41507],[-14.75989,13.41586],[-14.76007,13.41669],[-14.76036,13.41728],[-14.7605,13.41742],[-14.76121,13.4176],[-14.76182,13.41756],[-14.76299,13.41747],[-14.76398,13.41701],[-14.7646,13.41696],[-14.76634,13.41669],[-14.76676,13.41655],[-14.76827,13.4161],[-14.76977,13.41577],[-14.771,13.41554],[-14.77189,13.41536],[-14.77382,13.41514],[-14.77458,13.41514],[-14.77584,13.41504],[-14.77636,13.41486],[-14.77669,13.41477],[-14.77867,13.41495],[-14.78004,13.41491],[-14.7814,13.41491],[-14.78399,13.41482],[-14.78559,13.41469],[-14.78733,13.4146],[-14.78828,13.41469],[-14.7894,13.41501],[-14.7918,13.41538],[-14.79354,13.41529],[-14.795,13.4152],[-14.7958,13.41511],[-14.79726,13.41529],[-14.79881,13.41548],[-14.7998,13.41562],[-14.80187,13.41595],[-14.80296,13.4159],[-14.80418,13.41599],[-14.80536,13.4165],[-14.80569,13.4165],[-14.80804,13.41687],[-14.80974,13.41729],[-14.81209,13.41774],[-14.81397,13.41821],[-14.81561,13.41904],[-14.81693,13.41955],[-14.8176,13.42033],[-14.81868,13.42047],[-14.82023,13.42139],[-14.82202,13.42245],[-14.82386,13.42333],[-14.82532,13.42407],[-14.8281,13.42554],[-14.82941,13.42619],[-14.83055,13.42697],[-14.83176,13.42789],[-14.83403,13.42961],[-14.8352,13.43066],[-14.83671,13.432],[-14.8377,13.43269],[-14.83916,13.43408],[-14.84165,13.43619],[-14.8433,13.43771],[-14.84472,13.43905],[-14.84566,13.44007],[-14.84665,13.44163],[-14.84768,13.44241],[-14.84862,13.44348],[-14.84984,13.44463],[-14.85031,13.44495],[-14.85084,13.44527],[-14.85187,13.44564],[-14.85262,13.44597],[-14.85366,13.4461],[-14.85478,13.4461],[-14.85525,13.44601],[-14.85639,13.44592],[-14.85723,13.44569],[-14.85959,13.44537],[-14.86086,13.44518],[-14.86325,13.44487],[-14.86401,13.44482],[-14.86679,13.44505],[-14.86877,13.44538],[-14.87013,13.44538],[-14.87371,13.4457],[-14.87597,13.44561],[-14.8761,13.44561],[-14.87926,13.44593],[-14.88218,13.44616],[-14.88411,13.44626],[-14.8859,13.44626],[-14.88905,13.44626],[-14.89065,13.44658],[-14.89253,13.44686],[-14.8947,13.44695],[-14.89587,13.44695],[-14.897,13.44724],[-14.89954,13.44746],[-14.90162,13.44816],[-14.9034,13.44862],[-14.90562,13.44917],[-14.90726,13.44954],[-14.91014,13.45041],[-14.91296,13.45129],[-14.91391,13.45198],[-14.91611,13.45272],[-14.91668,13.45309],[-14.91969,13.45415],[-14.92139,13.45466],[-14.92449,13.45576],[-14.92624,13.45609],[-14.9276,13.45696],[-14.92916,13.45807],[-14.93042,13.45871],[-14.93278,13.45973],[-14.93466,13.4606],[-14.93824,13.46226],[-14.9404,13.46259],[-14.94191,13.46305],[-14.94351,13.46406],[-14.94572,13.4653],[-14.94821,13.46673],[-14.95024,13.46737],[-14.95156,13.46783],[-14.95462,13.46908],[-14.95796,13.47074],[-14.96064,13.47161],[-14.96314,13.47318],[-14.96587,13.47452],[-14.96884,13.4758],[-14.97147,13.47737],[-14.97486,13.47857],[-14.97731,13.47994],[-14.98013,13.48128],[-14.98183,13.4822],[-14.98371,13.48363],[-14.98569,13.48496],[-14.98828,13.48672],[-14.99054,13.48764],[-14.99186,13.48819],[-14.99435,13.48938],[-14.99586,13.48989],[-14.99727,13.49086],[-14.99915,13.49165],[-14.9995,13.49212],[-15.00307,13.49547],[-15.0088,13.49892],[-15.01586,13.50468],[-15.02306,13.51029],[-15.03423,13.52035],[-15.04114,13.52597],[-15.05094,13.53524],[-15.05922,13.54495],[-15.06791,13.55392],[-15.07449,13.56266],[-15.07618,13.56535],[-15.0789,13.57075],[-15.08016,13.5732],[-15.08217,13.57842],[-15.08566,13.58992],[-15.08805,13.59546],[-15.09012,13.60046],[-15.09644,13.59715],[-15.11894,13.59053],[-15.14129,13.58275],[-15.14466,13.57153],[-15.15201,13.56548],[-15.16656,13.55224],[-15.17037,13.54993],[-15.17317,13.5472],[-15.17831,13.54273],[-15.18433,13.53683],[-15.18727,13.53467],[-15.19183,13.53265],[-15.1955,13.5305],[-15.19726,13.52948],[-15.20019,13.51884],[-15.20107,13.5128],[-15.20444,13.49711],[-15.20722,13.48244],[-15.20868,13.47596],[-15.21367,13.4597],[-15.21776,13.44373],[-15.22041,13.43711],[-15.22143,13.43294],[-15.22407,13.42718],[-15.2273,13.42214],[-15.22876,13.41912],[-15.23126,13.41783],[-15.24859,13.40227],[-15.27155,13.38305],[-15.28646,13.37317],[-15.29938,13.36654],[-15.29981,13.36553],[-15.301,13.36654],[-15.31965,13.36407],[-15.33808,13.36059],[-15.33867,13.3603],[-15.33908,13.36025],[-15.33952,13.35684],[-15.3396,13.35468],[-15.33929,13.35085],[-15.3389,13.34801],[-15.33892,13.34455],[-15.33918,13.34091],[-15.33907,13.33791],[-15.33885,13.33414],[-15.33916,13.33166],[-15.33896,13.32922],[-15.33936,13.32603],[-15.33944,13.32337],[-15.33943,13.32115],[-15.33921,13.31752],[-15.33933,13.31448],[-15.33931,13.31199],[-15.33906,13.30987],[-15.33867,13.30766],[-15.33894,13.30526],[-15.33872,13.30204],[-15.3389,13.29983],[-15.33864,13.29721],[-15.33872,13.29499],[-15.33924,13.29374],[-15.33983,13.29139],[-15.34038,13.28978],[-15.34252,13.2866],[-15.34339,13.28415],[-15.34559,13.28185],[-15.34691,13.27911],[-15.34777,13.27771],[-15.35043,13.27623],[-15.3513,13.27379],[-15.35307,13.27292],[-15.35271,13.27109],[-15.35416,13.26952],[-15.35512,13.26716],[-15.35541,13.264],[-15.35519,13.26209],[-15.3557,13.25853],[-15.35481,13.25565],[-15.3548,13.25321],[-15.35435,13.2499],[-15.35362,13.24774],[-15.35325,13.24585],[-15.35333,13.24359],[-15.35302,13.24065],[-15.35254,13.23853],[-15.35248,13.23655],[-15.35256,13.23448],[-15.35273,13.23273],[-15.35263,13.2313],[-15.35294,13.22799],[-15.3525,13.22583],[-15.35164,13.22367],[-15.35092,13.22155],[-15.34977,13.22041],[-15.34918,13.21941],[-15.34639,13.21812],[-15.34492,13.21712],[-15.3433,13.21554],[-15.34197,13.21395],[-15.33977,13.21151],[-15.33845,13.20935],[-15.33727,13.20835],[-15.33642,13.20761],[-15.33548,13.20651],[-15.33403,13.20634],[-15.3333,13.20461],[-15.33124,13.20303],[-15.32963,13.20232],[-15.32713,13.20117],[-15.32595,13.20089],[-15.32331,13.20002],[-15.32183,13.19808],[-15.32022,13.1969],[-15.31909,13.19588],[-15.31734,13.19549],[-15.31531,13.19467],[-15.31371,13.19431],[-15.31177,13.19341],[-15.31021,13.19153],[-15.30893,13.18974],[-15.30773,13.18696],[-15.30618,13.18635],[-15.30372,13.18439],[-15.30167,13.18731],[-15.30107,13.18988],[-15.30066,13.19146],[-15.29922,13.19343],[-15.29761,13.19416],[-15.29585,13.19329],[-15.29394,13.19229],[-15.29159,13.19158],[-15.2891,13.19071],[-15.28469,13.18942],[-15.28394,13.18798],[-15.28088,13.18726],[-15.27825,13.18631],[-15.27401,13.18482],[-15.27074,13.18325],[-15.26809,13.18282],[-15.26471,13.18226],[-15.26207,13.18125],[-15.25987,13.17996],[-15.25664,13.17823],[-15.25524,13.17781],[-15.25459,13.17804],[-15.2541,13.17588],[-15.25404,13.17386],[-15.25397,13.17105],[-15.25288,13.16912],[-15.25301,13.16659],[-15.25256,13.1637],[-15.2527,13.16267],[-15.25311,13.16106],[-15.25395,13.15913],[-15.25397,13.15663],[-15.25368,13.15517],[-15.25415,13.15309],[-15.25432,13.15148],[-15.25426,13.15014],[-15.25448,13.14779],[-15.25384,13.14476],[-15.25307,13.14214],[-15.2522,13.13901],[-15.25064,13.13699],[-15.25031,13.13681],[-15.24926,13.13406],[-15.24633,13.13104],[-15.24406,13.12852],[-15.24078,13.12431],[-15.23946,13.12265],[-15.23898,13.12095],[-15.2382,13.11796],[-15.23707,13.11535],[-15.23582,13.11222],[-15.23533,13.10924],[-15.23466,13.10716],[-15.23374,13.10427],[-15.23317,13.10206],[-15.23249,13.09953],[-15.232,13.09627],[-15.23105,13.09373],[-15.23,13.0908],[-15.22941,13.08846],[-15.22855,13.08569],[-15.22704,13.08358],[-15.22584,13.0806],[-15.22558,13.07816],[-15.22548,13.07655],[-15.22598,13.07429],[-15.22727,13.07106],[-15.22829,13.06732],[-15.22873,13.06405],[-15.22937,13.06054],[-15.22926,13.05833],[-15.22971,13.05585],[-15.22946,13.05226],[-15.22973,13.05068],[-15.22958,13.0487],[-15.22928,13.04724],[-15.22791,13.05007],[-15.22571,13.04993],[-15.22453,13.04907],[-15.22251,13.04609],[-15.22116,13.04691],[-15.21954,13.04648],[-15.21837,13.0449],[-15.21455,13.04433],[-15.21426,13.04282],[-15.21264,13.04303],[-15.21181,13.04095],[-15.20766,13.03973],[-15.20545,13.03786],[-15.20295,13.03691],[-15.19929,13.03643],[-15.19812,13.03527],[-15.19635,13.03384],[-15.19372,13.03284],[-15.19181,13.03298],[-15.18843,13.03212],[-15.18652,13.03169],[-15.18153,13.02939],[-15.18006,13.02795],[-15.17787,13.02608],[-15.17785,13.02607],[-15.17782,13.02601],[-15.17405,13.02393],[-15.17199,13.02336],[-15.17067,13.02105],[-15.17098,13.02054],[-15.16876,13.01921],[-15.16809,13.01825],[-15.16593,13.01716],[-15.16343,13.0157],[-15.16121,13.01424],[-15.16031,13.01287],[-15.15913,13.01108],[-15.15816,13.00831],[-15.15768,13.00675],[-15.15725,13.00408],[-15.15705,13.00265],[-15.1568,13.00104],[-15.15659,13.00025],[-15.15652,12.99994],[-15.15698,12.99514],[-15.15997,12.99047],[-15.1624,12.98644],[-15.16378,12.98378],[-15.16516,12.98167],[-15.16607,12.97961],[-15.16789,12.97521],[-15.16788,12.9711],[-15.1671,12.9682],[-15.16669,12.96755],[-15.16338,12.96389],[-15.16187,12.96074],[-15.1604,12.95673],[-15.15943,12.95488],[-15.15982,12.9534],[-15.15934,12.9499],[-15.15892,12.94824],[-15.15828,12.94686],[-15.15791,12.94593],[-15.15694,12.94422],[-15.15587,12.94283],[-15.15354,12.94217],[-15.15209,12.94091],[-15.13897,12.92642],[-15.12584,12.91194],[-15.11272,12.89745],[-15.11231,12.89601],[-15.11227,12.89524],[-15.11266,12.89298],[-15.11304,12.8917],[-15.1133,12.88944],[-15.1136,12.88806],[-15.11527,12.8838],[-15.11604,12.88141],[-15.11629,12.87999],[-15.11657,12.87465],[-15.11591,12.86944],[-15.11571,12.86623],[-15.11601,12.86411],[-15.11601,12.8584],[-15.11606,12.85242],[-15.11596,12.84828],[-15.11571,12.83815],[-15.11554,12.83575],[-15.11511,12.8276],[-15.11504,12.82406],[-15.11502,12.82057],[-15.11542,12.81845],[-15.11595,12.81643],[-15.1163,12.81377],[-15.11721,12.81189],[-15.11878,12.80946],[-15.12048,12.8075],[-15.12397,12.80486],[-15.12576,12.80331],[-15.1273,12.80062],[-15.1274,12.7984],[-15.12743,12.79768],[-15.12745,12.79725],[-15.12732,12.79596],[-15.12742,12.79509],[-15.12689,12.79273],[-15.12722,12.792],[-15.12767,12.79099],[-15.12807,12.79008],[-15.12874,12.78939],[-15.12963,12.78866],[-15.13044,12.78756],[-15.13138,12.78674],[-15.1328,12.78602],[-15.13486,12.78548],[-15.1358,12.78517],[-15.13665,12.78486],[-15.13797,12.78367],[-15.13849,12.78215],[-15.1387,12.78018],[-15.13866,12.77917],[-15.13792,12.77746],[-15.13743,12.77584],[-15.13716,12.77414],[-15.13694,12.77262],[-15.13729,12.77042],[-15.13795,12.76895],[-15.13894,12.76795],[-15.14022,12.76597],[-15.14136,12.76437],[-15.14418,12.75782],[-15.14503,12.75649],[-15.14608,12.75484],[-15.1466,12.75388],[-15.1476,12.75182],[-15.14841,12.75026],[-15.15206,12.74624],[-15.15424,12.74263],[-15.15514,12.74145],[-15.15543,12.74107],[-15.15567,12.74008],[-15.15605,12.7385],[-15.15551,12.73657],[-15.15435,12.7354],[-15.15245,12.73404],[-15.15046,12.73077],[-15.14907,12.72814],[-15.14824,12.72648],[-15.14714,12.7233],[-15.14577,12.72015],[-15.14522,12.71835],[-15.14496,12.71665],[-15.14461,12.71403],[-15.14457,12.712],[-15.14417,12.70974],[-15.14376,12.70739],[-15.14337,12.70528],[-15.14324,12.70334],[-15.1432,12.70274],[-15.14269,12.70141],[-15.14145,12.69974],[-15.14047,12.6984],[-15.14043,12.69743],[-15.14002,12.6971],[-15.13886,12.69586],[-15.13587,12.69603],[-15.13242,12.69476],[-15.13228,12.69392],[-15.13098,12.69392],[-15.12839,12.69279],[-15.12824,12.69194],[-15.12681,12.69151],[-15.12508,12.68996],[-15.12407,12.68897],[-15.12349,12.68812],[-15.12423,12.6876],[-15.12348,12.68708],[-15.12274,12.6863],[-15.12242,12.68584],[-15.12243,12.68581],[-15.11648,12.68581],[-15.1055,12.68592],[-15.09453,12.68605],[-15.08355,12.68616],[-15.06694,12.68639],[-15.0528,12.68628],[-15.038,12.6862],[-15.03078,12.68617],[-15.0207,12.68621],[-15.01064,12.68624],[-15.00056,12.68628],[-15.00041,12.68598],[-14.99997,12.68259],[-14.99705,12.68248],[-14.99177,12.68214],[-14.97903,12.68191],[-14.96554,12.68161],[-14.95205,12.68131],[-14.93856,12.681],[-14.92069,12.68063],[-14.90284,12.68026],[-14.88497,12.67988],[-14.86711,12.67951],[-14.84335,12.67895],[-14.84274,12.67893],[-14.83776,12.67882],[-14.82329,12.67881],[-14.80883,12.6788],[-14.79437,12.67879],[-14.77793,12.67883],[-14.7615,12.67887],[-14.74507,12.67891],[-14.72864,12.67894],[-14.71857,12.67905],[-14.7085,12.67915],[-14.69842,12.67925],[-14.68374,12.67957],[-14.66906,12.6799],[-14.65438,12.68021],[-14.64302,12.68042],[-14.63165,12.68063],[-14.62157,12.68083],[-14.62028,12.68085],[-14.60636,12.68094],[-14.57851,12.68113],[-14.55919,12.6812],[-14.53534,12.68139],[-14.52117,12.6814],[-14.507,12.68142],[-14.49281,12.68143],[-14.4772,12.68128],[-14.46159,12.68114],[-14.44598,12.68099],[-14.41964,12.68128],[-14.40313,12.68102],[-14.39198,12.68103],[-14.38083,12.68104],[-14.36967,12.68105],[-14.35257,12.6809],[-14.33547,12.68074],[-14.32609,12.68065],[-14.31836,12.68058],[-14.30126,12.68042],[-14.28924,12.68032],[-14.27723,12.68021],[-14.26521,12.6801],[-14.25348,12.67972],[-14.24176,12.67936],[-14.23004,12.67898],[-14.21957,12.67888],[-14.2091,12.67877],[-14.19864,12.67866],[-14.18007,12.67823],[-14.16151,12.6778],[-14.14295,12.67736],[-14.13169,12.67699],[-14.12043,12.6766],[-14.10918,12.67623],[-14.08144,12.67613],[-14.07962,12.67611],[-14.06482,12.67596],[-14.03526,12.67586],[-14.02396,12.67578],[-14.01268,12.6757],[-14.00138,12.67561],[-14.00103,12.67557],[-13.99822,12.67624],[-13.9883,12.6762],[-13.96747,12.67577],[-13.94659,12.67592],[-13.92571,12.67606],[-13.90482,12.6762],[-13.88395,12.67634],[-13.87402,12.67618],[-13.86031,12.67612],[-13.84514,12.67618],[-13.82996,12.67622],[-13.81478,12.67627],[-13.79568,12.67652],[-13.78866,12.67638],[-13.76666,12.6765],[-13.7386,12.67603],[-13.72047,12.67583],[-13.69209,12.67614],[-13.67656,12.67651],[-13.65347,12.67639],[-13.63102,12.6764],[-13.61601,12.67641],[-13.6135,12.67641],[-13.61203,12.67641],[-13.59901,12.67649],[-13.58599,12.67658],[-13.57297,12.67665],[-13.56952,12.6763],[-13.55722,12.67634],[-13.54891,12.67641],[-13.5392,12.67659],[-13.53672,12.67657],[-13.53132,12.67654],[-13.52787,12.67641],[-13.52183,12.67627],[-13.51849,12.67636],[-13.5159,12.67646],[-13.51331,12.67633],[-13.5104,12.67654],[-13.5077,12.67641],[-13.50446,12.67639],[-13.50219,12.67626],[-13.49993,12.67637],[-13.49659,12.67567],[-13.49368,12.67543],[-13.48523,12.67448],[-13.48495,12.67529],[-13.48486,12.67539],[-13.48447,12.67606],[-13.48403,12.67712],[-13.4837,12.67743],[-13.48317,12.67775],[-13.48217,12.67847],[-13.48156,12.67897],[-13.48103,12.6797],[-13.48065,12.68087],[-13.47975,12.68022],[-13.47907,12.68101],[-13.47766,12.68144],[-13.47654,12.68174],[-13.4754,12.68218],[-13.47426,12.68317],[-13.47358,12.68432],[-13.4731,12.68505],[-13.47261,12.686],[-13.4716,12.68769],[-13.47111,12.68943],[-13.46981,12.69027],[-13.4688,12.69083],[-13.46764,12.69153],[-13.46605,12.69223],[-13.46548,12.69293],[-13.46403,12.69405],[-13.46342,12.69428],[-13.46325,12.69529],[-13.46366,12.69622],[-13.46448,12.69766],[-13.46533,12.69768],[-13.46633,12.69723],[-13.4668,12.69696],[-13.46798,12.69671],[-13.46822,12.69638],[-13.46878,12.69602],[-13.46954,12.69599],[-13.46948,12.69632],[-13.46975,12.69715],[-13.46931,12.69806],[-13.46912,12.69857],[-13.46897,12.69898],[-13.46872,12.69994],[-13.46833,12.70072],[-13.46812,12.70182],[-13.46783,12.70218],[-13.4675,12.70287],[-13.46697,12.70332],[-13.46684,12.70481],[-13.46613,12.70452],[-13.46483,12.70493],[-13.46396,12.70378],[-13.46362,12.70405],[-13.46382,12.70563],[-13.46262,12.70527],[-13.46228,12.70606],[-13.46221,12.70734],[-13.46216,12.70762],[-13.46216,12.70789],[-13.46257,12.70836],[-13.46298,12.70911],[-13.46354,12.70972],[-13.46371,12.7105],[-13.46383,12.71161],[-13.46422,12.71318],[-13.46469,12.71393],[-13.46522,12.71532],[-13.46541,12.71559],[-13.46559,12.71625],[-13.4658,12.71717],[-13.46589,12.71759],[-13.46588,12.71842],[-13.46576,12.71882],[-13.46517,12.71921],[-13.46445,12.71968],[-13.4637,12.71991],[-13.46327,12.72064],[-13.46289,12.72066],[-13.46222,12.72119],[-13.46127,12.72133],[-13.4607,12.7221],[-13.45964,12.72319],[-13.45955,12.72356],[-13.45883,12.72429],[-13.4591,12.72484],[-13.45923,12.72512],[-13.45864,12.72742],[-13.45899,12.72853],[-13.45898,12.72978],[-13.45898,12.72987],[-13.45939,12.7307],[-13.45984,12.73136],[-13.46021,12.73214],[-13.46042,12.73298],[-13.46056,12.73326],[-13.46078,12.7339],[-13.46096,12.73451],[-13.46119,12.7347],[-13.46109,12.73511],[-13.4608,12.73589],[-13.46069,12.73717],[-13.46011,12.7381],[-13.45938,12.73895],[-13.45877,12.73936],[-13.45866,12.74018],[-13.45845,12.74156],[-13.45792,12.74275],[-13.4583,12.74326],[-13.45875,12.74372],[-13.4586,12.74417],[-13.45932,12.74462],[-13.45995,12.74598],[-13.4612,12.74696],[-13.46244,12.7471],[-13.46332,12.746],[-13.46415,12.74527],[-13.46453,12.74417],[-13.46462,12.74302],[-13.46498,12.74234],[-13.46552,12.74209],[-13.4661,12.74204],[-13.46681,12.74179],[-13.46738,12.74185],[-13.46774,12.74209],[-13.46774,12.74222],[-13.46792,12.74301],[-13.4684,12.74372],[-13.46871,12.74425],[-13.4687,12.74482],[-13.46835,12.74507],[-13.46784,12.7451],[-13.46747,12.74527],[-13.46723,12.74569],[-13.46688,12.74631],[-13.46658,12.74709],[-13.46658,12.74732],[-13.46629,12.74916],[-13.46596,12.7508],[-13.46458,12.75059],[-13.46392,12.75025],[-13.46341,12.74965],[-13.46289,12.74948],[-13.46211,12.7491],[-13.46169,12.74888],[-13.46105,12.74862],[-13.46045,12.74859],[-13.46019,12.74859],[-13.45955,12.74881],[-13.45917,12.74899],[-13.45902,12.74931],[-13.45892,12.7501],[-13.45901,12.75051],[-13.45974,12.75172],[-13.46024,12.75256],[-13.46037,12.75312],[-13.4605,12.75385],[-13.4606,12.754],[-13.46087,12.75441],[-13.46118,12.75562],[-13.46134,12.75709],[-13.46162,12.75765],[-13.46166,12.75783],[-13.46183,12.75849],[-13.46224,12.75969],[-13.46223,12.76002],[-13.4623,12.7606],[-13.46226,12.76059],[-13.46227,12.76067],[-13.46233,12.76072],[-13.46245,12.7608],[-13.46232,12.76077],[-13.4623,12.76079],[-13.46217,12.76084],[-13.46192,12.7623],[-13.46197,12.76295],[-13.46159,12.76379],[-13.46127,12.76439],[-13.46098,12.76486],[-13.46052,12.76526],[-13.46031,12.76591],[-13.45977,12.76624],[-13.45973,12.76652],[-13.45907,12.76697],[-13.45898,12.76742],[-13.45843,12.76856],[-13.45855,12.76944],[-13.45862,12.77115],[-13.45901,12.77295],[-13.45928,12.77328],[-13.4597,12.77398],[-13.46018,12.77639],[-13.46022,12.77625],[-13.46086,12.77774],[-13.46126,12.77913],[-13.46138,12.7802],[-13.46164,12.78195],[-13.46174,12.78375],[-13.46192,12.78463],[-13.46276,12.78502],[-13.46314,12.78506],[-13.46338,12.78507],[-13.46374,12.78503],[-13.46399,12.78481],[-13.46527,12.78404],[-13.46542,12.78293],[-13.46604,12.78262],[-13.46614,12.7823],[-13.46648,12.78185],[-13.46653,12.78171],[-13.46786,12.7804],[-13.46815,12.78026],[-13.4693,12.77913],[-13.46963,12.77913],[-13.46986,12.77942],[-13.46989,12.77988],[-13.46992,12.78026],[-13.46955,12.7806],[-13.46963,12.78085],[-13.46965,12.78116],[-13.46951,12.78133],[-13.46936,12.78218],[-13.46849,12.78231],[-13.46839,12.78245],[-13.46829,12.78264],[-13.46833,12.78291],[-13.4682,12.7831],[-13.46743,12.78375],[-13.4672,12.78406],[-13.46691,12.78439],[-13.4669,12.78476],[-13.46689,12.78513],[-13.46664,12.7861],[-13.46664,12.78641],[-13.46662,12.78747],[-13.46599,12.78852],[-13.46543,12.78992],[-13.46522,12.79074],[-13.46452,12.79162],[-13.46311,12.79267],[-13.46267,12.79289],[-13.46203,12.79411],[-13.46146,12.79522],[-13.46131,12.79623],[-13.46074,12.79677],[-13.46069,12.7971],[-13.46062,12.7983],[-13.46061,12.79857],[-13.46051,12.79945],[-13.4605,12.79982],[-13.46066,12.80116],[-13.46066,12.80162],[-13.46079,12.80222],[-13.46078,12.8025],[-13.46136,12.80467],[-13.46165,12.80458],[-13.46212,12.80446],[-13.46259,12.8045],[-13.46328,12.80471],[-13.46343,12.80471],[-13.46428,12.80453],[-13.46493,12.80469],[-13.46592,12.80457],[-13.46649,12.80444],[-13.46752,12.8046],[-13.46784,12.80473],[-13.46799,12.80473],[-13.46948,12.80458],[-13.47132,12.80498],[-13.47155,12.80498],[-13.47211,12.80508],[-13.47263,12.8051],[-13.47388,12.80659],[-13.47401,12.80673],[-13.47434,12.80669],[-13.47457,12.80706],[-13.47544,12.8086],[-13.4755,12.80999],[-13.47596,12.81147],[-13.47605,12.81179],[-13.47593,12.81275],[-13.47614,12.81428],[-13.47649,12.81562],[-13.47705,12.81642],[-13.47755,12.81735],[-13.47799,12.81865],[-13.47843,12.82054],[-13.47831,12.82252],[-13.47817,12.82418],[-13.47756,12.82452],[-13.47699,12.82451],[-13.47661,12.8246],[-13.47618,12.82488],[-13.47589,12.82508],[-13.47555,12.82524],[-13.47523,12.82535],[-13.475,12.82558],[-13.47474,12.826],[-13.47404,12.82602],[-13.47301,12.82631],[-13.47258,12.82647],[-13.47211,12.82683],[-13.47162,12.827],[-13.47104,12.82753],[-13.47045,12.82849],[-13.46988,12.8288],[-13.46907,12.82925],[-13.46812,12.82969],[-13.46688,12.82997],[-13.46591,12.83079],[-13.4661,12.8307],[-13.46557,12.83177],[-13.46541,12.83277],[-13.46556,12.83428],[-13.46587,12.83624],[-13.46621,12.83799],[-13.46612,12.83814],[-13.46627,12.84049],[-13.46635,12.84108],[-13.46652,12.84215],[-13.46632,12.84284],[-13.46653,12.84418],[-13.46667,12.84441],[-13.46718,12.84516],[-13.46763,12.84576],[-13.46778,12.84596],[-13.46805,12.84637],[-13.46884,12.84744],[-13.4694,12.84732],[-13.46987,12.84737],[-13.47052,12.84752],[-13.47164,12.848],[-13.47327,12.84854],[-13.47488,12.84833],[-13.47567,12.84862],[-13.47628,12.84877],[-13.47703,12.84865],[-13.47764,12.84884],[-13.47809,12.84991],[-13.47823,12.85019],[-13.47823,12.8506],[-13.47821,12.85102],[-13.47798,12.85119],[-13.47796,12.85168],[-13.47731,12.85274],[-13.47558,12.85237],[-13.47494,12.8523],[-13.47371,12.85251],[-13.4727,12.85243],[-13.47155,12.8515],[-13.47019,12.851],[-13.46803,12.85021],[-13.46659,12.85027],[-13.46544,12.8497],[-13.46479,12.84913],[-13.464,12.84877],[-13.46314,12.84799],[-13.46218,12.84622],[-13.46128,12.84628],[-13.46028,12.84571],[-13.45942,12.845],[-13.45884,12.84428],[-13.4589,12.84308],[-13.45761,12.84343],[-13.45712,12.84477],[-13.45559,12.84526],[-13.45408,12.84645],[-13.45328,12.84715],[-13.45234,12.84785],[-13.45161,12.84892],[-13.45106,12.85041],[-13.45117,12.8506],[-13.45131,12.85145],[-13.45163,12.85245],[-13.45186,12.85324],[-13.45209,12.85371],[-13.45212,12.85407],[-13.45282,12.85505],[-13.45368,12.85636],[-13.45419,12.8572],[-13.45432,12.85842],[-13.45454,12.85871],[-13.45457,12.85884],[-13.45463,12.85906],[-13.45458,12.85925],[-13.45472,12.85932],[-13.45515,12.85982],[-13.45535,12.86036],[-13.45606,12.86097],[-13.45758,12.86242],[-13.45799,12.86307],[-13.45916,12.8637],[-13.45971,12.86463],[-13.46059,12.86552],[-13.46082,12.86552],[-13.4617,12.86659],[-13.4623,12.86721],[-13.46299,12.86791],[-13.46364,12.86889],[-13.46433,12.86968],[-13.46498,12.86984],[-13.46564,12.87008],[-13.46652,12.87079],[-13.46754,12.87131],[-13.46815,12.87183],[-13.46918,12.87249],[-13.46931,12.8725],[-13.4701,12.87278],[-13.47076,12.87293],[-13.4709,12.87294],[-13.47174,12.87322],[-13.47229,12.87361],[-13.47262,12.87381],[-13.47303,12.87432],[-13.47332,12.87454],[-13.47359,12.87501],[-13.47391,12.87562],[-13.47394,12.87617],[-13.47338,12.8764],[-13.47235,12.87624],[-13.47156,12.87572],[-13.47038,12.8757],[-13.46963,12.87555],[-13.46856,12.87562],[-13.46781,12.87524],[-13.46612,12.87549],[-13.46485,12.87537],[-13.46375,12.87595],[-13.46318,12.87701],[-13.46214,12.87875],[-13.4623,12.87888],[-13.46303,12.87973],[-13.46489,12.88096],[-13.46671,12.88205],[-13.4669,12.88206],[-13.46703,12.88243],[-13.46706,12.88321],[-13.46664,12.88384],[-13.466,12.88527],[-13.466,12.88545],[-13.46513,12.88691],[-13.46454,12.88847],[-13.46452,12.88898],[-13.46404,12.89036],[-13.4631,12.89259],[-13.4633,12.89491],[-13.46336,12.89684],[-13.46336,12.89735],[-13.46344,12.89758],[-13.46386,12.89782],[-13.46526,12.89881],[-13.46778,12.89964],[-13.4683,12.89975],[-13.47058,12.90107],[-13.47112,12.90007],[-13.47159,12.89971],[-13.4723,12.89967],[-13.47347,12.89946],[-13.47489,12.89902],[-13.47607,12.89872],[-13.47654,12.89873],[-13.47715,12.89856],[-13.47796,12.89853],[-13.47861,12.89853],[-13.47885,12.89877],[-13.47935,12.89929],[-13.4808,12.89982],[-13.48178,12.90029],[-13.48317,12.90152],[-13.48438,12.90223],[-13.48457,12.90228],[-13.4848,12.90252],[-13.48614,12.90461],[-13.48711,12.90509],[-13.48879,12.90581],[-13.48943,12.90684],[-13.4896,12.90791],[-13.49007,12.9081],[-13.49062,12.90889],[-13.49128,12.90917],[-13.49231,12.90951],[-13.49288,12.90971],[-13.49394,12.91028],[-13.49451,12.91034],[-13.49525,12.91035],[-13.49629,12.9106],[-13.49756,12.91071],[-13.49877,12.91091],[-13.4999,12.91126],[-13.50067,12.91289],[-13.50057,12.91335],[-13.50032,12.9144],[-13.50036,12.91482],[-13.50047,12.91699],[-13.50042,12.91736],[-13.50042,12.91754],[-13.5003,12.91879],[-13.50043,12.91953],[-13.50102,12.92032],[-13.5013,12.92139],[-13.50198,12.92278],[-13.50299,12.92409],[-13.5035,12.92461],[-13.50452,12.92513],[-13.50488,12.92597],[-13.50502,12.92602],[-13.5053,12.92648],[-13.50581,12.92705],[-13.5058,12.92723],[-13.50625,12.92862],[-13.50634,12.92876],[-13.5062,12.92867],[-13.50638,12.92927],[-13.50637,12.92982],[-13.50533,12.92986],[-13.50392,12.93015],[-13.50309,12.92972],[-13.502,12.9297],[-13.50154,12.92951],[-13.50055,12.92945],[-13.50004,12.9293],[-13.49869,12.93135],[-13.49811,12.93176],[-13.49758,12.93308],[-13.4967,12.93487],[-13.49617,12.93524],[-13.49598,12.93546],[-13.49573,12.93652],[-13.49445,12.93765],[-13.49419,12.93833],[-13.49304,12.93956],[-13.49245,12.9414],[-13.49248,12.94274],[-13.49288,12.94418],[-13.49295,12.94501],[-13.49365,12.94562],[-13.49452,12.94715],[-13.4953,12.94814],[-13.49563,12.94847],[-13.4967,12.94958],[-13.49794,12.95067],[-13.49799,12.95081],[-13.49878,12.95129],[-13.49902,12.95129],[-13.49973,12.95089],[-13.50044,12.95053],[-13.50104,12.95036],[-13.50137,12.94883],[-13.50161,12.94838],[-13.50136,12.94626],[-13.50094,12.94556],[-13.50151,12.94556],[-13.50236,12.94562],[-13.50367,12.94556],[-13.50475,12.9453],[-13.50607,12.94514],[-13.51016,12.9458],[-13.5114,12.94735],[-13.51158,12.94772],[-13.51259,12.94977],[-13.51365,12.95098],[-13.51396,12.95192],[-13.51479,12.95294],[-13.5144,12.95391],[-13.51383,12.95403],[-13.51265,12.95424],[-13.51187,12.95617],[-13.51168,12.95617],[-13.51088,12.95629],[-13.51029,12.95821],[-13.50817,12.96095],[-13.5075,12.96149],[-13.5067,12.96176],[-13.5058,12.96188],[-13.50396,12.96203],[-13.5025,12.96257],[-13.50114,12.96255],[-13.49972,12.9628],[-13.49925,12.96269],[-13.49774,12.96312],[-13.49613,12.96402],[-13.49522,12.9647],[-13.49439,12.96686],[-13.4942,12.96685],[-13.49346,12.96905],[-13.49324,12.97053],[-13.49318,12.97155],[-13.49332,12.97173],[-13.4934,12.97224],[-13.49404,12.97354],[-13.49418,12.97354],[-13.49497,12.97397],[-13.49591,12.97418],[-13.49685,12.97401],[-13.49805,12.97343],[-13.49904,12.97234],[-13.50035,12.97042],[-13.50255,12.97037],[-13.5039,12.97122],[-13.50441,12.97207],[-13.5044,12.97257],[-13.50456,12.97483],[-13.50454,12.97516],[-13.50453,12.97595],[-13.50458,12.97622],[-13.5038,12.97754],[-13.50392,12.97861],[-13.50392,12.97874],[-13.50382,12.97907],[-13.50382,12.9792],[-13.50371,12.9799],[-13.50391,12.97999],[-13.50455,12.98084],[-13.50561,12.98232],[-13.50682,12.98332],[-13.50844,12.98473],[-13.50899,12.9852],[-13.50945,12.98632],[-13.51041,12.98804],[-13.51064,12.98846],[-13.51078,12.98869],[-13.50996,12.98974],[-13.50896,12.99009],[-13.50759,12.99085],[-13.50643,12.99213],[-13.50519,12.99349],[-13.50442,12.99408],[-13.50356,12.99563],[-13.50274,12.99631],[-13.50131,12.99836],[-13.50149,12.99869],[-13.50157,12.99924],[-13.50157,12.99947],[-13.50166,13.00038],[-13.50193,13.00263],[-13.5021,13.00458],[-13.50483,13.00601],[-13.50669,13.00814],[-13.50898,13.01112],[-13.51113,13.01311],[-13.51256,13.01467],[-13.51414,13.01581],[-13.51659,13.01611],[-13.51832,13.01485],[-13.52006,13.01401],[-13.52015,13.01147],[-13.52092,13.01021],[-13.5223,13.00904],[-13.52355,13.00837],[-13.52687,13.00727],[-13.52903,13.00587],[-13.53105,13.00503],[-13.53192,13.00489],[-13.53321,13.00593],[-13.53335,13.00593],[-13.53422,13.00762],[-13.53466,13.011],[-13.53432,13.01282],[-13.53346,13.01352],[-13.53225,13.0145],[-13.53197,13.01487],[-13.53156,13.01506],[-13.53122,13.01714],[-13.53063,13.01802],[-13.53028,13.01937],[-13.52988,13.02015],[-13.52928,13.02094],[-13.52935,13.022],[-13.52937,13.02301],[-13.52888,13.02439],[-13.52861,13.02486],[-13.52763,13.02516],[-13.52698,13.02526],[-13.52613,13.02528],[-13.52496,13.0253],[-13.52337,13.02566],[-13.52207,13.026],[-13.52103,13.02781],[-13.5205,13.02966],[-13.52059,13.03163],[-13.52066,13.03274],[-13.52092,13.03416],[-13.52095,13.03558],[-13.52171,13.03611],[-13.52213,13.03624],[-13.5233,13.03627],[-13.52405,13.03625],[-13.52503,13.03619],[-13.52583,13.03608],[-13.52644,13.03593],[-13.52667,13.03593],[-13.52759,13.03536],[-13.52834,13.03465],[-13.52921,13.03422],[-13.53006,13.03425],[-13.53111,13.03502],[-13.53162,13.03524],[-13.53233,13.03545],[-13.53322,13.03525],[-13.5341,13.0345],[-13.53497,13.03379],[-13.53493,13.03397],[-13.53536,13.03456],[-13.53595,13.03547],[-13.53624,13.03602],[-13.53705,13.0366],[-13.53799,13.03709],[-13.53922,13.03766],[-13.53969,13.03802],[-13.54103,13.03892],[-13.54278,13.03989],[-13.54292,13.03984],[-13.54462,13.04064],[-13.5452,13.04117],[-13.54587,13.04236],[-13.5459,13.04332],[-13.54606,13.04484],[-13.5459,13.04603],[-13.54583,13.04686],[-13.54593,13.04723],[-13.54535,13.0489],[-13.54462,13.04932],[-13.54404,13.04932],[-13.5427,13.04808],[-13.54243,13.04822],[-13.54202,13.04878],[-13.54175,13.04947],[-13.54235,13.05153],[-13.54253,13.0512],[-13.54325,13.05179],[-13.54359,13.05256],[-13.54483,13.05336],[-13.54573,13.05408],[-13.54649,13.05443],[-13.54795,13.05496],[-13.54889,13.05475],[-13.54986,13.05427],[-13.55027,13.05362],[-13.55063,13.05297],[-13.55122,13.05205],[-13.55238,13.05166],[-13.55322,13.05145],[-13.55412,13.05139],[-13.55544,13.05174],[-13.5562,13.05213],[-13.55622,13.05328],[-13.55623,13.05406],[-13.5562,13.0548],[-13.55598,13.05587],[-13.5562,13.05701],[-13.557,13.05732],[-13.55752,13.05731],[-13.55767,13.05837],[-13.55751,13.05942],[-13.55729,13.0603],[-13.55717,13.06104],[-13.55648,13.06207],[-13.55515,13.06323],[-13.55409,13.06418],[-13.55364,13.06524],[-13.55338,13.06607],[-13.55292,13.06673],[-13.55177,13.06762],[-13.55121,13.06799],[-13.55067,13.06893],[-13.55068,13.0698],[-13.55158,13.0702],[-13.55233,13.07028],[-13.55355,13.0702],[-13.55403,13.07038],[-13.55409,13.07153],[-13.55552,13.0726],[-13.55605,13.07324],[-13.55735,13.07482],[-13.55786,13.07508],[-13.55862,13.0753],[-13.55991,13.07454],[-13.56001,13.07435],[-13.56039,13.07237],[-13.56037,13.07145],[-13.56092,13.07066],[-13.56262,13.071],[-13.56378,13.07088],[-13.56481,13.07036],[-13.56479,13.06925],[-13.56486,13.06824],[-13.56526,13.06731],[-13.56552,13.06644],[-13.56634,13.06495],[-13.56675,13.06457],[-13.56744,13.0636],[-13.5678,13.06309],[-13.56823,13.06285],[-13.56896,13.06261],[-13.5704,13.06372],[-13.5728,13.06436],[-13.57454,13.06493],[-13.57592,13.06583],[-13.57683,13.06668],[-13.57779,13.06781],[-13.57813,13.06871],[-13.57858,13.06991],[-13.57851,13.0711],[-13.57844,13.07198],[-13.5785,13.07308],[-13.57823,13.07387],[-13.57808,13.07556],[-13.57838,13.07652],[-13.57883,13.07785],[-13.57861,13.07863],[-13.57835,13.07966],[-13.57826,13.07998],[-13.57774,13.08063],[-13.5774,13.08105],[-13.57567,13.08155],[-13.57421,13.08147],[-13.57384,13.08163],[-13.57354,13.08287],[-13.57268,13.08476],[-13.57218,13.08551],[-13.57267,13.08656],[-13.57404,13.08713],[-13.57451,13.08914],[-13.57415,13.09044],[-13.57417,13.0915],[-13.57461,13.09181],[-13.57544,13.09138],[-13.57655,13.09063],[-13.57706,13.09034],[-13.57756,13.08937],[-13.57801,13.08862],[-13.57827,13.08742],[-13.57858,13.08645],[-13.57876,13.08617],[-13.57884,13.08539],[-13.57958,13.08478],[-13.58045,13.08407],[-13.58177,13.08409],[-13.58304,13.08452],[-13.58324,13.08507],[-13.58364,13.08625],[-13.58381,13.08745],[-13.58353,13.08796],[-13.58464,13.08978],[-13.58489,13.09018],[-13.58491,13.0912],[-13.58464,13.09171],[-13.58422,13.09199],[-13.58384,13.09388],[-13.58333,13.09398],[-13.58296,13.09422],[-13.58268,13.09441],[-13.58247,13.09593],[-13.58379,13.09655],[-13.58455,13.09873],[-13.58584,13.10013],[-13.58634,13.10174],[-13.58612,13.10261],[-13.58539,13.10341],[-13.58475,13.10416],[-13.5843,13.10527],[-13.58503,13.10686],[-13.58674,13.10766],[-13.5873,13.10751],[-13.58771,13.10695],[-13.58833,13.10542],[-13.58969,13.10521],[-13.59073,13.1056],[-13.59222,13.10723],[-13.59284,13.10786],[-13.59345,13.10817],[-13.59516,13.10956],[-13.59616,13.10986],[-13.59797,13.11116],[-13.59967,13.11195],[-13.59994,13.11355],[-13.59968,13.11489],[-13.59911,13.11684],[-13.59924,13.11886],[-13.59926,13.12009],[-13.59917,13.12235],[-13.59944,13.12427],[-13.59952,13.12556],[-13.5994,13.12689],[-13.59927,13.1274],[-13.59893,13.12874],[-13.59847,13.12907],[-13.59688,13.12947],[-13.59617,13.12912],[-13.59574,13.12913],[-13.59509,13.12909],[-13.59467,13.129],[-13.59448,13.12915],[-13.59406,13.12948],[-13.59418,13.13058],[-13.59479,13.13098],[-13.59526,13.13083],[-13.5954,13.13088],[-13.59639,13.13076],[-13.59705,13.13075],[-13.59845,13.13059],[-13.59948,13.1308],[-13.60038,13.13128],[-13.60117,13.13122],[-13.60188,13.13135],[-13.60216,13.13102],[-13.60211,13.13084],[-13.60233,13.13042],[-13.60265,13.12996],[-13.60413,13.12882],[-13.60428,13.12891],[-13.60546,13.12939],[-13.60626,13.12979],[-13.60739,13.12996],[-13.60792,13.13068],[-13.60871,13.13278],[-13.60929,13.13401],[-13.6108,13.13412],[-13.61116,13.13347],[-13.61213,13.13234],[-13.6131,13.13177],[-13.61479,13.13192],[-13.6154,13.13191],[-13.61704,13.13183],[-13.61742,13.13233],[-13.61754,13.13325],[-13.61709,13.13422],[-13.61663,13.13497],[-13.61602,13.13709],[-13.61658,13.13928],[-13.61615,13.14131],[-13.6156,13.14183],[-13.61463,13.14263],[-13.61402,13.14292],[-13.61324,13.14317],[-13.61127,13.14362],[-13.60941,13.14443],[-13.60866,13.14449],[-13.60747,13.14571],[-13.60725,13.14641],[-13.60792,13.14735],[-13.60932,13.14692],[-13.61011,13.14658],[-13.61058,13.14644],[-13.6118,13.14632],[-13.61278,13.14635],[-13.61385,13.14804],[-13.6133,13.14877],[-13.6127,13.14971],[-13.61254,13.15072],[-13.61238,13.15201],[-13.61221,13.15331],[-13.6121,13.15468],[-13.61203,13.15574],[-13.61171,13.15658],[-13.6106,13.15691],[-13.60971,13.15694],[-13.60909,13.15681],[-13.60829,13.156],[-13.60789,13.15495],[-13.60759,13.15422],[-13.60652,13.15204],[-13.60552,13.15182],[-13.60521,13.1521],[-13.60479,13.15253],[-13.60338,13.15444],[-13.60305,13.15486],[-13.6026,13.15588],[-13.60367,13.15755],[-13.60415,13.15792],[-13.6051,13.15849],[-13.60549,13.15945],[-13.60615,13.15953],[-13.60709,13.15928],[-13.60773,13.15913],[-13.60853,13.15889],[-13.60947,13.15891],[-13.6099,13.15928],[-13.61067,13.1605],[-13.6114,13.16173],[-13.61212,13.16273],[-13.61214,13.16396],[-13.61236,13.16525],[-13.61191,13.16627],[-13.61141,13.16696],[-13.61086,13.16744],[-13.61007,13.16809],[-13.60986,13.1692],[-13.61015,13.16938],[-13.61079,13.16914],[-13.61159,13.16908],[-13.61243,13.16874],[-13.61309,13.16859],[-13.61445,13.16902],[-13.61523,13.17061],[-13.61609,13.17165],[-13.61669,13.17311],[-13.61601,13.17423],[-13.61587,13.17667],[-13.61517,13.17691],[-13.61426,13.17817],[-13.61399,13.17881],[-13.61521,13.18122],[-13.61513,13.18201],[-13.61356,13.18296],[-13.61316,13.18475],[-13.61157,13.18616],[-13.60891,13.18548],[-13.60849,13.1854],[-13.60761,13.18565],[-13.60604,13.18953],[-13.60546,13.19092],[-13.60574,13.19087],[-13.60607,13.19082],[-13.60682,13.19086],[-13.6076,13.19231],[-13.6067,13.1943],[-13.60664,13.19596],[-13.60651,13.19674],[-13.606,13.19923],[-13.60637,13.19923],[-13.60709,13.19957],[-13.6085,13.19978],[-13.61001,13.2003],[-13.61216,13.20003],[-13.61505,13.19933],[-13.61562,13.20162],[-13.61453,13.20366],[-13.61354,13.2057],[-13.61238,13.20641],[-13.60898,13.20758],[-13.60715,13.20771],[-13.60598,13.20787],[-13.60477,13.20812],[-13.60407,13.20814],[-13.60256,13.20816],[-13.60186,13.21052],[-13.60185,13.21235],[-13.60188,13.21365],[-13.6019,13.21493],[-13.60256,13.21717],[-13.60329,13.21858],[-13.6035,13.21972],[-13.60417,13.2204],[-13.60532,13.22162],[-13.60659,13.22155],[-13.60738,13.22125],[-13.60821,13.22069],[-13.61012,13.22253],[-13.61163,13.22784],[-13.61148,13.22936],[-13.61056,13.23245],[-13.60958,13.2327],[-13.60924,13.23211],[-13.60895,13.23179],[-13.6076,13.23278],[-13.60808,13.23544],[-13.60859,13.23763],[-13.60883,13.23777],[-13.60932,13.23872],[-13.61099,13.2381],[-13.61114,13.23832],[-13.61228,13.23926],[-13.61272,13.23985],[-13.61343,13.2403],[-13.61414,13.24084],[-13.61454,13.2418],[-13.61456,13.24263],[-13.61457,13.24317],[-13.6145,13.24464],[-13.61494,13.24541],[-13.61529,13.24624],[-13.61674,13.24635],[-13.61754,13.2461],[-13.61898,13.24566],[-13.61995,13.24463],[-13.62147,13.24345],[-13.6236,13.24245],[-13.62487,13.2421],[-13.62567,13.24189],[-13.62725,13.24148],[-13.6284,13.24079],[-13.63029,13.24107],[-13.6324,13.24086],[-13.63548,13.24152],[-13.63865,13.24196],[-13.6433,13.24399],[-13.64533,13.24773],[-13.64583,13.24905],[-13.64587,13.2508],[-13.64586,13.25281],[-13.64557,13.25447],[-13.64548,13.25732],[-13.64486,13.25899],[-13.6442,13.26098],[-13.64367,13.26251],[-13.64295,13.26427],[-13.64209,13.26626],[-13.64151,13.26755],[-13.64088,13.26876],[-13.64057,13.26964],[-13.64026,13.27268],[-13.641,13.27446],[-13.6414,13.27615],[-13.64283,13.27713],[-13.64843,13.28015],[-13.65007,13.28052],[-13.65241,13.28187],[-13.65574,13.28104],[-13.65805,13.28035],[-13.66667,13.27772],[-13.67153,13.27611],[-13.67523,13.27564],[-13.67926,13.27735],[-13.68289,13.28145],[-13.68427,13.28289],[-13.68742,13.28756],[-13.68957,13.29068],[-13.68945,13.29455],[-13.68941,13.29515],[-13.68932,13.29819],[-13.68923,13.29959],[-13.68778,13.30155],[-13.68648,13.30254],[-13.68488,13.30479],[-13.68168,13.30527],[-13.67965,13.30682],[-13.67819,13.30878],[-13.67592,13.31296],[-13.67433,13.31534],[-13.6727,13.3184],[-13.67097,13.32326],[-13.66923,13.32545],[-13.6686,13.3267],[-13.66833,13.32726],[-13.66818,13.32731],[-13.6664,13.33171],[-13.6655,13.33361],[-13.6648,13.33615],[-13.66427,13.33828],[-13.66407,13.33939],[-13.66439,13.34177],[-13.6651,13.34181],[-13.66723,13.34213],[-13.6691,13.34214],[-13.67112,13.34272],[-13.6727,13.34272],[-13.67502,13.3402],[-13.67878,13.33965],[-13.68601,13.33658],[-13.69338,13.33365],[-13.69901,13.33227],[-13.70207,13.33432],[-13.70354,13.33705],[-13.70419,13.33938],[-13.70423,13.34103],[-13.70415,13.34346],[-13.7023,13.34557],[-13.70106,13.34725],[-13.69881,13.34946],[-13.69752,13.35073],[-13.69587,13.35344],[-13.6924,13.3554],[-13.69094,13.35706],[-13.68875,13.36103],[-13.68788,13.36414],[-13.68548,13.36589],[-13.68359,13.36762],[-13.68309,13.36891],[-13.68091,13.36975],[-13.67774,13.37143],[-13.67435,13.37217],[-13.6733,13.37417],[-13.67239,13.37547],[-13.67233,13.37703],[-13.67267,13.38001],[-13.67311,13.38083],[-13.67407,13.38215],[-13.67493,13.38342],[-13.67724,13.38315],[-13.67883,13.38302],[-13.68156,13.38332],[-13.68315,13.38304],[-13.68489,13.38305],[-13.68676,13.38321],[-13.68999,13.3822],[-13.68964,13.3835],[-13.69268,13.38309],[-13.6934,13.38338],[-13.69657,13.38241],[-13.69961,13.38157],[-13.70402,13.37982],[-13.70856,13.37936],[-13.7116,13.37839],[-13.71377,13.37755],[-13.71798,13.37604],[-13.72157,13.37547],[-13.72475,13.37492],[-13.72936,13.37466],[-13.73396,13.37265],[-13.73831,13.37183],[-13.74312,13.37077],[-13.7454,13.37135],[-13.74741,13.37164],[-13.75117,13.37237],[-13.75333,13.37182],[-13.75607,13.37239],[-13.75838,13.37155],[-13.76098,13.37171],[-13.76357,13.37144],[-13.7666,13.37174],[-13.77035,13.37246],[-13.7726,13.37294],[-13.77408,13.37424],[-13.77432,13.37681],[-13.77369,13.37807],[-13.77319,13.37858],[-13.7723,13.37933],[-13.76976,13.38108],[-13.76809,13.38212],[-13.76685,13.3833],[-13.76491,13.38467],[-13.76305,13.38613],[-13.76186,13.38726],[-13.75946,13.38937],[-13.75804,13.3911],[-13.75639,13.39311],[-13.75447,13.39563],[-13.75242,13.39828],[-13.75086,13.40071],[-13.74974,13.40289],[-13.74883,13.40451],[-13.74887,13.40621],[-13.74887,13.4086],[-13.74936,13.41208],[-13.74973,13.41414],[-13.75057,13.41569],[-13.75198,13.41635],[-13.75313,13.41701],[-13.75491,13.41909],[-13.75653,13.42301],[-13.75702,13.42374],[-13.75765,13.42492],[-13.75783,13.42671],[-13.75808,13.42759],[-13.75821,13.42905],[-13.75834,13.43084],[-13.75835,13.43185],[-13.75829,13.43332],[-13.75771,13.43448],[-13.75665,13.43565],[-13.75471,13.43739],[-13.7537,13.43934],[-13.75226,13.44004],[-13.75037,13.44144],[-13.74675,13.44468],[-13.74327,13.44482],[-13.74025,13.44648],[-13.73806,13.44888],[-13.7359,13.44985],[-13.73393,13.44979],[-13.73319,13.45026],[-13.73277,13.45059],[-13.72953,13.45306],[-13.72808,13.45363],[-13.72663,13.45488],[-13.72504,13.4563],[-13.72344,13.45727],[-13.7222,13.45741],[-13.72041,13.45924],[-13.71914,13.46138],[-13.71897,13.46193],[-13.71856,13.46318],[-13.71836,13.46452],[-13.71811,13.46572],[-13.7183,13.4665],[-13.71926,13.46749],[-13.72158,13.46808],[-13.72266,13.46843],[-13.72394,13.46918],[-13.72485,13.4699],[-13.72599,13.47029],[-13.72845,13.47244],[-13.73144,13.47328],[-13.73415,13.4744],[-13.73707,13.47527],[-13.7393,13.47605],[-13.74206,13.47773],[-13.74498,13.47957],[-13.74729,13.47943],[-13.75016,13.48086],[-13.75334,13.4813],[-13.75536,13.48244],[-13.75867,13.48274],[-13.76126,13.4836],[-13.76574,13.48461],[-13.76862,13.48505],[-13.76977,13.48463],[-13.77237,13.48465],[-13.77377,13.48322],[-13.7753,13.48237],[-13.77627,13.48184],[-13.77688,13.48141],[-13.77763,13.48107],[-13.78016,13.47868],[-13.78167,13.47722],[-13.78449,13.47451],[-13.78622,13.47213],[-13.78801,13.47017],[-13.78996,13.46861],[-13.79147,13.46698],[-13.79263,13.4664],[-13.79519,13.46538],[-13.79617,13.46611],[-13.8014,13.46599],[-13.80502,13.4685],[-13.80706,13.47143],[-13.80778,13.47478],[-13.80907,13.47804],[-13.80919,13.48327],[-13.8079,13.48694],[-13.80728,13.48939],[-13.80614,13.49318],[-13.80443,13.49666],[-13.80342,13.49829],[-13.80257,13.50001],[-13.80133,13.5015],[-13.80021,13.50396],[-13.79959,13.50581],[-13.79958,13.50783],[-13.80004,13.51216],[-13.80008,13.51447],[-13.8003,13.51732],[-13.80072,13.51976],[-13.79934,13.52323],[-13.79807,13.5255],[-13.79644,13.52862],[-13.79549,13.53015],[-13.7943,13.53199],[-13.79265,13.53359],[-13.79131,13.53526],[-13.78998,13.53673],[-13.78903,13.53832],[-13.7883,13.53957],[-13.78788,13.54225],[-13.78809,13.54388],[-13.79037,13.54494],[-13.79375,13.54464],[-13.7972,13.54277],[-13.79962,13.5423],[-13.80254,13.54226],[-13.80488,13.54253],[-13.80655,13.54268],[-13.80765,13.54307],[-13.8107,13.54428],[-13.81384,13.54565],[-13.81784,13.54716],[-13.82056,13.5472],[-13.82226,13.5461],[-13.82331,13.54273],[-13.82342,13.54117],[-13.82357,13.53965],[-13.82366,13.53924],[-13.82473,13.53609],[-13.82563,13.53433],[-13.82894,13.52944],[-13.82951,13.5288],[-13.83006,13.52821],[-13.83099,13.52694],[-13.83132,13.52621],[-13.83154,13.52516],[-13.83208,13.52386],[-13.83241,13.52151],[-13.83271,13.51817],[-13.83225,13.51616],[-13.83167,13.51372],[-13.83061,13.51098],[-13.83027,13.51021],[-13.8299,13.50863],[-13.83055,13.50642],[-13.83059,13.50596],[-13.83163,13.50406],[-13.83237,13.50368],[-13.83382,13.50464],[-13.83531,13.50504],[-13.83725,13.50504],[-13.83909,13.50605],[-13.84206,13.50716],[-13.84589,13.50825],[-13.8471,13.50871],[-13.84869,13.50959],[-13.85004,13.51011],[-13.85134,13.51043],[-13.85252,13.511],[-13.85399,13.51103],[-13.85515,13.51107],[-13.85636,13.51118],[-13.85746,13.51113],[-13.85858,13.51096],[-13.86053,13.51092]]]}},{"type":"Feature","properties":{"region":"louga"},"geometry":{"type":"Polygon","coordinates":[[[-15.44966,14.72319],[-15.42723,14.71495],[-15.40687,14.70744],[-15.38651,14.69993],[-15.36615,14.69242],[-15.3458,14.68491],[-15.32783,14.67439],[-15.30985,14.66386],[-15.30103,14.66184],[-15.28495,14.65904],[-15.26887,14.65623],[-15.25279,14.65342],[-15.23671,14.65061],[-15.22432,14.64814],[-15.21194,14.64566],[-15.19956,14.64319],[-15.18655,14.64071],[-15.17355,14.63824],[-15.16054,14.63576],[-15.13871,14.63193],[-15.12099,14.62862],[-15.10328,14.62532],[-15.08555,14.62201],[-15.0766,14.62064],[-15.07011,14.61964],[-15.05468,14.61727],[-15.03924,14.6149],[-15.02381,14.61253],[-15.01731,14.63627],[-15.00003,14.64676],[-14.99984,14.64692],[-14.99139,14.65357],[-14.96454,14.66982],[-14.93783,14.68676],[-14.9104,14.70357],[-14.88951,14.67911],[-14.86921,14.65566],[-14.8493,14.63148],[-14.83572,14.64117],[-14.82033,14.65387],[-14.81257,14.66659],[-14.80482,14.67929],[-14.79707,14.692],[-14.79415,14.70737],[-14.79124,14.72273],[-14.78832,14.73808],[-14.7854,14.75345],[-14.76216,14.76614],[-14.74878,14.78256],[-14.73541,14.79896],[-14.72203,14.81537],[-14.70865,14.83177],[-14.71095,14.84873],[-14.72099,14.86711],[-14.73105,14.88549],[-14.74109,14.90387],[-14.74897,14.92719],[-14.75685,14.95051],[-14.76472,14.97382],[-14.77261,14.99715],[-14.78049,15.02046],[-14.77774,15.02258],[-14.75023,15.04374],[-14.73472,15.04514],[-14.71922,15.04653],[-14.7037,15.04792],[-14.67878,15.05213],[-14.65385,15.05633],[-14.62893,15.06053],[-14.60399,15.06472],[-14.57907,15.06892],[-14.55413,15.07311],[-14.54394,15.07521],[-14.53376,15.0773],[-14.52382,15.07935],[-14.52399,15.07948],[-14.54696,15.09659],[-14.57255,15.11462],[-14.56718,15.13293],[-14.56402,15.1437],[-14.5555,15.17276],[-14.55171,15.18689],[-14.54739,15.2017],[-14.53888,15.23079],[-14.53023,15.26002],[-14.52876,15.26624],[-14.52678,15.27259],[-14.5218,15.2891],[-14.51336,15.31819],[-14.50514,15.3467],[-14.50235,15.35687],[-14.49904,15.3671],[-14.49641,15.37704],[-14.51082,15.3631],[-14.52636,15.3603],[-14.54189,15.35751],[-14.55743,15.35471],[-14.58364,15.34911],[-14.60692,15.35198],[-14.63311,15.36615],[-14.65638,15.37749],[-14.66802,15.38316],[-14.68063,15.38695],[-14.69324,15.39073],[-14.70586,15.39451],[-14.73496,15.40586],[-14.75243,15.41153],[-14.76404,15.42734],[-14.76281,15.43095],[-14.75923,15.44146],[-14.75442,15.45558],[-14.7496,15.4697],[-14.74958,15.48665],[-14.74956,15.50361],[-14.74954,15.52056],[-14.74818,15.54478],[-14.74682,15.56899],[-14.74545,15.5932],[-14.74409,15.61742],[-14.74272,15.64164],[-14.74136,15.66586],[-14.73999,15.69007],[-14.72133,15.69513],[-14.70266,15.70019],[-14.68399,15.70525],[-14.66531,15.71032],[-14.64664,15.71537],[-14.62514,15.73059],[-14.60365,15.74581],[-14.58215,15.76103],[-14.56064,15.77623],[-14.54606,15.78586],[-14.53148,15.79548],[-14.51689,15.8051],[-14.52636,15.81961],[-14.54294,15.84786],[-14.56054,15.87658],[-14.57769,15.90487],[-14.58584,15.91872],[-14.59486,15.93358],[-14.60318,15.93444],[-14.62216,15.93532],[-14.63631,15.93605],[-14.63763,15.93634],[-14.64843,15.93678],[-14.675,15.93795],[-14.69127,15.93882],[-14.69527,15.93904],[-14.69592,15.93907],[-14.702,15.9394],[-14.72872,15.94099],[-14.755,15.94201],[-14.75565,15.9411],[-14.76375,15.94548],[-14.77001,15.94886],[-14.78284,15.95579],[-14.81,15.9706],[-14.83686,15.98546],[-14.86525,16.00045],[-14.87664,16.00088],[-14.87692,16.00087],[-14.88014,16.00082],[-14.89153,16.00061],[-14.91884,16.00076],[-14.94629,16.00078],[-14.97303,16.00106],[-14.98383,16.00106],[-14.99464,16.00106],[-15.00544,16.00106],[-15.00632,16.00106],[-15.00639,16.00078],[-15.01574,16.00036],[-15.03093,16.00064],[-15.04618,16.00063],[-15.06108,16.00091],[-15.077,16.00048],[-15.0919,16.00034],[-15.10708,16.00033],[-15.11628,16.00033],[-15.12271,16.00075],[-15.12943,16.00045],[-15.13775,16.00059],[-15.14622,16.00044],[-15.14754,16.0004],[-15.15312,15.99986],[-15.16469,15.99987],[-15.16558,15.99987],[-15.16841,15.99988],[-15.18371,15.99989],[-15.199,15.9999],[-15.21429,15.99992],[-15.22958,15.99993],[-15.24487,15.99994],[-15.26016,15.99995],[-15.27545,15.99996],[-15.29074,15.99997],[-15.30603,15.99998],[-15.32133,15.99998],[-15.33661,15.99999],[-15.35191,15.99999],[-15.3672,15.99999],[-15.38249,15.99999],[-15.39779,15.99999],[-15.41308,15.99999],[-15.42837,15.99999],[-15.43887,15.99998],[-15.44026,15.99998],[-15.45895,15.99998],[-15.47424,15.99997],[-15.48953,15.99996],[-15.50482,15.99996],[-15.52011,15.99995],[-15.53541,15.99994],[-15.5507,15.99992],[-15.56599,15.99991],[-15.58023,16.00003],[-15.58023,15.9999],[-15.58023,15.99876],[-15.58035,15.98717],[-15.58033,15.97997],[-15.58016,15.97517],[-15.58074,15.97107],[-15.58043,15.96655],[-15.58056,15.96189],[-15.5804,15.95709],[-15.58037,15.94762],[-15.58065,15.94112],[-15.58048,15.9335],[-15.58061,15.92686],[-15.58067,15.92691],[-15.58075,15.927],[-15.58125,15.92775],[-15.58296,15.93038],[-15.58925,15.93728],[-15.5951,15.94349],[-15.60067,15.94968],[-15.61078,15.96039],[-15.61854,15.96856],[-15.62557,15.97645],[-15.63437,15.98618],[-15.64271,15.9949],[-15.64784,16.00026],[-15.64828,16.00051],[-15.66175,16.0134],[-15.68865,16.04222],[-15.71556,16.07103],[-15.74249,16.09984],[-15.76942,16.12865],[-15.79636,16.15746],[-15.8233,16.18625],[-15.82515,16.18743],[-15.82523,16.18741],[-15.82746,16.18686],[-15.82777,16.18714],[-15.83288,16.18515],[-15.8514,16.17419],[-15.87267,16.15886],[-15.89654,16.13785],[-15.91968,16.11727],[-15.92374,16.11036],[-15.92809,16.10297],[-15.945,16.09597],[-15.96134,16.09025],[-15.98086,16.08013],[-15.99689,16.07243],[-15.99997,16.07045],[-16.02809,16.05747],[-16.05592,16.04434],[-16.08433,16.03191],[-16.09379,16.02677],[-16.09547,16.02663],[-16.11237,16.01849],[-16.14063,16.0052],[-16.14208,16.00421],[-16.14266,16.00308],[-16.14301,16.00137],[-16.14384,16.00136],[-16.14536,16.00136],[-16.14557,16.00135],[-16.14997,15.9943],[-16.15381,15.98828],[-16.15926,15.97918],[-16.16343,15.97213],[-16.16948,15.96484],[-16.17345,15.96198],[-16.17881,15.9581],[-16.18091,15.95605],[-16.20306,15.93882],[-16.20936,15.93391],[-16.21473,15.92991],[-16.22241,15.92375],[-16.22464,15.92204],[-16.24342,15.91127],[-16.24984,15.90761],[-16.2565,15.90406],[-16.25658,15.89839],[-16.25681,15.87878],[-16.26052,15.87389],[-16.2639,15.87035],[-16.27146,15.86192],[-16.27917,15.85973],[-16.28935,15.85819],[-16.29987,15.857],[-16.31004,15.85467],[-16.31847,15.85337],[-16.32396,15.85243],[-16.32465,15.8521],[-16.33294,15.84807],[-16.35406,15.83684],[-16.35778,15.83501],[-16.35873,15.83454],[-16.38729,15.83424],[-16.40204,15.8346],[-16.41222,15.8342],[-16.42182,15.83436],[-16.4291,15.83589],[-16.44141,15.83933],[-16.4482,15.84019],[-16.45674,15.83843],[-16.46281,15.83692],[-16.46936,15.8354],[-16.47473,15.83446],[-16.48292,15.83326],[-16.48983,15.83333],[-16.49778,15.83339],[-16.51347,15.83362],[-16.52561,15.83297],[-16.52595,15.83168],[-16.52641,15.82989],[-16.52763,15.82395],[-16.52831,15.81877],[-16.53005,15.81342],[-16.53226,15.8081],[-16.53585,15.7931],[-16.53815,15.78409],[-16.5412,15.77293],[-16.54344,15.76539],[-16.54715,15.756],[-16.55049,15.74704],[-16.55596,15.73702],[-16.561,15.72877],[-16.56438,15.72202],[-16.56617,15.71682],[-16.56979,15.70817],[-16.57308,15.70146],[-16.57581,15.69575],[-16.58032,15.68572],[-16.58536,15.67744],[-16.58965,15.6698],[-16.59188,15.66639],[-16.5927,15.66514],[-16.59619,15.65981],[-16.59986,15.6536],[-16.60386,15.64536],[-16.60847,15.638],[-16.61413,15.63009],[-16.61742,15.62314],[-16.61987,15.61997],[-16.62317,15.61509],[-16.62929,15.60606],[-16.6348,15.59819],[-16.64026,15.58903],[-16.64328,15.5848],[-16.64657,15.57946],[-16.64972,15.57445],[-16.65392,15.56861],[-16.65796,15.56225],[-16.66063,15.55766],[-16.66582,15.55097],[-16.67049,15.54453],[-16.67528,15.53665],[-16.68074,15.5281],[-16.69127,15.51263],[-16.69744,15.50412],[-16.70417,15.49505],[-16.70845,15.48828],[-16.71413,15.48074],[-16.72336,15.46803],[-16.7276,15.46205],[-16.72769,15.46189],[-16.72835,15.46076],[-16.73191,15.45464],[-16.73652,15.44783],[-16.74033,15.44254],[-16.74489,15.43623],[-16.74964,15.42961],[-16.75368,15.42293],[-16.75771,15.41543],[-16.76119,15.40881],[-16.76677,15.39882],[-16.77118,15.39091],[-16.77826,15.37872],[-16.78347,15.37062],[-16.78784,15.36345],[-16.79365,15.35337],[-16.79834,15.34523],[-16.80412,15.33663],[-16.81004,15.32862],[-16.81005,15.32861],[-16.79385,15.32212],[-16.77739,15.31552],[-16.76093,15.30892],[-16.74447,15.30232],[-16.7411,15.2991],[-16.72956,15.29453],[-16.71629,15.2911],[-16.71086,15.28549],[-16.70776,15.2793],[-16.70322,15.27454],[-16.69809,15.27105],[-16.69123,15.26756],[-16.6867,15.26478],[-16.66896,15.24655],[-16.66679,15.24498],[-16.6612,15.24095],[-16.65169,15.23382],[-16.64044,15.22699],[-16.63519,15.2249],[-16.63116,15.21123],[-16.63026,15.20814],[-16.62661,15.20534],[-16.62004,15.20186],[-16.61887,15.20045],[-16.61518,15.19427],[-16.61278,15.18454],[-16.61271,15.17536],[-16.61367,15.16815],[-16.61535,15.14548],[-16.61539,15.14497],[-16.61536,15.14501],[-16.61035,15.15108],[-16.60081,15.15892],[-16.5978,15.1643],[-16.59436,15.17027],[-16.58915,15.1751],[-16.58309,15.18094],[-16.57702,15.18606],[-16.57054,15.19401],[-16.56623,15.20097],[-16.56193,15.20961],[-16.55663,15.22081],[-16.54962,15.23597],[-16.54315,15.24759],[-16.53712,15.25865],[-16.53165,15.26716],[-16.52951,15.27127],[-16.52426,15.26976],[-16.51846,15.27219],[-16.51529,15.27617],[-16.51501,15.27693],[-16.51456,15.27819],[-16.51372,15.28056],[-16.51419,15.28564],[-16.51741,15.28801],[-16.51424,15.29284],[-16.51194,15.29625],[-16.50805,15.30192],[-16.50502,15.30589],[-16.50287,15.30959],[-16.49839,15.31371],[-16.49478,15.31713],[-16.49117,15.32251],[-16.48554,15.32792],[-16.48063,15.33317],[-16.46734,15.34767],[-16.46314,15.35066],[-16.45909,15.35379],[-16.45785,15.35506],[-16.45461,15.35834],[-16.45375,15.35948],[-16.45273,15.36019],[-16.44897,15.35768],[-16.44834,15.35725],[-16.44734,15.3564],[-16.44424,15.35376],[-16.43839,15.34843],[-16.43355,15.34351],[-16.43017,15.33929],[-16.42343,15.33185],[-16.41743,15.32624],[-16.40594,15.32702],[-16.39735,15.32722],[-16.37655,15.32791],[-16.36068,15.32786],[-16.35207,15.32269],[-16.34811,15.31791],[-16.34371,15.31272],[-16.33827,15.30456],[-16.33635,15.29963],[-16.33486,15.29427],[-16.33729,15.28733],[-16.34118,15.28194],[-16.34567,15.27881],[-16.34621,15.27174],[-16.34269,15.26738],[-16.33933,15.26416],[-16.33434,15.2591],[-16.3301,15.25531],[-16.32578,15.25237],[-16.32309,15.25055],[-16.31713,15.24988],[-16.31349,15.25061],[-16.31146,15.25245],[-16.31018,15.25628],[-16.30908,15.26603],[-16.30635,15.27169],[-16.30228,15.2737],[-16.29633,15.27429],[-16.29361,15.27353],[-16.29094,15.27278],[-16.28217,15.26703],[-16.27792,15.26141],[-16.27454,15.2562],[-16.27115,15.24831],[-16.26966,15.24338],[-16.26818,15.23745],[-16.26903,15.23264],[-16.27,15.226],[-16.27042,15.22232],[-16.27081,15.21554],[-16.27006,15.20989],[-16.26915,15.20482],[-16.26811,15.20016],[-16.2656,15.19452],[-16.26208,15.18974],[-16.25827,15.18468],[-16.25314,15.17878],[-16.25021,15.17526],[-16.24742,15.17062],[-16.2455,15.16755],[-16.24496,15.16668],[-16.24389,15.16499],[-16.24153,15.15864],[-16.23978,15.15668],[-16.23816,15.15315],[-16.23783,15.1468],[-16.2381,15.14369],[-16.23865,15.13747],[-16.2392,15.13181],[-16.2386,15.12787],[-16.23732,15.1253],[-16.23698,15.12462],[-16.23434,15.12068],[-16.23209,15.11911],[-16.22967,15.11732],[-16.22427,15.11424],[-16.21406,15.10794],[-16.21012,15.1057],[-16.20428,15.10079],[-16.19946,15.09601],[-16.19667,15.09235],[-16.19547,15.08544],[-16.19685,15.07201],[-16.19689,15.06829],[-16.19695,15.06339],[-16.19718,15.05407],[-16.19613,15.04673],[-16.19361,15.03855],[-16.18964,15.02882],[-16.18858,15.02275],[-16.18639,15.01924],[-16.18346,15.01557],[-16.18198,15.01178],[-16.18036,15.00768],[-16.17961,15.00288],[-16.17963,14.99964],[-16.17746,14.98554],[-16.17627,14.97923],[-16.17641,14.97682],[-16.17712,14.97399],[-16.17766,14.96792],[-16.17706,14.96405],[-16.17153,14.96442],[-16.16224,14.96475],[-16.1573,14.96449],[-16.1384,14.96275],[-16.12764,14.96097],[-16.12565,14.96045],[-16.11629,14.95806],[-16.11048,14.95709],[-16.10133,14.95742],[-16.09492,14.95888],[-16.09436,14.95901],[-16.08565,14.96131],[-16.07594,14.96277],[-16.06968,14.96223],[-16.03959,14.95997],[-16.02491,14.95862],[-16.01343,14.95769],[-16.005,14.95688],[-15.99977,14.9569],[-15.99881,14.95515],[-15.99834,14.95515],[-15.99787,14.95557],[-15.99726,14.95621],[-15.99643,14.95815],[-15.99545,14.95978],[-15.99466,14.96166],[-15.99391,14.96319],[-15.99318,14.96516],[-15.99267,14.96687],[-15.99211,14.9684],[-15.99147,14.96992],[-15.99095,14.97061],[-15.99016,14.97149],[-15.98945,14.97191],[-15.98837,14.97215],[-15.98647,14.97244],[-15.98212,14.97197],[-15.97871,14.972],[-15.97545,14.97203],[-15.97298,14.97205],[-15.96982,14.97249],[-15.964,14.9729],[-15.95857,14.9734],[-15.95426,14.9739],[-15.94893,14.9744],[-15.94443,14.97476],[-15.93796,14.97546],[-15.93413,14.97595],[-15.92864,14.97646],[-15.92538,14.97667],[-15.92339,14.97696],[-15.92061,14.97748],[-15.91746,14.97825],[-15.91437,14.97901],[-15.91135,14.98],[-15.90853,14.98145],[-15.9083,14.98153],[-15.90579,14.98243],[-15.90367,14.98336],[-15.90193,14.98476],[-15.90019,14.98652],[-15.89865,14.98851],[-15.89725,14.99068],[-15.89524,14.99322],[-15.89319,14.99655],[-15.89294,14.99755],[-15.8782,14.99758],[-15.86309,14.99761],[-15.84799,14.99763],[-15.83288,14.99766],[-15.81778,14.99768],[-15.80559,14.99738],[-15.80555,14.98789],[-15.80723,14.98185],[-15.8056,14.97465],[-15.80326,14.96901],[-15.80151,14.9676],[-15.79946,14.96408],[-15.7948,14.96169],[-15.79175,14.96114],[-15.79051,14.95993],[-15.78788,14.95865],[-15.78611,14.95666],[-15.78399,14.95453],[-15.7825,14.95194],[-15.78087,14.94954],[-15.77894,14.9477],[-15.77753,14.94576],[-15.77609,14.94362],[-15.77478,14.94105],[-15.77395,14.93897],[-15.77378,14.93561],[-15.77309,14.9328],[-15.77259,14.93042],[-15.77095,14.92806],[-15.76832,14.92588],[-15.76554,14.92384],[-15.76149,14.92178],[-15.75886,14.91979],[-15.75876,14.91972],[-15.75586,14.91831],[-15.75251,14.91649],[-15.74858,14.91537],[-15.74407,14.91312],[-15.73607,14.91033],[-15.7317,14.90836],[-15.72588,14.90527],[-15.72254,14.90359],[-15.71729,14.89922],[-15.7141,14.89754],[-15.70623,14.89177],[-15.70129,14.88882],[-15.69604,14.88488],[-15.68804,14.8794],[-15.68279,14.8756],[-15.67596,14.87195],[-15.67373,14.87094],[-15.67345,14.8706],[-15.67335,14.87057],[-15.66967,14.8695],[-15.66763,14.86902],[-15.66593,14.86887],[-15.66343,14.86885],[-15.66186,14.86865],[-15.65978,14.86855],[-15.65757,14.86829],[-15.65549,14.86824],[-15.65198,14.86867],[-15.64948,14.86842],[-15.64675,14.86748],[-15.64448,14.86727],[-15.64183,14.86725],[-15.6389,14.8671],[-15.63611,14.86694],[-15.63328,14.86677],[-15.63171,14.86677],[-15.62827,14.86577],[-15.6261,14.86548],[-15.62289,14.86481],[-15.61959,14.86437],[-15.6158,14.86393],[-15.61322,14.86326],[-15.61099,14.86306],[-15.60887,14.86194],[-15.60742,14.86096],[-15.60402,14.85951],[-15.6019,14.85894],[-15.60011,14.85755],[-15.5972,14.85587],[-15.59475,14.85489],[-15.59197,14.85293],[-15.58754,14.84989],[-15.58563,14.84801],[-15.58252,14.84674],[-15.57952,14.84465],[-15.57834,14.84391],[-15.57467,14.84149],[-15.57086,14.83934],[-15.56757,14.83761],[-15.564,14.83506],[-15.5608,14.83329],[-15.55727,14.83147],[-15.55332,14.829],[-15.55064,14.82714],[-15.54627,14.82485],[-15.54429,14.82355],[-15.54183,14.82357],[-15.53965,14.82429],[-15.53747,14.8251],[-15.5358,14.82577],[-15.5323,14.82703],[-15.5286,14.82857],[-15.52485,14.83023],[-15.52149,14.83126],[-15.5186,14.83202],[-15.51589,14.8331],[-15.51408,14.83377],[-15.51134,14.83472],[-15.50882,14.83561],[-15.50645,14.83646],[-15.50569,14.83679],[-15.50408,14.8375],[-15.50204,14.83844],[-15.50005,14.83876],[-15.49834,14.83916],[-15.49635,14.83937],[-15.49338,14.83934],[-15.49144,14.8396],[-15.48945,14.83991],[-15.48741,14.83989],[-15.48548,14.83932],[-15.48275,14.83884],[-15.47968,14.83826],[-15.47694,14.8375],[-15.47416,14.83692],[-15.47209,14.83618],[-15.47005,14.8357],[-15.46963,14.8356],[-15.46827,14.83536],[-15.46563,14.83442],[-15.46275,14.83319],[-15.46049,14.83203],[-15.458,14.83063],[-15.45423,14.82912],[-15.45037,14.82789],[-15.44599,14.82574],[-15.44353,14.82522],[-15.4408,14.82469],[-15.43797,14.82388],[-15.43675,14.82281],[-15.43687,14.82066],[-15.43637,14.81752],[-15.43719,14.81532],[-15.43703,14.81256],[-15.438,14.80991],[-15.43812,14.80761],[-15.43871,14.80495],[-15.43884,14.80017],[-15.44025,14.79646],[-15.44057,14.79274],[-15.44126,14.78847],[-15.44154,14.78401],[-15.44186,14.7808],[-15.44261,14.77645],[-15.44292,14.7724],[-15.44331,14.76653],[-15.44401,14.76285],[-15.44457,14.75799],[-15.44561,14.75299],[-15.44646,14.74739],[-15.44682,14.7445],[-15.44685,14.74429],[-15.44966,14.72319]]]}},{"type":"Feature","properties":{"region":"matam"},"geometry":{"type":"Polygon","coordinates":[[[-14.62875,14.52797],[-14.62822,14.52895],[-14.62605,14.52922],[-14.62489,14.52993],[-14.62126,14.52964],[-14.61953,14.53021],[-14.61749,14.53104],[-14.61445,14.53161],[-14.61226,14.53203],[-14.6111,14.53203],[-14.60835,14.53301],[-14.6053,14.53357],[-14.60226,14.53357],[-14.59892,14.5344],[-14.59485,14.53567],[-14.59152,14.53595],[-14.5876,14.53707],[-14.58557,14.53665],[-14.58383,14.53706],[-14.57992,14.53791],[-14.57745,14.53847],[-14.57527,14.5396],[-14.57164,14.54002],[-14.56888,14.54044],[-14.56381,14.54099],[-14.56033,14.54126],[-14.55873,14.54225],[-14.55568,14.54196],[-14.55409,14.54252],[-14.55278,14.54295],[-14.55075,14.5435],[-14.5493,14.5442],[-14.54639,14.54562],[-14.54393,14.54632],[-14.54089,14.54702],[-14.53856,14.54857],[-14.53638,14.54856],[-14.53435,14.54983],[-14.53145,14.5511],[-14.52855,14.55123],[-14.52579,14.55334],[-14.52419,14.55362],[-14.52231,14.55404],[-14.51969,14.55489],[-14.51621,14.55587],[-14.51273,14.55728],[-14.51041,14.55783],[-14.50706,14.55981],[-14.50445,14.56008],[-14.50228,14.56121],[-14.50038,14.56148],[-14.49792,14.56233],[-14.49545,14.5626],[-14.49313,14.56387],[-14.49138,14.56486],[-14.48935,14.56584],[-14.48805,14.56612],[-14.48514,14.56725],[-14.48282,14.5671],[-14.48108,14.56837],[-14.47934,14.57077],[-14.47787,14.57345],[-14.47627,14.57514],[-14.47439,14.57584],[-14.47206,14.57767],[-14.46988,14.57992],[-14.46828,14.58218],[-14.46639,14.58473],[-14.46392,14.58599],[-14.46305,14.58783],[-14.46159,14.58839],[-14.45941,14.59078],[-14.4565,14.59332],[-14.45301,14.59769],[-14.45039,14.59981],[-14.44749,14.60219],[-14.4453,14.60572],[-14.4424,14.60868],[-14.44022,14.61023],[-14.43832,14.61234],[-14.43614,14.61432],[-14.43397,14.61572],[-14.43193,14.61855],[-14.43061,14.6201],[-14.42815,14.6215],[-14.42669,14.62291],[-14.42538,14.62446],[-14.42363,14.62601],[-14.4213,14.62884],[-14.42014,14.63039],[-14.41752,14.63193],[-14.41621,14.63335],[-14.41534,14.6349],[-14.41505,14.63574],[-14.41432,14.63701],[-14.41344,14.63771],[-14.41141,14.63743],[-14.40852,14.63657],[-14.4075,14.63601],[-14.40475,14.63529],[-14.40243,14.635],[-14.39938,14.63457],[-14.3972,14.63499],[-14.3943,14.63569],[-14.39227,14.63597],[-14.39082,14.63766],[-14.38819,14.63949],[-14.38718,14.63991],[-14.38602,14.64061],[-14.38441,14.64188],[-14.38268,14.64244],[-14.38136,14.64328],[-14.37846,14.6437],[-14.37715,14.64525],[-14.37541,14.64525],[-14.37497,14.64638],[-14.37323,14.64722],[-14.37163,14.64693],[-14.37047,14.64735],[-14.36815,14.6465],[-14.36771,14.64678],[-14.36728,14.64706],[-14.36611,14.64748],[-14.36394,14.64804],[-14.36176,14.65016],[-14.36016,14.65128],[-14.359,14.65226],[-14.3574,14.65325],[-14.35536,14.65423],[-14.35435,14.65508],[-14.351,14.65521],[-14.34898,14.65577],[-14.34795,14.65704],[-14.34664,14.65817],[-14.34616,14.65858],[-14.34462,14.6566],[-14.34333,14.6549],[-14.34218,14.65348],[-14.34102,14.65221],[-14.34016,14.65108],[-14.33958,14.64992],[-14.339,14.64891],[-14.33858,14.64767],[-14.33862,14.64633],[-14.33862,14.64408],[-14.33824,14.64251],[-14.33787,14.64135],[-14.33725,14.6403],[-14.33658,14.6391],[-14.33572,14.63749],[-14.33487,14.63583],[-14.33445,14.63482],[-14.33364,14.63312],[-14.33312,14.6321],[-14.33226,14.62994],[-14.33131,14.62824],[-14.33008,14.62631],[-14.32863,14.62519],[-14.32747,14.62321],[-14.32563,14.62239],[-14.32397,14.6211],[-14.32264,14.61995],[-14.32117,14.6182],[-14.3198,14.61728],[-14.31885,14.61631],[-14.31805,14.61562],[-14.31677,14.61512],[-14.31563,14.61457],[-14.31421,14.61424],[-14.31198,14.61314],[-14.31111,14.61243],[-14.31039,14.61073],[-14.30967,14.60917],[-14.30939,14.60833],[-14.30895,14.60762],[-14.30885,14.60646],[-14.30809,14.60479],[-14.30761,14.60347],[-14.30679,14.60224],[-14.30634,14.6008],[-14.30577,14.59969],[-14.30563,14.59965],[-14.30434,14.59828],[-14.30275,14.59672],[-14.3013,14.5953],[-14.29956,14.59473],[-14.29797,14.59416],[-14.29652,14.59288],[-14.29537,14.59161],[-14.29421,14.59189],[-14.29146,14.59188],[-14.28914,14.59089],[-14.28711,14.58975],[-14.28537,14.58903],[-14.28378,14.58889],[-14.28219,14.58776],[-14.27987,14.5869],[-14.27885,14.58534],[-14.27669,14.58252],[-14.27654,14.58181],[-14.27539,14.57954],[-14.27467,14.57897],[-14.27395,14.57671],[-14.27395,14.57614],[-14.27279,14.57558],[-14.27207,14.57543],[-14.2699,14.57514],[-14.26743,14.57443],[-14.26569,14.57386],[-14.26367,14.57314],[-14.26135,14.57243],[-14.26019,14.572],[-14.25715,14.57186],[-14.25439,14.571],[-14.25164,14.56972],[-14.25005,14.56901],[-14.2483,14.56844],[-14.24526,14.56715],[-14.24208,14.56658],[-14.23976,14.56573],[-14.23701,14.56472],[-14.2344,14.5633],[-14.23136,14.56287],[-14.22831,14.56158],[-14.22673,14.56087],[-14.2247,14.56059],[-14.22252,14.55973],[-14.21977,14.55887],[-14.21687,14.5583],[-14.21455,14.55688],[-14.21267,14.55645],[-14.2105,14.55545],[-14.20861,14.55488],[-14.20601,14.5543],[-14.20427,14.55359],[-14.20093,14.55288],[-14.19848,14.55174],[-14.19616,14.55103],[-14.19225,14.55031],[-14.18805,14.54902],[-14.18674,14.54816],[-14.18515,14.54774],[-14.18283,14.54759],[-14.18037,14.54617],[-14.1766,14.54544],[-14.17458,14.54473],[-14.17327,14.54445],[-14.17211,14.54374],[-14.17095,14.54303],[-14.16878,14.54287],[-14.16733,14.54216],[-14.16313,14.54003],[-14.16053,14.53917],[-14.15778,14.53846],[-14.15213,14.5366],[-14.14808,14.53531],[-14.14358,14.53332],[-14.14069,14.53303],[-14.13822,14.53161],[-14.13359,14.53046],[-14.1291,14.52902],[-14.12535,14.52813],[-14.12171,14.5266],[-14.11838,14.52616],[-14.11404,14.52417],[-14.10926,14.52287],[-14.10506,14.52102],[-14.10014,14.51974],[-14.09565,14.51788],[-14.09088,14.51641],[-14.08696,14.51502],[-14.08276,14.51388],[-14.08219,14.51345],[-14.07929,14.51288],[-14.07712,14.51145],[-14.07538,14.51102],[-14.07306,14.50988],[-14.07089,14.50917],[-14.06858,14.50845],[-14.06568,14.50759],[-14.06394,14.50702],[-14.06148,14.50631],[-14.05684,14.50473],[-14.05511,14.50416],[-14.05308,14.50344],[-14.05091,14.5033],[-14.04817,14.5024],[-14.04482,14.50157],[-14.04049,14.49972],[-14.03658,14.49815],[-14.03165,14.49715],[-14.02702,14.49557],[-14.02325,14.49386],[-14.01269,14.4907],[-14.00429,14.48837],[-14.00133,14.48793],[-13.99901,14.48666],[-13.97427,14.47483],[-13.94974,14.46371],[-13.9478,14.46284],[-13.94557,14.46171],[-13.92271,14.45015],[-13.8974,14.43789],[-13.87181,14.42562],[-13.84709,14.41378],[-13.82825,14.41339],[-13.81709,14.4132],[-13.79826,14.41226],[-13.78942,14.41249],[-13.7798,14.41253],[-13.77419,14.41256],[-13.75761,14.4119],[-13.74688,14.41214],[-13.73732,14.41152],[-13.72646,14.41118],[-13.71646,14.41098],[-13.70718,14.41079],[-13.69719,14.41073],[-13.68646,14.41039],[-13.677,14.40958],[-13.66661,14.41],[-13.63777,14.40983],[-13.6272,14.40935],[-13.61749,14.40929],[-13.60735,14.40881],[-13.59764,14.4086],[-13.58707,14.4084],[-13.57717,14.40835],[-13.56776,14.40801],[-13.55783,14.40778],[-13.54776,14.40746],[-13.53472,14.40696],[-13.53299,14.40709],[-13.53223,14.40705],[-13.51908,14.40643],[-13.50422,14.41793],[-13.48908,14.42814],[-13.47371,14.44061],[-13.45929,14.45153],[-13.44341,14.46357],[-13.42848,14.47534],[-13.41361,14.4864],[-13.39788,14.49802],[-13.38207,14.50963],[-13.36792,14.52069],[-13.35204,14.53202],[-13.33717,14.54335],[-13.32207,14.55496],[-13.30778,14.56602],[-13.29174,14.57805],[-13.27658,14.58937],[-13.26227,14.60056],[-13.24521,14.61343],[-13.23491,14.61166],[-13.2246,14.60989],[-13.22344,14.60969],[-13.2143,14.60811],[-13.204,14.60704],[-13.19431,14.60542],[-13.18402,14.60421],[-13.1552,14.59974],[-13.1253,14.59541],[-13.09619,14.59107],[-13.08209,14.58885],[-13.06694,14.58646],[-13.03748,14.58197],[-13.01722,14.57756],[-13.00009,14.57238],[-12.99961,14.57228],[-12.97552,14.56648],[-12.95441,14.56036],[-12.9502,14.55945],[-12.94957,14.55953],[-12.92607,14.56247],[-12.89994,14.56646],[-12.87395,14.57037],[-12.84819,14.5737],[-12.82231,14.57741],[-12.79671,14.58138],[-12.77158,14.59248],[-12.74723,14.60337],[-12.72208,14.6127],[-12.70416,14.63602],[-12.68732,14.65871],[-12.67094,14.68186],[-12.6543,14.70446],[-12.65217,14.70848],[-12.64905,14.72124],[-12.64486,14.73278],[-12.63527,14.76162],[-12.62596,14.79061],[-12.6168,14.81917],[-12.61441,14.82593],[-12.60782,14.8446],[-12.60676,14.84758],[-12.59818,14.87587],[-12.5964,14.8808],[-12.59533,14.88378],[-12.59099,14.89584],[-12.58904,14.90104],[-12.58705,14.9045],[-12.58709,14.90505],[-12.58779,14.90548],[-12.5882,14.90694],[-12.589,14.90769],[-12.58965,14.90889],[-12.5904,14.90978],[-12.59157,14.91085],[-12.59168,14.91208],[-12.5921,14.91322],[-12.59281,14.91422],[-12.59382,14.91549],[-12.5941,14.91663],[-12.59518,14.91773],[-12.59602,14.91921],[-12.59648,14.92037],[-12.59717,14.92185],[-12.59788,14.92268],[-12.59823,14.92434],[-12.59987,14.9261],[-12.60042,14.92767],[-12.6012,14.9292],[-12.6018,14.93063],[-12.60179,14.93187],[-12.6013,14.93305],[-12.60129,14.93393],[-12.6017,14.93545],[-12.60169,14.93614],[-12.60229,14.9373],[-12.60228,14.93845],[-12.60189,14.93992],[-12.60249,14.94098],[-12.602,14.94277],[-12.60179,14.94377],[-12.60259,14.94526],[-12.60309,14.94645],[-12.60317,14.9476],[-12.6033,14.94857],[-12.6034,14.94903],[-12.60343,14.95004],[-12.60375,14.95106],[-12.60426,14.95194],[-12.60434,14.95285],[-12.60503,14.95503],[-12.60536,14.95576],[-12.6054,14.95664],[-12.60609,14.9578],[-12.60646,14.95913],[-12.60624,14.9606],[-12.60704,14.96208],[-12.60778,14.96259],[-12.60863,14.96302],[-12.60987,14.96326],[-12.611,14.96377],[-12.61194,14.96452],[-12.61302,14.96481],[-12.61382,14.96505],[-12.61396,14.96541],[-12.61414,14.96638],[-12.61384,14.9673],[-12.61317,14.96798],[-12.61217,14.9688],[-12.61141,14.96952],[-12.6114,14.97008],[-12.61294,14.9717],[-12.61331,14.97212],[-12.61383,14.97217],[-12.61478,14.97228],[-12.61516,14.97237],[-12.61563,14.97284],[-12.61679,14.97404],[-12.61696,14.97573],[-12.61724,14.97659],[-12.61615,14.97642],[-12.61651,14.97728],[-12.61528,14.97808],[-12.61527,14.97918],[-12.61583,14.97978],[-12.61672,14.98061],[-12.61752,14.98113],[-12.61888,14.98197],[-12.61978,14.98268],[-12.62079,14.9834],[-12.6218,14.98384],[-12.62212,14.98481],[-12.62243,14.98596],[-12.62233,14.98697],[-12.62247,14.98798],[-12.62229,14.99028],[-12.62313,14.99144],[-12.62396,14.9931],[-12.62465,14.99536],[-12.62491,14.99716],[-12.62593,15.00023],[-12.62613,15.0005],[-12.6456,15.02715],[-12.66527,15.05408],[-12.67662,15.07094],[-12.68766,15.08676],[-12.68833,15.08704],[-12.68876,15.08773],[-12.68939,15.08887],[-12.68992,15.09016],[-12.69045,15.09182],[-12.69112,15.09319],[-12.69194,15.0944],[-12.69285,15.09527],[-12.69461,15.09664],[-12.69666,15.09756],[-12.69766,15.09819],[-12.69947,15.09971],[-12.70123,15.10094],[-12.70324,15.10208],[-12.70556,15.10285],[-12.7079,15.10354],[-12.71142,15.10494],[-12.71423,15.10585],[-12.71661,15.10689],[-12.71875,15.10817],[-12.72228,15.11115],[-12.7242,15.11363],[-12.72592,15.11537],[-12.72688,15.11629],[-12.72835,15.11743],[-12.73111,15.11931],[-12.73303,15.12114],[-12.73437,15.12256],[-12.73575,15.12449],[-12.73734,15.12669],[-12.73839,15.12816],[-12.74006,15.13022],[-12.7425,15.13214],[-12.74656,15.13462],[-12.74956,15.13671],[-12.75128,15.13828],[-12.75347,15.1396],[-12.75566,15.14055],[-12.75799,15.14146],[-12.75994,15.14228],[-12.76274,15.14319],[-12.76522,15.14414],[-12.76736,15.14501],[-12.76978,15.14596],[-12.77159,15.14655],[-12.77426,15.14713],[-12.7763,15.14749],[-12.77829,15.14808],[-12.78005,15.14881],[-12.78211,15.14989],[-12.78335,15.15058],[-12.78463,15.15164],[-12.78597,15.15241],[-12.78669,15.15319],[-12.78783,15.15457],[-12.78875,15.15636],[-12.78933,15.1582],[-12.78982,15.15976],[-12.79012,15.16197],[-12.79037,15.16395],[-12.79034,15.16611],[-12.78965,15.1692],[-12.78882,15.1722],[-12.78794,15.17465],[-12.78706,15.17724],[-12.78674,15.17885],[-12.78618,15.18019],[-12.78563,15.18162],[-12.78451,15.18389],[-12.78385,15.185],[-12.7831,15.18657],[-12.78274,15.18837],[-12.78299,15.19081],[-12.78368,15.19404],[-12.78455,15.19633],[-12.78557,15.19923],[-12.7861,15.20088],[-12.78707,15.20296],[-12.78834,15.20688],[-12.78983,15.20958],[-12.79159,15.211],[-12.79436,15.21274],[-12.79646,15.21425],[-12.79984,15.21603],[-12.80342,15.21743],[-12.80645,15.21787],[-12.80873,15.21787],[-12.81011,15.21757],[-12.81157,15.21766],[-12.8146,15.21723],[-12.81726,15.21675],[-12.81977,15.21595],[-12.82213,15.21473],[-12.82421,15.21334],[-12.82613,15.21167],[-12.8284,15.20963],[-12.83043,15.20842],[-12.8326,15.20666],[-12.83429,15.20535],[-12.83646,15.20378],[-12.83806,15.20238],[-12.84057,15.20145],[-12.84227,15.2013],[-12.84446,15.20151],[-12.84622,15.20201],[-12.84746,15.20264],[-12.84888,15.20347],[-12.84971,15.20489],[-12.85028,15.20618],[-12.85049,15.20789],[-12.85064,15.20945],[-12.85041,15.20995],[-12.85104,15.21184],[-12.85249,15.21552],[-12.85375,15.21851],[-12.85558,15.22126],[-12.85754,15.22374],[-12.85965,15.22598],[-12.86228,15.22859],[-12.86415,15.2308],[-12.86663,15.23281],[-12.86873,15.23435],[-12.87111,15.23596],[-12.87359,15.23742],[-12.8763,15.23837],[-12.87835,15.23918],[-12.88125,15.24017],[-12.88325,15.24118],[-12.8853,15.24223],[-12.88754,15.24378],[-12.88937,15.24598],[-12.89061,15.24745],[-12.89229,15.24987],[-12.89344,15.25129],[-12.89422,15.25332],[-12.89518,15.25515],[-12.89567,15.25746],[-12.8957,15.25976],[-12.89547,15.26137],[-12.8952,15.26294],[-12.89445,15.26401],[-12.89308,15.2654],[-12.89157,15.26624],[-12.88949,15.26749],[-12.88756,15.26806],[-12.8859,15.26839],[-12.88405,15.26883],[-12.88169,15.26907],[-12.87898,15.2689],[-12.87642,15.26841],[-12.87489,15.26805],[-12.87369,15.26705],[-12.87121,15.26438],[-12.86929,15.26219],[-12.86691,15.26049],[-12.86461,15.2583],[-12.86218,15.25615],[-12.85917,15.25511],[-12.85709,15.25484],[-12.85585,15.25481],[-12.85471,15.25472],[-12.85282,15.25437],[-12.85068,15.25392],[-12.84859,15.25375],[-12.84693,15.25445],[-12.84595,15.25547],[-12.84543,15.25668],[-12.84497,15.25829],[-12.84361,15.26],[-12.84012,15.26261],[-12.83838,15.26496],[-12.83655,15.26738],[-12.83547,15.26917],[-12.83403,15.27154],[-12.83249,15.27468],[-12.83155,15.27658],[-12.83052,15.27912],[-12.8305,15.28175],[-12.83072,15.2852],[-12.8314,15.28764],[-12.83324,15.29132],[-12.83473,15.29408],[-12.83608,15.29669],[-12.83733,15.29858],[-12.83791,15.29967],[-12.8382,15.3006],[-12.83942,15.30474],[-12.84068,15.308],[-12.84165,15.31063],[-12.84242,15.31232],[-12.844,15.31422],[-12.84554,15.31559],[-12.84649,15.31618],[-12.84873,15.31778],[-12.85135,15.31947],[-12.85513,15.32189],[-12.85913,15.32399],[-12.864,15.32663],[-12.8668,15.32808],[-12.86924,15.33019],[-12.87253,15.33238],[-12.87488,15.33426],[-12.87636,15.33507],[-12.87855,15.33649],[-12.88193,15.33748],[-12.88559,15.33911],[-12.88916,15.33955],[-12.89329,15.33998],[-12.89771,15.33996],[-12.90183,15.34006],[-12.90507,15.34041],[-12.90659,15.34045],[-12.90749,15.34067],[-12.90892,15.34112],[-12.90977,15.34176],[-12.91115,15.34258],[-12.91444,15.34445],[-12.91539,15.34495],[-12.91706,15.34563],[-12.91824,15.34603],[-12.92229,15.34725],[-12.92424,15.34789],[-12.92614,15.34861],[-12.92691,15.34938],[-12.92796,15.34989],[-12.93006,15.35172],[-12.93383,15.35445],[-12.93708,15.35719],[-12.93915,15.35926],[-12.94107,15.36206],[-12.94247,15.36596],[-12.94364,15.36877],[-12.94371,15.37112],[-12.94369,15.37403],[-12.94362,15.37656],[-12.9433,15.379],[-12.94262,15.38173],[-12.9424,15.38431],[-12.94224,15.38694],[-12.9422,15.38879],[-12.94217,15.39067],[-12.94172,15.39395],[-12.94175,15.39681],[-12.94186,15.39838],[-12.94226,15.40081],[-12.94304,15.40321],[-12.9434,15.40547],[-12.94365,15.40749],[-12.94367,15.40943],[-12.94363,15.41114],[-12.94327,15.41335],[-12.94305,15.4152],[-12.94283,15.41728],[-12.94222,15.41871],[-12.94167,15.42014],[-12.94101,15.42135],[-12.93984,15.42242],[-12.93848,15.42367],[-12.93602,15.42559],[-12.93437,15.42665],[-12.93314,15.42795],[-12.93107,15.42917],[-12.92899,15.43038],[-12.92701,15.43215],[-12.92589,15.4335],[-12.92523,15.43442],[-12.92452,15.43526],[-12.92411,15.43632],[-12.9234,15.43785],[-12.92304,15.43919],[-12.923,15.44057],[-12.92324,15.44168],[-12.92379,15.44338],[-12.92456,15.44448],[-12.9257,15.44535],[-12.92627,15.44562],[-12.92728,15.44635],[-12.92819,15.44695],[-12.929,15.44754],[-12.92985,15.44777],[-12.93099,15.44761],[-12.93218,15.44756],[-12.93588,15.44707],[-12.93692,15.44706],[-12.93891,15.44659],[-12.94053,15.44635],[-12.9419,15.44606],[-12.94398,15.44558],[-12.94512,15.44516],[-12.94673,15.44469],[-12.9481,15.4444],[-12.94963,15.44457],[-12.95091,15.44434],[-12.95276,15.4446],[-12.95495,15.44546],[-12.95624,15.44718],[-12.95639,15.44738],[-12.95783,15.44908],[-12.95821,15.45002],[-12.95829,15.45022],[-12.95865,15.45173],[-12.95873,15.45473],[-12.95837,15.4596],[-12.95755,15.4651],[-12.95753,15.46523],[-12.95711,15.47022],[-12.95709,15.47347],[-12.9575,15.48035],[-12.95805,15.48311],[-12.95935,15.48737],[-12.96035,15.48976],[-12.95996,15.49238],[-12.95864,15.49749],[-12.95819,15.49867],[-12.95715,15.49881],[-12.95458,15.49939],[-12.95237,15.50069],[-12.9511,15.5018],[-12.94938,15.50269],[-12.94486,15.50399],[-12.94229,15.50207],[-12.94048,15.50238],[-12.93665,15.50192],[-12.93657,15.50179],[-12.93355,15.49864],[-12.93101,15.49748],[-12.93058,15.50039],[-12.93048,15.50274],[-12.93222,15.50436],[-12.93494,15.50465],[-12.93657,15.50717],[-12.9345,15.5081],[-12.93449,15.50912],[-12.93732,15.50918],[-12.93914,15.50856],[-12.94548,15.50588],[-12.94871,15.50578],[-12.95155,15.50468],[-12.95196,15.50318],[-12.95261,15.50194],[-12.95443,15.50121],[-12.95661,15.50161],[-12.95802,15.50274],[-12.95955,15.50413],[-12.96251,15.50503],[-12.96316,15.50416],[-12.96575,15.50306],[-12.96783,15.50208],[-12.97015,15.5016],[-12.97067,15.50098],[-12.9739,15.50026],[-12.97609,15.50091],[-12.97918,15.50081],[-12.98189,15.50071],[-12.98512,15.50024],[-12.98913,15.49977],[-12.99196,15.49943],[-12.99545,15.49871],[-13.00008,15.49741],[-13.00359,15.49538],[-13.00769,15.4926],[-13.01055,15.48979],[-13.01207,15.48736],[-13.01426,15.48466],[-13.01577,15.48369],[-13.01929,15.48261],[-13.02068,15.48238],[-13.02353,15.4827],[-13.02625,15.48256],[-13.03008,15.48204],[-13.03531,15.48106],[-13.04062,15.48062],[-13.05114,15.48111],[-13.05593,15.48173],[-13.05952,15.48276],[-13.06496,15.48538],[-13.06914,15.48713],[-13.07102,15.48798],[-13.07225,15.48931],[-13.07482,15.49105],[-13.07904,15.49303],[-13.0847,15.49468],[-13.09295,15.49606],[-13.09708,15.49786],[-13.1009,15.50056],[-13.10254,15.50287],[-13.10302,15.50557],[-13.10294,15.50759],[-13.10226,15.50923],[-13.10159,15.511],[-13.1015,15.51372],[-13.10022,15.52161],[-13.0985,15.52713],[-13.09561,15.5334],[-13.08971,15.54151],[-13.08665,15.54588],[-13.08511,15.54901],[-13.08459,15.55291],[-13.08513,15.55795],[-13.08667,15.56317],[-13.08768,15.56555],[-13.09148,15.57038],[-13.09235,15.57238],[-13.09256,15.57359],[-13.09234,15.57446],[-13.09127,15.57497],[-13.08818,15.57603],[-13.08602,15.57753],[-13.08545,15.57894],[-13.08548,15.58088],[-13.08589,15.58287],[-13.08666,15.58414],[-13.08884,15.58582],[-13.09281,15.58706],[-13.0971,15.58825],[-13.09978,15.5894],[-13.10192,15.5909],[-13.10447,15.59292],[-13.10841,15.59502],[-13.11438,15.59761],[-13.12035,15.59992],[-13.12865,15.60236],[-13.13751,15.60536],[-13.14206,15.60753],[-13.14595,15.60968],[-13.14749,15.61057],[-13.14858,15.61083],[-13.14917,15.61031],[-13.14918,15.60998],[-13.14891,15.60961],[-13.1478,15.6085],[-13.14648,15.60795],[-13.14483,15.60749],[-13.14428,15.60691],[-13.14434,15.60654],[-13.14452,15.60655],[-13.14509,15.60671],[-13.14661,15.60718],[-13.14844,15.60801],[-13.15064,15.60924],[-13.1535,15.61169],[-13.15661,15.61308],[-13.15791,15.61399],[-13.15804,15.61446],[-13.15764,15.61486],[-13.15696,15.61549],[-13.15896,15.6167],[-13.16233,15.61884],[-13.1698,15.62327],[-13.177,15.62727],[-13.18168,15.62858],[-13.18648,15.62932],[-13.1923,15.62928],[-13.19671,15.62868],[-13.19854,15.62791],[-13.19926,15.62785],[-13.2004,15.62802],[-13.20397,15.62822],[-13.20792,15.62853],[-13.21106,15.62872],[-13.2134,15.62848],[-13.21446,15.62823],[-13.21515,15.62765],[-13.21528,15.62664],[-13.21512,15.62576],[-13.21452,15.62496],[-13.21397,15.62458],[-13.21339,15.62474],[-13.213,15.62496],[-13.21255,15.6255],[-13.2113,15.6261],[-13.20961,15.62642],[-13.20689,15.62652],[-13.20384,15.62656],[-13.20143,15.6258],[-13.20546,15.62232],[-13.20831,15.61979],[-13.21013,15.618],[-13.21073,15.61599],[-13.21122,15.61403],[-13.21256,15.61273],[-13.21473,15.61201],[-13.21721,15.61223],[-13.22137,15.61301],[-13.22536,15.61497],[-13.22697,15.6166],[-13.2294,15.61958],[-13.23168,15.62412],[-13.23251,15.6276],[-13.23295,15.63015],[-13.23383,15.63229],[-13.2346,15.63324],[-13.23587,15.63508],[-13.2392,15.63957],[-13.24362,15.64522],[-13.24528,15.64754],[-13.24873,15.65272],[-13.25175,15.65936],[-13.25268,15.66257],[-13.25235,15.66555],[-13.25174,15.66932],[-13.2498,15.67424],[-13.2479,15.67694],[-13.24664,15.67777],[-13.24439,15.67793],[-13.23845,15.67576],[-13.23272,15.67319],[-13.22947,15.67217],[-13.22789,15.67203],[-13.2265,15.67244],[-13.2234,15.67368],[-13.21802,15.67614],[-13.21568,15.67758],[-13.21418,15.67971],[-13.21002,15.68686],[-13.20723,15.69312],[-13.20658,15.6955],[-13.2068,15.69735],[-13.20756,15.69885],[-13.20923,15.70033],[-13.2139,15.70329],[-13.21617,15.7064],[-13.21813,15.70757],[-13.22104,15.70909],[-13.22434,15.71191],[-13.2278,15.71654],[-13.23304,15.72127],[-13.23943,15.72788],[-13.24224,15.73092],[-13.24461,15.73284],[-13.25374,15.73921],[-13.26174,15.74415],[-13.26852,15.7492],[-13.27575,15.75584],[-13.28118,15.7615],[-13.28262,15.76255],[-13.28324,15.7628],[-13.28476,15.76299],[-13.28646,15.76341],[-13.28777,15.76437],[-13.29015,15.76854],[-13.29099,15.77065],[-13.29107,15.77249],[-13.29067,15.77419],[-13.29005,15.7773],[-13.28904,15.78316],[-13.28831,15.78613],[-13.28721,15.78789],[-13.28574,15.78887],[-13.2843,15.78905],[-13.28259,15.78886],[-13.28039,15.78769],[-13.27824,15.78614],[-13.27438,15.78464],[-13.27045,15.78392],[-13.26768,15.78406],[-13.26545,15.785],[-13.26384,15.78712],[-13.26325,15.78922],[-13.2639,15.79123],[-13.2658,15.79423],[-13.2699,15.79856],[-13.27656,15.80342],[-13.27917,15.80507],[-13.2805,15.80552],[-13.28173,15.80579],[-13.28271,15.80614],[-13.28407,15.80716],[-13.28647,15.80939],[-13.29018,15.81393],[-13.29377,15.81809],[-13.29781,15.82407],[-13.30021,15.82945],[-13.30085,15.83278],[-13.30103,15.8362],[-13.30101,15.83948],[-13.30046,15.84158],[-13.29815,15.85192],[-13.2965,15.85676],[-13.29615,15.85868],[-13.29632,15.86085],[-13.29729,15.86465],[-13.29859,15.86787],[-13.29981,15.87183],[-13.30155,15.87419],[-13.30288,15.87552],[-13.30744,15.87907],[-13.31351,15.8829],[-13.31653,15.88419],[-13.31909,15.88459],[-13.32119,15.8847],[-13.32338,15.88615],[-13.32738,15.88918],[-13.33067,15.89213],[-13.33323,15.89553],[-13.33395,15.89699],[-13.33377,15.89799],[-13.33294,15.89851],[-13.33152,15.89958],[-13.33005,15.90045],[-13.32916,15.90167],[-13.32756,15.9037],[-13.32569,15.90557],[-13.32176,15.90863],[-13.31882,15.91098],[-13.31522,15.91423],[-13.31278,15.91725],[-13.31183,15.91989],[-13.31209,15.92353],[-13.3133,15.92688],[-13.31477,15.92882],[-13.3177,15.93122],[-13.3208,15.93269],[-13.32418,15.93275],[-13.32733,15.93285],[-13.32994,15.9332],[-13.33352,15.93479],[-13.34032,15.93947],[-13.34605,15.94536],[-13.35145,15.95096],[-13.35506,15.95564],[-13.35642,15.95913],[-13.35756,15.96239],[-13.35895,15.96492],[-13.36355,15.97151],[-13.36523,15.97544],[-13.36571,15.97941],[-13.36542,15.98521],[-13.36417,15.99139],[-13.36322,15.99675],[-13.36366,16.00099],[-13.3637,16.00139],[-13.36555,16.00406],[-13.36797,16.00673],[-13.37199,16.01078],[-13.37391,16.01234],[-13.37562,16.01423],[-13.37642,16.01654],[-13.37736,16.01843],[-13.37646,16.02048],[-13.37669,16.02886],[-13.37709,16.03024],[-13.37725,16.03279],[-13.37652,16.03639],[-13.3749,16.04116],[-13.37439,16.04338],[-13.37384,16.04654],[-13.37371,16.0479],[-13.37427,16.05057],[-13.37531,16.05365],[-13.37613,16.05528],[-13.37774,16.05717],[-13.38065,16.05973],[-13.38294,16.06098],[-13.38673,16.06248],[-13.38992,16.06256],[-13.39301,16.0631],[-13.39653,16.06464],[-13.40191,16.06714],[-13.40737,16.06927],[-13.41028,16.07049],[-13.41487,16.07195],[-13.42563,16.07596],[-13.42862,16.07739],[-13.43224,16.07864],[-13.43797,16.08108],[-13.44546,16.08483],[-13.44685,16.08583],[-13.4496,16.08892],[-13.45183,16.0927],[-13.45279,16.09467],[-13.45363,16.09801],[-13.45436,16.09947],[-13.4558,16.10154],[-13.45632,16.10462],[-13.45668,16.1065],[-13.45794,16.10899],[-13.45924,16.10974],[-13.46154,16.11022],[-13.46587,16.11015],[-13.46942,16.10883],[-13.47253,16.10708],[-13.47606,16.10399],[-13.47739,16.10203],[-13.47893,16.09957],[-13.48035,16.09658],[-13.48189,16.09214],[-13.48416,16.08677],[-13.48673,16.08277],[-13.48861,16.0809],[-13.49025,16.0809],[-13.49352,16.08161],[-13.49679,16.08205],[-13.50041,16.0829],[-13.50179,16.08325],[-13.50236,16.08339],[-13.50604,16.08567],[-13.50844,16.0872],[-13.51127,16.08884],[-13.51374,16.09271],[-13.51471,16.09613],[-13.51573,16.10068],[-13.51532,16.10564],[-13.51405,16.11033],[-13.51101,16.11569],[-13.50735,16.119],[-13.50407,16.12163],[-13.50179,16.12313],[-13.49939,16.12444],[-13.49823,16.12513],[-13.49487,16.12592],[-13.49035,16.12635],[-13.48468,16.12729],[-13.48167,16.1276],[-13.47804,16.12875],[-13.47779,16.12883],[-13.47574,16.13102],[-13.47519,16.13281],[-13.47555,16.13522],[-13.47669,16.1372],[-13.47761,16.13944],[-13.47828,16.14096],[-13.47932,16.14294],[-13.48075,16.14465],[-13.48298,16.14664],[-13.4845,16.14753],[-13.48635,16.14814],[-13.48802,16.14798],[-13.48887,16.14721],[-13.49063,16.14481],[-13.49269,16.1425],[-13.49594,16.14037],[-13.49854,16.13926],[-13.50113,16.13857],[-13.50392,16.13726],[-13.50741,16.13348],[-13.51063,16.13019],[-13.51562,16.12647],[-13.52029,16.12542],[-13.52335,16.12518],[-13.52677,16.12557],[-13.52954,16.12603],[-13.5313,16.12705],[-13.53406,16.12806],[-13.53665,16.12933],[-13.54025,16.1305],[-13.54671,16.13267],[-13.55169,16.13419],[-13.55521,16.13527],[-13.55899,16.1358],[-13.5615,16.13611],[-13.56327,16.13598],[-13.57419,16.13437],[-13.58068,16.13262],[-13.5894,16.12904],[-13.60277,16.12303],[-13.61614,16.11648],[-13.61949,16.11449],[-13.62636,16.11097],[-13.6324,16.10818],[-13.63694,16.10725],[-13.64138,16.10718],[-13.64961,16.10853],[-13.65201,16.10894],[-13.65506,16.10999],[-13.65736,16.11074],[-13.66032,16.11107],[-13.66351,16.11027],[-13.667,16.10779],[-13.6686,16.10521],[-13.67252,16.0995],[-13.67444,16.09683],[-13.67755,16.09398],[-13.67895,16.0936],[-13.68117,16.09333],[-13.68412,16.0945],[-13.68718,16.09656],[-13.68967,16.09925],[-13.69698,16.10654],[-13.70388,16.11222],[-13.70885,16.11779],[-13.71223,16.12256],[-13.71603,16.12894],[-13.71816,16.13351],[-13.71897,16.13554],[-13.71902,16.13566],[-13.72099,16.13266],[-13.72448,16.12301],[-13.72621,16.11471],[-13.72802,16.10489],[-13.73081,16.09662],[-13.73199,16.09049],[-13.73328,16.08643],[-13.73539,16.07785],[-13.73722,16.06936],[-13.73887,16.06226],[-13.74131,16.05298],[-13.74229,16.0461],[-13.76336,16.0385],[-13.78444,16.0309],[-13.80551,16.0233],[-13.82558,16.01548],[-13.84013,16.00963],[-13.84291,16.00857],[-13.84522,16.00726],[-13.84671,16.00581],[-13.84845,16.00379],[-13.84962,16.00117],[-13.85041,15.99576],[-13.85083,15.99093],[-13.85145,15.99015],[-13.8521,15.98877],[-13.8792,15.96133],[-13.90501,15.93263],[-13.93338,15.90645],[-13.96045,15.87901],[-13.96936,15.86895],[-13.97826,15.85891],[-13.98717,15.84885],[-13.99948,15.83732],[-14.00019,15.83467],[-14.0084,15.82681],[-14.01515,15.82006],[-14.02204,15.81289],[-14.03523,15.79995],[-14.04681,15.78856],[-14.06139,15.77436],[-14.07677,15.75888],[-14.08732,15.7482],[-14.10217,15.73347],[-14.11701,15.71875],[-14.12648,15.70935],[-14.12766,15.70818],[-14.13184,15.70402],[-14.14473,15.69151],[-14.1645,15.67217],[-14.18425,15.65286],[-14.20401,15.63352],[-14.22867,15.60832],[-14.23292,15.6017],[-14.24847,15.57294],[-14.24869,15.57252],[-14.25308,15.56787],[-14.25425,15.56477],[-14.25369,15.56025],[-14.24721,15.53946],[-14.24605,15.53747],[-14.24591,15.53479],[-14.24825,15.53311],[-14.2519,15.53086],[-14.2541,15.52832],[-14.26039,15.51916],[-14.26222,15.51591],[-14.26471,15.51508],[-14.26835,15.51495],[-14.2717,15.51496],[-14.27622,15.51357],[-14.27971,15.51414],[-14.28131,15.51555],[-14.28262,15.51796],[-14.28377,15.52122],[-14.28581,15.52221],[-14.28857,15.52265],[-14.29089,15.52421],[-14.29279,15.52506],[-14.29774,15.52508],[-14.30021,15.52509],[-14.30489,15.52142],[-14.31059,15.51707],[-14.31615,15.51199],[-14.33374,15.49609],[-14.34148,15.49554],[-14.37119,15.49493],[-14.38846,15.49465],[-14.40571,15.49436],[-14.42224,15.49382],[-14.42225,15.49393],[-14.42278,15.49617],[-14.42254,15.49823],[-14.42166,15.50063],[-14.42005,15.50345],[-14.41874,15.50542],[-14.41726,15.50853],[-14.41577,15.51101],[-14.41551,15.51378],[-14.4156,15.51571],[-14.41588,15.51797],[-14.4162,15.52036],[-14.41676,15.5228],[-14.41689,15.52497],[-14.41727,15.52742],[-14.41782,15.52986],[-14.41818,15.5329],[-14.41856,15.53502],[-14.41883,15.53681],[-14.41915,15.53954],[-14.41958,15.54189],[-14.4199,15.54391],[-14.42037,15.54539],[-14.42083,15.5476],[-14.42087,15.54944],[-14.42,15.55257],[-14.41968,15.55402],[-14.41793,15.55727],[-14.41706,15.55937],[-14.41649,15.56103],[-14.41567,15.56369],[-14.41499,15.56562],[-14.41461,15.56654],[-14.4136,15.56861],[-14.41278,15.57119],[-14.41191,15.57363],[-14.4109,15.57662],[-14.41046,15.5779],[-14.40994,15.57895],[-14.40951,15.58043],[-14.40849,15.58268],[-14.4074,15.58465],[-14.40652,15.58636],[-14.40638,15.58815],[-14.40636,15.5899],[-14.40656,15.59128],[-14.40697,15.59322],[-14.40701,15.59428],[-14.40729,15.59543],[-14.40733,15.59709],[-14.40747,15.59824],[-14.40799,15.60013],[-14.4085,15.60217],[-14.40873,15.60282],[-14.40873,15.60397],[-14.40862,15.60507],[-14.40862,15.60623],[-14.40824,15.60705],[-14.4078,15.60806],[-14.40766,15.60884],[-14.40741,15.61072],[-14.40721,15.61206],[-14.40687,15.61386],[-14.40653,15.61496],[-14.40639,15.61579],[-14.40601,15.61699],[-14.40566,15.61905],[-14.40556,15.6203],[-14.4228,15.64878],[-14.43974,15.67697],[-14.4573,15.70573],[-14.47386,15.73371],[-14.49158,15.76313],[-14.49941,15.77571],[-14.5003,15.77713],[-14.50843,15.79128],[-14.51525,15.8026],[-14.51625,15.80412],[-14.51689,15.8051],[-14.53148,15.79548],[-14.54606,15.78586],[-14.56064,15.77623],[-14.58215,15.76103],[-14.60365,15.74581],[-14.62514,15.73059],[-14.64664,15.71537],[-14.66531,15.71032],[-14.68399,15.70525],[-14.70266,15.70019],[-14.72133,15.69513],[-14.73999,15.69007],[-14.74136,15.66586],[-14.74272,15.64164],[-14.74409,15.61742],[-14.74545,15.5932],[-14.74682,15.56899],[-14.74818,15.54478],[-14.74954,15.52056],[-14.74956,15.50361],[-14.74958,15.48665],[-14.7496,15.4697],[-14.75442,15.45558],[-14.75923,15.44146],[-14.76281,15.43095],[-14.76404,15.42734],[-14.75243,15.41153],[-14.73496,15.40586],[-14.70586,15.39451],[-14.69324,15.39073],[-14.68063,15.38695],[-14.66802,15.38316],[-14.65638,15.37749],[-14.63311,15.36615],[-14.60692,15.35198],[-14.58364,15.34911],[-14.55743,15.35471],[-14.54189,15.35751],[-14.52636,15.3603],[-14.51082,15.3631],[-14.49641,15.37704],[-14.49904,15.3671],[-14.50235,15.35687],[-14.50514,15.3467],[-14.51336,15.31819],[-14.5218,15.2891],[-14.52678,15.27259],[-14.52876,15.26624],[-14.53023,15.26002],[-14.53888,15.23079],[-14.54739,15.2017],[-14.55171,15.18689],[-14.5555,15.17276],[-14.56402,15.1437],[-14.56718,15.13293],[-14.57255,15.11462],[-14.54696,15.09659],[-14.52399,15.07948],[-14.52382,15.07935],[-14.53376,15.0773],[-14.54394,15.07521],[-14.55413,15.07311],[-14.57907,15.06892],[-14.60399,15.06472],[-14.62893,15.06053],[-14.65385,15.05633],[-14.67878,15.05213],[-14.7037,15.04792],[-14.71922,15.04653],[-14.73472,15.04514],[-14.75023,15.04374],[-14.77774,15.02258],[-14.78049,15.02046],[-14.77261,14.99715],[-14.76472,14.97382],[-14.75685,14.95051],[-14.74897,14.92719],[-14.74109,14.90387],[-14.73105,14.88549],[-14.72099,14.86711],[-14.71095,14.84873],[-14.70865,14.83177],[-14.72203,14.81537],[-14.73541,14.79896],[-14.74878,14.78256],[-14.76216,14.76614],[-14.7854,14.75345],[-14.78832,14.73808],[-14.79124,14.72273],[-14.79415,14.70737],[-14.79707,14.692],[-14.80482,14.67929],[-14.81257,14.66659],[-14.82033,14.65387],[-14.83572,14.64117],[-14.8493,14.63148],[-14.82078,14.62412],[-14.7922,14.61548],[-14.76522,14.60754],[-14.75443,14.60433],[-14.75398,14.6042],[-14.73709,14.59917],[-14.70926,14.59094],[-14.68141,14.58286],[-14.65343,14.5749],[-14.62661,14.56694],[-14.62798,14.54186],[-14.62875,14.52797]]]}},{"type":"Feature","properties":{"region":"saint_louis"},"geometry":{"type":"Polygon","coordinates":[[[-14.51689,15.8051],[-14.51625,15.80412],[-14.51525,15.8026],[-14.50843,15.79128],[-14.5003,15.77713],[-14.49941,15.77571],[-14.49158,15.76313],[-14.47386,15.73371],[-14.4573,15.70573],[-14.43974,15.67697],[-14.4228,15.64878],[-14.40556,15.6203],[-14.40566,15.61905],[-14.40601,15.61699],[-14.40639,15.61579],[-14.40653,15.61496],[-14.40687,15.61386],[-14.40721,15.61206],[-14.40741,15.61072],[-14.40766,15.60884],[-14.4078,15.60806],[-14.40824,15.60705],[-14.40862,15.60623],[-14.40862,15.60507],[-14.40873,15.60397],[-14.40873,15.60282],[-14.4085,15.60217],[-14.40799,15.60013],[-14.40747,15.59824],[-14.40733,15.59709],[-14.40729,15.59543],[-14.40701,15.59428],[-14.40697,15.59322],[-14.40656,15.59128],[-14.40636,15.5899],[-14.40638,15.58815],[-14.40652,15.58636],[-14.4074,15.58465],[-14.40849,15.58268],[-14.40951,15.58043],[-14.40994,15.57895],[-14.41046,15.5779],[-14.4109,15.57662],[-14.41191,15.57363],[-14.41278,15.57119],[-14.4136,15.56861],[-14.41461,15.56654],[-14.41499,15.56562],[-14.41567,15.56369],[-14.41649,15.56103],[-14.41706,15.55937],[-14.41793,15.55727],[-14.41968,15.55402],[-14.42,15.55257],[-14.42087,15.54944],[-14.42083,15.5476],[-14.42037,15.54539],[-14.4199,15.54391],[-14.41958,15.54189],[-14.41915,15.53954],[-14.41883,15.53681],[-14.41856,15.53502],[-14.41818,15.5329],[-14.41782,15.52986],[-14.41727,15.52742],[-14.41689,15.52497],[-14.41676,15.5228],[-14.4162,15.52036],[-14.41588,15.51797],[-14.4156,15.51571],[-14.41551,15.51378],[-14.41577,15.51101],[-14.41726,15.50853],[-14.41874,15.50542],[-14.42005,15.50345],[-14.42166,15.50063],[-14.42254,15.49823],[-14.42278,15.49617],[-14.42225,15.49393],[-14.42224,15.49382],[-14.40571,15.49436],[-14.38846,15.49465],[-14.37119,15.49493],[-14.34148,15.49554],[-14.33374,15.49609],[-14.31615,15.51199],[-14.31059,15.51707],[-14.30489,15.52142],[-14.30021,15.52509],[-14.29774,15.52508],[-14.29279,15.52506],[-14.29089,15.52421],[-14.28857,15.52265],[-14.28581,15.52221],[-14.28377,15.52122],[-14.28262,15.51796],[-14.28131,15.51555],[-14.27971,15.51414],[-14.27622,15.51357],[-14.2717,15.51496],[-14.26835,15.51495],[-14.26471,15.51508],[-14.26222,15.51591],[-14.26039,15.51916],[-14.2541,15.52832],[-14.2519,15.53086],[-14.24825,15.53311],[-14.24591,15.53479],[-14.24605,15.53747],[-14.24721,15.53946],[-14.25369,15.56025],[-14.25425,15.56477],[-14.25308,15.56787],[-14.24869,15.57252],[-14.24847,15.57294],[-14.23292,15.6017],[-14.22867,15.60832],[-14.20401,15.63352],[-14.18425,15.65286],[-14.1645,15.67217],[-14.14473,15.69151],[-14.13184,15.70402],[-14.12766,15.70818],[-14.12648,15.70935],[-14.11701,15.71875],[-14.10217,15.73347],[-14.08732,15.7482],[-14.07677,15.75888],[-14.06139,15.77436],[-14.04681,15.78856],[-14.03523,15.79995],[-14.02204,15.81289],[-14.01515,15.82006],[-14.0084,15.82681],[-14.00019,15.83467],[-13.99948,15.83732],[-13.98717,15.84885],[-13.97826,15.85891],[-13.96936,15.86895],[-13.96045,15.87901],[-13.93338,15.90645],[-13.90501,15.93263],[-13.8792,15.96133],[-13.8521,15.98877],[-13.85145,15.99015],[-13.85083,15.99093],[-13.85041,15.99576],[-13.84962,16.00117],[-13.84845,16.00379],[-13.84671,16.00581],[-13.84522,16.00726],[-13.84291,16.00857],[-13.84013,16.00963],[-13.82558,16.01548],[-13.80551,16.0233],[-13.78444,16.0309],[-13.76336,16.0385],[-13.74229,16.0461],[-13.74131,16.05298],[-13.73887,16.06226],[-13.73722,16.06936],[-13.73539,16.07785],[-13.73328,16.08643],[-13.73199,16.09049],[-13.73081,16.09662],[-13.72802,16.10489],[-13.72621,16.11471],[-13.72448,16.12301],[-13.72099,16.13266],[-13.71902,16.13566],[-13.7203,16.1391],[-13.72139,16.14127],[-13.72148,16.14348],[-13.72147,16.14491],[-13.72098,16.14638],[-13.72093,16.14754],[-13.71992,16.14896],[-13.71891,16.15025],[-13.71709,16.15162],[-13.71484,16.15336],[-13.7134,16.15478],[-13.71187,16.15578],[-13.70995,16.15785],[-13.70778,16.16084],[-13.70643,16.16308],[-13.70547,16.16427],[-13.70446,16.16533],[-13.7037,16.16648],[-13.70307,16.1674],[-13.70249,16.16869],[-13.7021,16.17002],[-13.70209,16.1714],[-13.7019,16.17222],[-13.70199,16.17347],[-13.70222,16.17477],[-13.70227,16.17601],[-13.70298,16.17684],[-13.70384,16.17813],[-13.70497,16.17952],[-13.7065,16.18054],[-13.70835,16.18152],[-13.71046,16.18153],[-13.71227,16.18172],[-13.7137,16.18159],[-13.71567,16.18086],[-13.71797,16.17986],[-13.71945,16.17886],[-13.72074,16.17771],[-13.72242,16.17633],[-13.72487,16.17418],[-13.72784,16.17148],[-13.73072,16.16937],[-13.73378,16.16667],[-13.73724,16.16277],[-13.74008,16.15951],[-13.74295,16.15694],[-13.7464,16.15475],[-13.74943,16.15223],[-13.75263,16.15012],[-13.75732,16.14793],[-13.76191,16.14639],[-13.76632,16.1448],[-13.76952,16.14375],[-13.77206,16.1433],[-13.77502,16.1428],[-13.77731,16.14268],[-13.78027,16.14325],[-13.7839,16.1434],[-13.78925,16.14481],[-13.79163,16.14556],[-13.79291,16.14607],[-13.79363,16.14612],[-13.79468,16.14607],[-13.79712,16.14553],[-13.8009,16.14407],[-13.80583,16.14184],[-13.81109,16.13951],[-13.81526,16.13732],[-13.81961,16.13494],[-13.82497,16.13128],[-13.8277,16.12981],[-13.82934,16.12844],[-13.83019,16.12766],[-13.83222,16.12582],[-13.83447,16.12233],[-13.83697,16.1182],[-13.84005,16.11397],[-13.84446,16.1092],[-13.84661,16.10714],[-13.848,16.10617],[-13.84915,16.10581],[-13.85049,16.10623],[-13.85168,16.10688],[-13.85296,16.10873],[-13.85353,16.11057],[-13.85461,16.11219],[-13.85499,16.11371],[-13.85575,16.11565],[-13.85603,16.11773],[-13.8563,16.12072],[-13.85658,16.12325],[-13.857,16.12422],[-13.85805,16.12557],[-13.8592,16.12626],[-13.86043,16.1264],[-13.86268,16.12664],[-13.86602,16.12712],[-13.86692,16.12768],[-13.86731,16.12772],[-13.86798,16.1285],[-13.86849,16.1303],[-13.86892,16.13192],[-13.86925,16.13363],[-13.86967,16.13543],[-13.86986,16.13671],[-13.87014,16.1382],[-13.87042,16.13953],[-13.87098,16.14142],[-13.87188,16.14345],[-13.8736,16.14507],[-13.87478,16.1467],[-13.87611,16.14781],[-13.87768,16.14971],[-13.87826,16.15077],[-13.87868,16.15238],[-13.87939,16.1546],[-13.87976,16.15649],[-13.87981,16.15838],[-13.87998,16.16054],[-13.87911,16.16339],[-13.8782,16.1661],[-13.87742,16.1679],[-13.87632,16.16946],[-13.87387,16.17222],[-13.87186,16.17497],[-13.87056,16.17644],[-13.87008,16.17778],[-13.8695,16.17938],[-13.86911,16.1809],[-13.86934,16.18279],[-13.86929,16.18395],[-13.87014,16.1863],[-13.87066,16.18713],[-13.87147,16.18847],[-13.87299,16.19008],[-13.87413,16.19083],[-13.87609,16.19245],[-13.8778,16.19328],[-13.87976,16.19463],[-13.88152,16.19561],[-13.88258,16.19616],[-13.88386,16.19658],[-13.88487,16.19658],[-13.88639,16.19613],[-13.88826,16.19513],[-13.89013,16.19425],[-13.89204,16.1927],[-13.89386,16.19155],[-13.89564,16.19036],[-13.89741,16.18959],[-13.89984,16.1895],[-13.9019,16.18932],[-13.90367,16.18951],[-13.90529,16.1898],[-13.90668,16.19031],[-13.90863,16.19138],[-13.91039,16.1924],[-13.91196,16.19347],[-13.91383,16.19513],[-13.91506,16.19647],[-13.91629,16.19906],[-13.91734,16.20141],[-13.91861,16.20431],[-13.91913,16.20644],[-13.9195,16.20897],[-13.92026,16.21216],[-13.92063,16.21584],[-13.92076,16.21929],[-13.92042,16.22179],[-13.92022,16.22348],[-13.92007,16.22487],[-13.92007,16.22556],[-13.9204,16.22662],[-13.92092,16.22731],[-13.92139,16.22791],[-13.92197,16.22806],[-13.92297,16.22806],[-13.92455,16.22733],[-13.92943,16.22559],[-13.93068,16.22523],[-13.93216,16.22523],[-13.93273,16.22556],[-13.93483,16.22654],[-13.93659,16.22829],[-13.9384,16.23009],[-13.9393,16.23097],[-13.94026,16.23199],[-13.94087,16.23246],[-13.94193,16.23301],[-13.94322,16.23306],[-13.94461,16.23261],[-13.94728,16.23179],[-13.95034,16.23065],[-13.95412,16.22923],[-13.95795,16.22685],[-13.96121,16.22512],[-13.96398,16.22351],[-13.96762,16.22205],[-13.97068,16.221],[-13.97283,16.22083],[-13.97333,16.22092],[-13.9739,16.22104],[-13.97421,16.22152],[-13.97381,16.22583],[-13.9719,16.23237],[-13.97186,16.24411],[-13.96993,16.251],[-13.96633,16.25667],[-13.96059,16.26148],[-13.95481,16.26593],[-13.95218,16.26816],[-13.95233,16.26972],[-13.9542,16.27128],[-13.95775,16.27371],[-13.95961,16.27414],[-13.96407,16.27557],[-13.96888,16.27625],[-13.9771,16.27593],[-13.98354,16.27451],[-13.9865,16.27454],[-13.9889,16.27731],[-13.98995,16.28319],[-13.98999,16.29251],[-13.9905,16.29923],[-13.99147,16.30286],[-13.99096,16.30562],[-13.99038,16.30665],[-13.98676,16.30881],[-13.983,16.3104],[-13.97674,16.31055],[-13.97193,16.30991],[-13.9664,16.30661],[-13.96265,16.30597],[-13.95961,16.30712],[-13.95811,16.30925],[-13.9583,16.31425],[-13.95995,16.31789],[-13.96223,16.32118],[-13.96425,16.32533],[-13.96579,16.33016],[-13.9688,16.33363],[-13.97134,16.33571],[-13.97447,16.33527],[-13.97716,16.33575],[-13.98036,16.33719],[-13.98411,16.33835],[-13.98731,16.33977],[-13.99051,16.34219],[-13.99566,16.34618],[-13.99773,16.34792],[-13.998,16.34805],[-13.99888,16.34839],[-13.99924,16.34853],[-13.99977,16.34873],[-14.0037,16.34884],[-14.00746,16.34856],[-14.01104,16.3476],[-14.02195,16.34569],[-14.02767,16.34565],[-14.03075,16.34962],[-14.03145,16.35187],[-14.03259,16.35533],[-14.03658,16.36449],[-14.0429,16.3728],[-14.04758,16.37731],[-14.05066,16.38043],[-14.05276,16.38268],[-14.05722,16.38701],[-14.06006,16.38996],[-14.06269,16.39187],[-14.06478,16.39318],[-14.06757,16.39585],[-14.06878,16.40132],[-14.07109,16.40416],[-14.07619,16.40841],[-14.08313,16.41411],[-14.08707,16.4167],[-14.09174,16.41965],[-14.09832,16.42143],[-14.10226,16.42295],[-14.10618,16.42634],[-14.10788,16.42846],[-14.10839,16.43535],[-14.10963,16.4385],[-14.11374,16.44354],[-14.11651,16.44544],[-14.12015,16.44778],[-14.12308,16.44942],[-14.12585,16.45072],[-14.12965,16.45203],[-14.1336,16.45268],[-14.13594,16.45274],[-14.13813,16.45316],[-14.13974,16.45628],[-14.1412,16.46236],[-14.13861,16.46758],[-14.1375,16.46885],[-14.13667,16.4704],[-14.13534,16.47124],[-14.13404,16.4725],[-14.1324,16.47419],[-14.1313,16.47743],[-14.13305,16.47799],[-14.13553,16.4787],[-14.13817,16.47823],[-14.13824,16.47831],[-14.13982,16.47648],[-14.14045,16.47564],[-14.14272,16.47409],[-14.14522,16.47239],[-14.14947,16.47189],[-14.15195,16.47262],[-14.15311,16.47337],[-14.15515,16.47513],[-14.15783,16.47938],[-14.16234,16.4873],[-14.16626,16.49198],[-14.16928,16.49389],[-14.17264,16.49491],[-14.17586,16.49617],[-14.17965,16.49806],[-14.18392,16.50081],[-14.18812,16.50382],[-14.19309,16.50518],[-14.19967,16.50835],[-14.20316,16.51247],[-14.20426,16.51601],[-14.20287,16.52047],[-14.20079,16.52531],[-14.19962,16.52809],[-14.19996,16.52997],[-14.20163,16.53125],[-14.20558,16.53271],[-14.21055,16.5358],[-14.21728,16.54116],[-14.2209,16.54347],[-14.22514,16.54456],[-14.23056,16.54512],[-14.23875,16.54669],[-14.24432,16.54627],[-14.24928,16.54494],[-14.25299,16.54274],[-14.25509,16.54007],[-14.25743,16.5347],[-14.2591,16.52934],[-14.25915,16.52911],[-14.25959,16.52722],[-14.25926,16.52412],[-14.25711,16.51983],[-14.25487,16.51534],[-14.25601,16.5148],[-14.25687,16.51439],[-14.25863,16.51607],[-14.26418,16.52837],[-14.26833,16.53461],[-14.27221,16.54027],[-14.27458,16.54522],[-14.27581,16.54959],[-14.27579,16.55267],[-14.27577,16.55945],[-14.27271,16.56485],[-14.26878,16.56936],[-14.26763,16.57273],[-14.26781,16.57386],[-14.26881,16.5757],[-14.26981,16.57638],[-14.27244,16.57776],[-14.27498,16.58138],[-14.27843,16.58357],[-14.28443,16.58597],[-14.28882,16.5845],[-14.29205,16.58158],[-14.29439,16.57778],[-14.29669,16.57368],[-14.29941,16.57205],[-14.30175,16.57171],[-14.30688,16.57148],[-14.31216,16.57135],[-14.31464,16.57104],[-14.31609,16.5705],[-14.32155,16.56718],[-14.3258,16.56613],[-14.3305,16.56688],[-14.333,16.56871],[-14.3338,16.5707],[-14.3344,16.57268],[-14.33392,16.5772],[-14.33267,16.58383],[-14.33083,16.5899],[-14.32924,16.59668],[-14.32809,16.60586],[-14.32857,16.61164],[-14.32784,16.6262],[-14.32795,16.63082],[-14.33093,16.63651],[-14.33267,16.63878],[-14.33418,16.63991],[-14.33754,16.64149],[-14.34223,16.64065],[-14.34399,16.64016],[-14.34898,16.63915],[-14.3547,16.6377],[-14.35703,16.63669],[-14.36408,16.63368],[-14.36745,16.63311],[-14.37492,16.63502],[-14.37916,16.63623],[-14.38151,16.63682],[-14.38326,16.63713],[-14.38604,16.63692],[-14.3906,16.6355],[-14.39412,16.63414],[-14.39675,16.63324],[-14.40115,16.63268],[-14.40525,16.63281],[-14.40705,16.6335],[-14.40955,16.63534],[-14.41202,16.63831],[-14.41347,16.64293],[-14.41411,16.64708],[-14.4145,16.64962],[-14.41492,16.65004],[-14.41662,16.65117],[-14.41985,16.65205],[-14.42267,16.65134],[-14.42487,16.64951],[-14.42879,16.64704],[-14.43275,16.64471],[-14.4351,16.6432],[-14.43702,16.64177],[-14.43973,16.63853],[-14.44171,16.63459],[-14.44316,16.6312],[-14.44415,16.62908],[-14.44893,16.62374],[-14.45172,16.62316],[-14.45787,16.62343],[-14.46549,16.62481],[-14.47295,16.62606],[-14.47764,16.62564],[-14.48233,16.6224],[-14.48504,16.62],[-14.48661,16.61817],[-14.49055,16.61542],[-14.49451,16.61409],[-14.49657,16.61373],[-14.50067,16.61368],[-14.50299,16.61552],[-14.50667,16.61851],[-14.51046,16.62162],[-14.51359,16.6233],[-14.51456,16.62387],[-14.52305,16.62675],[-14.52986,16.63127],[-14.53732,16.63947],[-14.53977,16.64216],[-14.54249,16.64395],[-14.54336,16.64429],[-14.54659,16.64385],[-14.5481,16.64304],[-14.54926,16.64106],[-14.55001,16.63428],[-14.55229,16.62695],[-14.55385,16.62171],[-14.55529,16.61931],[-14.55735,16.61793],[-14.56042,16.61814],[-14.56503,16.6216],[-14.56935,16.62398],[-14.57198,16.62441],[-14.57492,16.62368],[-14.5794,16.62172],[-14.58298,16.62038],[-14.58656,16.62069],[-14.59014,16.6223],[-14.59317,16.62357],[-14.59699,16.62252],[-14.59927,16.62045],[-14.60267,16.61788],[-14.605,16.61863],[-14.60764,16.62322],[-14.61089,16.62677],[-14.61321,16.62829],[-14.61929,16.62932],[-14.62573,16.62903],[-14.62878,16.6281],[-14.63178,16.625],[-14.63423,16.62103],[-14.63855,16.61759],[-14.64032,16.6182],[-14.6461,16.62347],[-14.64882,16.62641],[-14.65105,16.63107],[-14.64828,16.63243],[-14.64541,16.63277],[-14.64111,16.63389],[-14.639,16.63674],[-14.63862,16.64019],[-14.63951,16.64623],[-14.64179,16.64928],[-14.64645,16.65043],[-14.65038,16.6502],[-14.6597,16.64779],[-14.67008,16.64647],[-14.67527,16.64705],[-14.68243,16.64707],[-14.68744,16.64648],[-14.69227,16.64541],[-14.698,16.64314],[-14.70677,16.63955],[-14.71215,16.63914],[-14.71412,16.63963],[-14.71787,16.64187],[-14.72169,16.64585],[-14.72395,16.64704],[-14.72701,16.64551],[-14.72756,16.64278],[-14.72748,16.63792],[-14.72824,16.63464],[-14.72916,16.6333],[-14.73202,16.63344],[-14.73434,16.63341],[-14.73611,16.63276],[-14.73874,16.62948],[-14.73395,16.62171],[-14.73526,16.61981],[-14.73865,16.62047],[-14.74438,16.62356],[-14.74962,16.62725],[-14.75115,16.63035],[-14.75104,16.63401],[-14.75045,16.6357],[-14.75063,16.63801],[-14.75037,16.64097],[-14.75091,16.64648],[-14.75341,16.64951],[-14.75718,16.65262],[-14.76295,16.65616],[-14.76508,16.65674],[-14.76868,16.65609],[-14.77084,16.65488],[-14.7733,16.65247],[-14.77637,16.64798],[-14.77935,16.64402],[-14.78178,16.63971],[-14.78324,16.63661],[-14.7859,16.63268],[-14.78709,16.6318],[-14.78929,16.63201],[-14.79291,16.63489],[-14.7984,16.64076],[-14.80386,16.64784],[-14.80574,16.65112],[-14.80724,16.65302],[-14.80967,16.65489],[-14.81253,16.65565],[-14.81629,16.65545],[-14.81871,16.65389],[-14.82001,16.65269],[-14.82116,16.6501],[-14.82203,16.64648],[-14.82223,16.64354],[-14.82313,16.63923],[-14.82523,16.63733],[-14.82758,16.63684],[-14.8308,16.63813],[-14.83599,16.641],[-14.83921,16.64146],[-14.8444,16.6408],[-14.85138,16.63917],[-14.85514,16.63837],[-14.85783,16.6384],[-14.86003,16.6396],[-14.86137,16.64203],[-14.8653,16.6491],[-14.86832,16.65376],[-14.87007,16.65635],[-14.87367,16.66152],[-14.87821,16.66324],[-14.88108,16.66234],[-14.88388,16.66067],[-14.88578,16.65773],[-14.88739,16.65291],[-14.88899,16.64532],[-14.89224,16.6379],[-14.89344,16.63583],[-14.89541,16.63443],[-14.89971,16.63374],[-14.90833,16.63687],[-14.90963,16.63929],[-14.91,16.64153],[-14.90897,16.64601],[-14.90881,16.64757],[-14.90881,16.64981],[-14.91044,16.65088],[-14.9142,16.65112],[-14.91616,16.64878],[-14.92009,16.64481],[-14.92663,16.63912],[-14.93278,16.63464],[-14.93765,16.63363],[-14.94236,16.63585],[-14.94602,16.63913],[-14.94894,16.64327],[-14.9541,16.65281],[-14.9528,16.6595],[-14.95057,16.66691],[-14.94954,16.67209],[-14.95083,16.67899],[-14.95678,16.68165],[-14.96429,16.68485],[-14.97164,16.68916],[-14.97987,16.69324],[-14.98614,16.69373],[-14.989,16.69324],[-14.99187,16.69159],[-14.99391,16.69004],[-14.9969,16.68486],[-14.99772,16.68193],[-14.99842,16.67675],[-14.99766,16.67002],[-14.99772,16.6633],[-14.9979,16.65311],[-14.99966,16.64689],[-15.00515,16.64141],[-15.00941,16.63916],[-15.01913,16.63545],[-15.02812,16.63099],[-15.032,16.62957],[-15.03549,16.62925],[-15.03907,16.63004],[-15.04185,16.63128],[-15.04734,16.6323],[-15.04902,16.63156],[-15.0505,16.62977],[-15.05108,16.62821],[-15.05309,16.62715],[-15.0551,16.6288],[-15.05576,16.63074],[-15.05881,16.63603],[-15.05923,16.63657],[-15.06329,16.64069],[-15.06444,16.64231],[-15.06468,16.64354],[-15.06693,16.64576],[-15.06791,16.65174],[-15.06991,16.65921],[-15.07148,16.66344],[-15.07372,16.66634],[-15.07812,16.67077],[-15.08069,16.67413],[-15.08323,16.67584],[-15.08753,16.67741],[-15.09112,16.67819],[-15.09662,16.67769],[-15.10251,16.67143],[-15.10625,16.66812],[-15.10811,16.66558],[-15.1119,16.66177],[-15.11242,16.66053],[-15.1176,16.65432],[-15.12162,16.6458],[-15.12172,16.64157],[-15.12149,16.64014],[-15.12053,16.63852],[-15.11705,16.63346],[-15.11552,16.63203],[-15.10922,16.63032],[-15.10161,16.63046],[-15.09592,16.6293],[-15.09334,16.62732],[-15.08929,16.62239],[-15.08828,16.62064],[-15.08829,16.61926],[-15.08633,16.6165],[-15.08505,16.61281],[-15.08453,16.61019],[-15.08458,16.6072],[-15.08573,16.6043],[-15.09124,16.59827],[-15.10294,16.58902],[-15.10913,16.5841],[-15.11239,16.58018],[-15.11751,16.57738],[-15.12305,16.57738],[-15.13237,16.5784],[-15.13515,16.57955],[-15.14069,16.58053],[-15.14595,16.58324],[-15.15736,16.58813],[-15.16716,16.59053],[-15.17032,16.59026],[-15.17419,16.58804],[-15.17706,16.58298],[-15.17706,16.58178],[-15.17773,16.58053],[-15.18118,16.57722],[-15.19141,16.57286],[-15.19514,16.5717],[-15.19901,16.5695],[-15.20235,16.56843],[-15.21359,16.56107],[-15.21407,16.5602],[-15.21713,16.55813],[-15.2179,16.55693],[-15.22049,16.55533],[-15.22158,16.55408],[-15.23004,16.55128],[-15.23449,16.55219],[-15.2439,16.55698],[-15.2492,16.56154],[-15.2514,16.56439],[-15.2566,16.56927],[-15.25808,16.56973],[-15.261,16.57005],[-15.27219,16.569],[-15.28188,16.57102],[-15.29522,16.57603],[-15.31047,16.57566],[-15.31534,16.57488],[-15.31792,16.57377],[-15.33198,16.56166],[-15.33318,16.56115],[-15.33737,16.55927],[-15.34306,16.55852],[-15.35176,16.56059],[-15.35769,16.56073],[-15.36069,16.56036],[-15.36208,16.55949],[-15.37059,16.55],[-15.37655,16.54539],[-15.38941,16.5381],[-15.39605,16.53571],[-15.39912,16.53566],[-15.40398,16.53667],[-15.40685,16.53634],[-15.41078,16.53676],[-15.41321,16.5374],[-15.41412,16.53781],[-15.41684,16.53929],[-15.41917,16.53942],[-15.42386,16.54181],[-15.42735,16.54416],[-15.42849,16.54539],[-15.4295,16.54774],[-15.4316,16.54912],[-15.4328,16.5522],[-15.43405,16.56108],[-15.4352,16.56334],[-15.43553,16.5667],[-15.43812,16.57402],[-15.43869,16.57521],[-15.44002,16.57632],[-15.44486,16.58249],[-15.44882,16.58631],[-15.45414,16.58971],[-15.4582,16.5916],[-15.4626,16.59242],[-15.46886,16.59228],[-15.47205,16.59117],[-15.47311,16.59029],[-15.47574,16.58757],[-15.4808,16.58029],[-15.48237,16.57931],[-15.50531,16.57239],[-15.50913,16.57058],[-15.51257,16.56818],[-15.516,16.56473],[-15.51663,16.56312],[-15.51672,16.56114],[-15.51968,16.55497],[-15.52011,16.55041],[-15.51972,16.54562],[-15.51775,16.54185],[-15.51617,16.5406],[-15.51048,16.53233],[-15.50948,16.52957],[-15.50948,16.52764],[-15.51148,16.52432],[-15.51587,16.52192],[-15.51659,16.52114],[-15.5259,16.51961],[-15.52796,16.5185],[-15.53732,16.516],[-15.54258,16.51392],[-15.5454,16.51378],[-15.54778,16.51285],[-15.55284,16.51267],[-15.55423,16.51192],[-15.55781,16.51128],[-15.56269,16.51159],[-15.56479,16.51246],[-15.57253,16.51369],[-15.5774,16.51529],[-15.58577,16.51984],[-15.58821,16.52191],[-15.58926,16.52204],[-15.59342,16.52461],[-15.59682,16.52783],[-15.59773,16.5282],[-15.60016,16.52806],[-15.60255,16.52713],[-15.60847,16.52602],[-15.61984,16.52581],[-15.62648,16.52373],[-15.62958,16.52087],[-15.63164,16.51783],[-15.63197,16.51617],[-15.63192,16.51525],[-15.63195,16.51379],[-15.63159,16.51266],[-15.63133,16.51166],[-15.63009,16.50904],[-15.62894,16.50614],[-15.62803,16.50463],[-15.62687,16.50199],[-15.62668,16.4986],[-15.62749,16.49638],[-15.62869,16.49528],[-15.6292,16.49358],[-15.63092,16.4915],[-15.63737,16.48804],[-15.63875,16.4867],[-15.64567,16.48425],[-15.64701,16.48337],[-15.65698,16.48244],[-15.66902,16.48029],[-15.6855,16.47948],[-15.69019,16.47878],[-15.69056,16.47872],[-15.69281,16.4784],[-15.69609,16.47586],[-15.69767,16.47365],[-15.70224,16.47139],[-15.70535,16.4717],[-15.70602,16.47248],[-15.70793,16.47275],[-15.7186,16.48042],[-15.7208,16.48129],[-15.72467,16.48426],[-15.73184,16.4883],[-15.73725,16.48963],[-15.75091,16.49033],[-15.76519,16.48974],[-15.77064,16.49171],[-15.77346,16.49184],[-15.78226,16.49444],[-15.78746,16.49488],[-15.79933,16.50213],[-15.80582,16.50492],[-15.8076,16.5063],[-15.80951,16.50666],[-15.81749,16.5071],[-15.82255,16.5058],[-15.831,16.50471],[-15.83358,16.50356],[-15.85127,16.49209],[-15.8569,16.49051],[-15.85905,16.49064],[-15.86001,16.49142],[-15.86087,16.49491],[-15.86009,16.50468],[-15.86096,16.50881],[-15.86225,16.51061],[-15.86365,16.51157],[-15.86599,16.51197],[-15.86886,16.51385],[-15.87469,16.51471],[-15.88248,16.51506],[-15.88582,16.51583],[-15.8927,16.51595],[-15.90598,16.51296],[-15.91314,16.51294],[-15.91605,16.51229],[-15.92449,16.50623],[-15.93059,16.50381],[-15.93402,16.50177],[-15.9356,16.49974],[-15.94146,16.49503],[-15.94669,16.49005],[-15.95608,16.48546],[-15.96048,16.48383],[-15.96314,16.48332],[-15.96477,16.48354],[-15.96687,16.48317],[-15.97007,16.48467],[-15.97151,16.48618],[-15.97195,16.48895],[-15.97474,16.49193],[-15.97579,16.49216],[-15.98096,16.49559],[-15.98124,16.49614],[-15.98546,16.49751],[-15.98627,16.49902],[-15.98819,16.50026],[-15.99134,16.50126],[-15.99345,16.50111],[-15.99646,16.50303],[-15.99894,16.50345],[-16.00011,16.50455],[-16.00255,16.50501],[-16.00398,16.50479],[-16.00576,16.50419],[-16.0094,16.5014],[-16.01713,16.49525],[-16.02711,16.48671],[-16.03273,16.48272],[-16.03708,16.48062],[-16.04193,16.47934],[-16.04704,16.47908],[-16.05125,16.47954],[-16.05397,16.48093],[-16.05655,16.48324],[-16.05902,16.48752],[-16.06221,16.49232],[-16.06412,16.49458],[-16.06712,16.49813],[-16.06912,16.5008],[-16.07107,16.5032],[-16.07131,16.50371],[-16.07384,16.50643],[-16.07708,16.50998],[-16.08085,16.5127],[-16.08519,16.51515],[-16.08931,16.51705],[-16.09318,16.51894],[-16.09684,16.52125],[-16.09875,16.52277],[-16.09976,16.52439],[-16.10047,16.52627],[-16.10084,16.52839],[-16.10045,16.53074],[-16.09987,16.53304],[-16.09953,16.53455],[-16.09876,16.53584],[-16.09834,16.53492],[-16.09834,16.53399],[-16.09776,16.53579],[-16.09775,16.53759],[-16.09808,16.5391],[-16.09889,16.54048],[-16.09926,16.54265],[-16.10015,16.54669],[-16.10173,16.54992],[-16.1054,16.55338],[-16.10783,16.55559],[-16.11074,16.55665],[-16.1151,16.55722],[-16.1217,16.55672],[-16.12462,16.55622],[-16.12715,16.55517],[-16.12888,16.55425],[-16.13056,16.5537],[-16.13281,16.55343],[-16.1364,16.55358],[-16.14271,16.55235],[-16.1521,16.54901],[-16.15325,16.54845],[-16.1555,16.54703],[-16.15737,16.54533],[-16.1603,16.54198],[-16.16294,16.53899],[-16.16625,16.53458],[-16.17086,16.52912],[-16.17293,16.52751],[-16.17431,16.52627],[-16.17604,16.52609],[-16.1779,16.52587],[-16.18005,16.52536],[-16.18206,16.5249],[-16.1837,16.52404],[-16.18461,16.52288],[-16.18538,16.5216],[-16.186,16.52059],[-16.18682,16.51963],[-16.18859,16.51885],[-16.19151,16.51839],[-16.19533,16.51835],[-16.19921,16.51822],[-16.2016,16.51776],[-16.20452,16.51685],[-16.20863,16.51635],[-16.21202,16.51649],[-16.21537,16.51696],[-16.21977,16.51857],[-16.22997,16.52401],[-16.23126,16.52503],[-16.23361,16.52558],[-16.24077,16.52725],[-16.24483,16.52831],[-16.24736,16.52818],[-16.24947,16.52754],[-16.25129,16.52694],[-16.25387,16.5263],[-16.2598,16.5253],[-16.26823,16.52186],[-16.27321,16.51896],[-16.27766,16.51529],[-16.28025,16.5124],[-16.28213,16.50914],[-16.284,16.50638],[-16.28477,16.50348],[-16.28484,16.49769],[-16.28395,16.4923],[-16.28339,16.48803],[-16.28315,16.48398],[-16.28369,16.48025],[-16.28446,16.47809],[-16.28553,16.47611],[-16.28711,16.47423],[-16.28926,16.4734],[-16.29251,16.47267],[-16.29653,16.4713],[-16.29859,16.47047],[-16.30041,16.46882],[-16.30237,16.46647],[-16.3042,16.46261],[-16.30599,16.45553],[-16.30735,16.44688],[-16.30863,16.4375],[-16.30831,16.43055],[-16.30849,16.42139],[-16.30812,16.41494],[-16.3087,16.41163],[-16.30957,16.40956],[-16.31178,16.40717],[-16.31417,16.40598],[-16.31651,16.40575],[-16.31947,16.40612],[-16.32201,16.40612],[-16.3242,16.40544],[-16.3264,16.40397],[-16.32794,16.4019],[-16.33039,16.39697],[-16.33222,16.3898],[-16.33302,16.38216],[-16.33314,16.373],[-16.33246,16.36862],[-16.33227,16.36687],[-16.33223,16.3665],[-16.332,16.36461],[-16.33186,16.36208],[-16.33149,16.35991],[-16.33134,16.3589],[-16.33097,16.35748],[-16.33083,16.35559],[-16.33059,16.3543],[-16.33051,16.3519],[-16.33103,16.34956],[-16.33132,16.3479],[-16.33219,16.34639],[-16.33305,16.34532],[-16.33449,16.34413],[-16.33534,16.34339],[-16.33669,16.34165],[-16.33884,16.33986],[-16.34032,16.3382],[-16.34138,16.33687],[-16.34262,16.33558],[-16.34372,16.3348],[-16.34539,16.33393],[-16.34663,16.33319],[-16.34802,16.33246],[-16.34874,16.33319],[-16.34916,16.33444],[-16.34982,16.33467],[-16.35059,16.33334],[-16.35107,16.33283],[-16.35241,16.33247],[-16.35294,16.3315],[-16.35365,16.33053],[-16.35408,16.33035],[-16.35542,16.32952],[-16.35671,16.32764],[-16.35743,16.32612],[-16.35801,16.32465],[-16.35877,16.32308],[-16.36021,16.32083],[-16.36112,16.32009],[-16.36255,16.31881],[-16.3637,16.31729],[-16.36461,16.31499],[-16.36519,16.31329],[-16.36577,16.31149],[-16.36582,16.31071],[-16.36635,16.30859],[-16.36659,16.30744],[-16.36688,16.30596],[-16.3677,16.30458],[-16.36799,16.30316],[-16.36803,16.30183],[-16.36799,16.30022],[-16.36776,16.29805],[-16.36738,16.29607],[-16.36696,16.29428],[-16.36653,16.2934],[-16.36567,16.29224],[-16.36482,16.29164],[-16.36377,16.29036],[-16.36297,16.28897],[-16.36201,16.28801],[-16.36073,16.28685],[-16.35993,16.28519],[-16.3594,16.28487],[-16.35854,16.28418],[-16.35749,16.28262],[-16.35655,16.28137],[-16.35564,16.28017],[-16.35517,16.27883],[-16.35469,16.27781],[-16.35412,16.27689],[-16.3536,16.27547],[-16.35275,16.27307],[-16.35314,16.27197],[-16.35347,16.27035],[-16.35391,16.26887],[-16.35453,16.2675],[-16.3554,16.26598],[-16.35659,16.26524],[-16.3574,16.26391],[-16.35888,16.26304],[-16.35979,16.26239],[-16.3618,16.26083],[-16.36418,16.25941],[-16.36472,16.25793],[-16.36538,16.25581],[-16.36644,16.25458],[-16.36716,16.25296],[-16.36841,16.25168],[-16.36888,16.24992],[-16.36927,16.24795],[-16.36979,16.24685],[-16.37009,16.24464],[-16.37033,16.24284],[-16.37067,16.24141],[-16.37086,16.2403],[-16.3712,16.23878],[-16.37144,16.23658],[-16.37202,16.23437],[-16.37241,16.23249],[-16.37289,16.23101],[-16.37394,16.22972],[-16.37471,16.22839],[-16.37844,16.22549],[-16.37939,16.22411],[-16.3803,16.22287],[-16.38135,16.22084],[-16.3826,16.21905],[-16.38466,16.21726],[-16.38552,16.2161],[-16.38652,16.2145],[-16.38752,16.21343],[-16.39035,16.21183],[-16.3924,16.21077],[-16.39783,16.21056],[-16.39993,16.21065],[-16.40188,16.2107],[-16.40355,16.21185],[-16.40498,16.21328],[-16.40635,16.21365],[-16.40754,16.21513],[-16.40912,16.21614],[-16.41021,16.21684],[-16.41422,16.21642],[-16.41565,16.21698],[-16.41736,16.21693],[-16.41894,16.21671],[-16.42018,16.21616],[-16.42118,16.21607],[-16.42285,16.21566],[-16.42409,16.21505],[-16.42456,16.21464],[-16.42628,16.21437],[-16.42762,16.21451],[-16.42852,16.21373],[-16.42972,16.21281],[-16.4313,16.21107],[-16.43264,16.21051],[-16.43426,16.21014],[-16.43579,16.2089],[-16.43746,16.20729],[-16.43879,16.20592],[-16.4388,16.20518],[-16.44033,16.2044],[-16.44162,16.20301],[-16.44271,16.20182],[-16.44358,16.19994],[-16.44434,16.19837],[-16.44577,16.19727],[-16.44697,16.1945],[-16.44793,16.19294],[-16.44879,16.19248],[-16.44936,16.19216],[-16.44979,16.19138],[-16.45032,16.19064],[-16.45085,16.18862],[-16.45152,16.18738],[-16.45243,16.18585],[-16.45339,16.18411],[-16.45391,16.18263],[-16.45411,16.18144],[-16.45387,16.17973],[-16.45402,16.17826],[-16.45435,16.17678],[-16.4545,16.17504],[-16.45451,16.17393],[-16.45432,16.17223],[-16.45475,16.17075],[-16.45504,16.1685],[-16.45524,16.16656],[-16.45534,16.16476],[-16.45482,16.16274],[-16.45416,16.16145],[-16.45335,16.15979],[-16.45287,16.15817],[-16.4525,16.15629],[-16.45226,16.15431],[-16.4525,16.15187],[-16.45422,16.14885],[-16.45418,16.14865],[-16.45404,16.14694],[-16.45386,16.14514],[-16.45391,16.14431],[-16.45372,16.14284],[-16.45358,16.14141],[-16.45358,16.13939],[-16.4534,16.13695],[-16.45283,16.13525],[-16.45226,16.13432],[-16.45145,16.13413],[-16.45094,16.13289],[-16.45122,16.13128],[-16.45203,16.12944],[-16.45295,16.12714],[-16.45396,16.12514],[-16.45491,16.12321],[-16.45515,16.12178],[-16.4552,16.12018],[-16.45516,16.1175],[-16.45455,16.11625],[-16.45379,16.11497],[-16.45274,16.11367],[-16.45169,16.11321],[-16.4506,16.11248],[-16.44979,16.11202],[-16.44855,16.11178],[-16.44726,16.11118],[-16.44536,16.11039],[-16.44413,16.10942],[-16.44266,16.10771],[-16.44218,16.10656],[-16.4419,16.10463],[-16.44204,16.10329],[-16.44305,16.10256],[-16.444,16.10206],[-16.44467,16.10113],[-16.44629,16.10039],[-16.44734,16.09962],[-16.44959,16.09809],[-16.4504,16.09732],[-16.45136,16.09676],[-16.45345,16.09557],[-16.45465,16.09433],[-16.45527,16.09346],[-16.45718,16.0912],[-16.45771,16.08987],[-16.45823,16.08839],[-16.45914,16.08554],[-16.45943,16.08388],[-16.4604,16.08158],[-16.4612,16.0808],[-16.46301,16.08033],[-16.46454,16.07997],[-16.46578,16.07951],[-16.46755,16.07781],[-16.46865,16.07638],[-16.46908,16.0751],[-16.46956,16.07381],[-16.47022,16.07316],[-16.47084,16.07229],[-16.47114,16.0715],[-16.47286,16.06929],[-16.4741,16.06856],[-16.47562,16.06815],[-16.47739,16.06723],[-16.47882,16.0653],[-16.47992,16.06465],[-16.48087,16.06327],[-16.48178,16.063],[-16.48346,16.06294],[-16.48635,16.06584],[-16.48678,16.06694],[-16.48706,16.0675],[-16.48735,16.06864],[-16.48792,16.06979],[-16.48867,16.07131],[-16.48925,16.07204],[-16.48986,16.07286],[-16.49181,16.0743],[-16.49261,16.07476],[-16.49366,16.07522],[-16.49498,16.07523],[-16.49775,16.07366],[-16.50025,16.07194],[-16.50209,16.07066],[-16.5039,16.06923],[-16.50533,16.06781],[-16.50493,16.06654],[-16.50487,16.06593],[-16.50477,16.06451],[-16.50501,16.06277],[-16.50502,16.06179],[-16.50652,16.05457],[-16.50722,16.05131],[-16.50778,16.04835],[-16.50792,16.04736],[-16.51016,16.04725],[-16.5102,16.04552],[-16.51035,16.04367],[-16.51021,16.04179],[-16.51017,16.04036],[-16.51036,16.03847],[-16.51036,16.03718],[-16.51061,16.03492],[-16.51075,16.03294],[-16.51095,16.03132],[-16.51152,16.02893],[-16.51176,16.02746],[-16.51229,16.02562],[-16.51225,16.02433],[-16.51192,16.02197],[-16.51168,16.02041],[-16.51165,16.01921],[-16.51141,16.01774],[-16.51127,16.01603],[-16.51103,16.01432],[-16.51104,16.01248],[-16.51109,16.01074],[-16.51109,16.00958],[-16.51114,16.0081],[-16.51124,16.00672],[-16.51077,16.00585],[-16.51044,16.00428],[-16.51044,16.00322],[-16.5103,16.00262],[-16.5102,16.00142],[-16.51016,16.0011],[-16.51009,16.00057],[-16.51007,16.00041],[-16.51,15.99898],[-16.51057,15.99819],[-16.51081,15.99719],[-16.51134,15.99617],[-16.51188,15.99379],[-16.51198,15.99232],[-16.51208,15.98999],[-16.51214,15.98778],[-16.51244,15.98521],[-16.51245,15.98305],[-16.51208,15.9807],[-16.51223,15.97836],[-16.51205,15.97505],[-16.51192,15.97225],[-16.51122,15.96977],[-16.51171,15.96674],[-16.51187,15.9643],[-16.51202,15.96257],[-16.51264,15.96027],[-16.51327,15.95711],[-16.51371,15.95454],[-16.51349,15.95137],[-16.5137,15.94806],[-16.51357,15.94471],[-16.51339,15.94182],[-16.51308,15.93787],[-16.5139,15.93489],[-16.51382,15.93158],[-16.5144,15.92961],[-16.5147,15.92786],[-16.51432,15.92511],[-16.51509,15.92309],[-16.51558,15.92075],[-16.51569,15.91892],[-16.51603,15.91712],[-16.51646,15.91497],[-16.51676,15.91227],[-16.51663,15.90978],[-16.51664,15.90712],[-16.51679,15.90492],[-16.51709,15.90175],[-16.51734,15.89959],[-16.5175,15.89647],[-16.51812,15.89381],[-16.51819,15.89124],[-16.51852,15.88903],[-16.51854,15.88697],[-16.51864,15.8844],[-16.51875,15.88271],[-16.51867,15.8805],[-16.51848,15.87724],[-16.51816,15.87582],[-16.51712,15.8742],[-16.5168,15.87287],[-16.51651,15.87227],[-16.51719,15.86528],[-16.51804,15.86381],[-16.51897,15.86156],[-16.51972,15.85815],[-16.52042,15.85434],[-16.52141,15.85016],[-16.52309,15.84446],[-16.52477,15.83623],[-16.52561,15.83297],[-16.51347,15.83362],[-16.49778,15.83339],[-16.48983,15.83333],[-16.48292,15.83326],[-16.47473,15.83446],[-16.46936,15.8354],[-16.46281,15.83692],[-16.45674,15.83843],[-16.4482,15.84019],[-16.44141,15.83933],[-16.4291,15.83589],[-16.42182,15.83436],[-16.41222,15.8342],[-16.40204,15.8346],[-16.38729,15.83424],[-16.35873,15.83454],[-16.35778,15.83501],[-16.35406,15.83684],[-16.33294,15.84807],[-16.32465,15.8521],[-16.32396,15.85243],[-16.31847,15.85337],[-16.31004,15.85467],[-16.29987,15.857],[-16.28935,15.85819],[-16.27917,15.85973],[-16.27146,15.86192],[-16.2639,15.87035],[-16.26052,15.87389],[-16.25681,15.87878],[-16.25658,15.89839],[-16.2565,15.90406],[-16.24984,15.90761],[-16.24342,15.91127],[-16.22464,15.92204],[-16.22241,15.92375],[-16.21473,15.92991],[-16.20936,15.93391],[-16.20306,15.93882],[-16.18091,15.95605],[-16.17881,15.9581],[-16.17345,15.96198],[-16.16948,15.96484],[-16.16343,15.97213],[-16.15926,15.97918],[-16.15381,15.98828],[-16.14997,15.9943],[-16.14557,16.00135],[-16.14536,16.00136],[-16.14384,16.00136],[-16.14301,16.00137],[-16.14266,16.00308],[-16.14208,16.00421],[-16.14063,16.0052],[-16.11237,16.01849],[-16.09547,16.02663],[-16.09379,16.02677],[-16.08433,16.03191],[-16.05592,16.04434],[-16.02809,16.05747],[-15.99997,16.07045],[-15.99689,16.07243],[-15.98086,16.08013],[-15.96134,16.09025],[-15.945,16.09597],[-15.92809,16.10297],[-15.92374,16.11036],[-15.91968,16.11727],[-15.89654,16.13785],[-15.87267,16.15886],[-15.8514,16.17419],[-15.83288,16.18515],[-15.82777,16.18714],[-15.82746,16.18686],[-15.82523,16.18741],[-15.82515,16.18743],[-15.8233,16.18625],[-15.79636,16.15746],[-15.76942,16.12865],[-15.74249,16.09984],[-15.71556,16.07103],[-15.68865,16.04222],[-15.66175,16.0134],[-15.64828,16.00051],[-15.64784,16.00026],[-15.64271,15.9949],[-15.63437,15.98618],[-15.62557,15.97645],[-15.61854,15.96856],[-15.61078,15.96039],[-15.60067,15.94968],[-15.5951,15.94349],[-15.58925,15.93728],[-15.58296,15.93038],[-15.58125,15.92775],[-15.58075,15.927],[-15.58067,15.92691],[-15.58061,15.92686],[-15.58048,15.9335],[-15.58065,15.94112],[-15.58037,15.94762],[-15.5804,15.95709],[-15.58056,15.96189],[-15.58043,15.96655],[-15.58074,15.97107],[-15.58016,15.97517],[-15.58033,15.97997],[-15.58035,15.98717],[-15.58023,15.99876],[-15.58023,15.9999],[-15.58023,16.00003],[-15.56599,15.99991],[-15.5507,15.99992],[-15.53541,15.99994],[-15.52011,15.99995],[-15.50482,15.99996],[-15.48953,15.99996],[-15.47424,15.99997],[-15.45895,15.99998],[-15.44026,15.99998],[-15.43887,15.99998],[-15.42837,15.99999],[-15.41308,15.99999],[-15.39779,15.99999],[-15.38249,15.99999],[-15.3672,15.99999],[-15.35191,15.99999],[-15.33661,15.99999],[-15.32133,15.99998],[-15.30603,15.99998],[-15.29074,15.99997],[-15.27545,15.99996],[-15.26016,15.99995],[-15.24487,15.99994],[-15.22958,15.99993],[-15.21429,15.99992],[-15.199,15.9999],[-15.18371,15.99989],[-15.16841,15.99988],[-15.16558,15.99987],[-15.16469,15.99987],[-15.15312,15.99986],[-15.14754,16.0004],[-15.14622,16.00044],[-15.13775,16.00059],[-15.12943,16.00045],[-15.12271,16.00075],[-15.11628,16.00033],[-15.10708,16.00033],[-15.0919,16.00034],[-15.077,16.00048],[-15.06108,16.00091],[-15.04618,16.00063],[-15.03093,16.00064],[-15.01574,16.00036],[-15.00639,16.00078],[-15.00632,16.00106],[-15.00544,16.00106],[-14.99464,16.00106],[-14.98383,16.00106],[-14.97303,16.00106],[-14.94629,16.00078],[-14.91884,16.00076],[-14.89153,16.00061],[-14.88014,16.00082],[-14.87692,16.00087],[-14.87664,16.00088],[-14.86525,16.00045],[-14.83686,15.98546],[-14.81,15.9706],[-14.78284,15.95579],[-14.77001,15.94886],[-14.76375,15.94548],[-14.75565,15.9411],[-14.755,15.94201],[-14.72872,15.94099],[-14.702,15.9394],[-14.69592,15.93907],[-14.69527,15.93904],[-14.69127,15.93882],[-14.675,15.93795],[-14.64843,15.93678],[-14.63763,15.93634],[-14.63631,15.93605],[-14.62216,15.93532],[-14.60318,15.93444],[-14.59486,15.93358],[-14.58584,15.91872],[-14.57769,15.90487],[-14.56054,15.87658],[-14.54294,15.84786],[-14.52636,15.81961],[-14.51689,15.8051]]]}},{"type":"Feature","properties":{"region":"sedhiou"},"geometry":{"type":"Polygon","coordinates":[[[-15.33908,13.36025],[-15.35512,13.35812],[-15.36025,13.35754],[-15.37084,13.35795],[-15.37964,13.35579],[-15.3889,13.35994],[-15.39141,13.36081],[-15.3942,13.36181],[-15.41271,13.36724],[-15.4255,13.37082],[-15.43109,13.37268],[-15.43834,13.37481],[-15.44253,13.37496],[-15.44506,13.37458],[-15.44975,13.37581],[-15.45255,13.37753],[-15.45563,13.37868],[-15.46019,13.38039],[-15.46284,13.38183],[-15.46578,13.3834],[-15.46872,13.38469],[-15.47166,13.3857],[-15.47375,13.38604],[-15.47662,13.38707],[-15.47918,13.38825],[-15.48111,13.38944],[-15.48394,13.3903],[-15.48649,13.39111],[-15.48931,13.39196],[-15.49129,13.3936],[-15.49446,13.39515],[-15.49636,13.395],[-15.49857,13.39529],[-15.49975,13.39499],[-15.50136,13.39383],[-15.50312,13.39397],[-15.50518,13.39397],[-15.50856,13.39454],[-15.51032,13.39396],[-15.51194,13.39381],[-15.51473,13.39381],[-15.51903,13.39055],[-15.5217,13.3885],[-15.52353,13.38732],[-15.52543,13.38631],[-15.52749,13.38515],[-15.52839,13.38367],[-15.53017,13.38283],[-15.53072,13.38248],[-15.53191,13.38175],[-15.53405,13.37957],[-15.53653,13.3778],[-15.5383,13.37539],[-15.53998,13.37345],[-15.5411,13.37247],[-15.54348,13.37065],[-15.5461,13.36833],[-15.54862,13.36615],[-15.5518,13.36355],[-15.55536,13.36128],[-15.55747,13.35941],[-15.56042,13.35796],[-15.56401,13.35688],[-15.56753,13.355],[-15.57119,13.35399],[-15.57678,13.35239],[-15.57986,13.35152],[-15.58294,13.35065],[-15.58749,13.3505],[-15.59102,13.35006],[-15.5941,13.35005],[-15.59704,13.35033],[-15.59866,13.35076],[-15.60086,13.35032],[-15.60512,13.35103],[-15.60762,13.35102],[-15.61041,13.35088],[-15.61291,13.35159],[-15.61937,13.3523],[-15.62055,13.35272],[-15.62371,13.354],[-15.62694,13.35399],[-15.62974,13.35413],[-15.63238,13.35556],[-15.6365,13.35613],[-15.64062,13.35814],[-15.64664,13.35927],[-15.64841,13.35985],[-15.6512,13.3617],[-15.65414,13.36242],[-15.65693,13.36341],[-15.66091,13.36413],[-15.66355,13.36469],[-15.66517,13.36497],[-15.66752,13.36584],[-15.66884,13.3664],[-15.67119,13.36783],[-15.6737,13.36812],[-15.67604,13.3684],[-15.67737,13.36897],[-15.6784,13.37012],[-15.68047,13.37126],[-15.68311,13.37097],[-15.68369,13.36996],[-15.68574,13.36881],[-15.68719,13.36703],[-15.6893,13.36606],[-15.69131,13.36493],[-15.69365,13.36339],[-15.69712,13.36124],[-15.70442,13.35751],[-15.70742,13.35638],[-15.7093,13.35544],[-15.71373,13.3537],[-15.71843,13.35269],[-15.72185,13.35174],[-15.72459,13.35154],[-15.72988,13.35044],[-15.73365,13.34986],[-15.73989,13.35038],[-15.74459,13.35008],[-15.74944,13.35021],[-15.7512,13.34992],[-15.75458,13.35005],[-15.75928,13.35018],[-15.76296,13.34916],[-15.76794,13.349],[-15.7725,13.34957],[-15.775,13.34942],[-15.77853,13.3497],[-15.7819,13.3494],[-15.78425,13.34924],[-15.7866,13.34938],[-15.78836,13.34923],[-15.79293,13.34818],[-15.79541,13.34877],[-15.79997,13.34919],[-15.80203,13.34977],[-15.80511,13.34947],[-15.80436,13.34716],[-15.80494,13.34299],[-15.80523,13.34026],[-15.80492,13.33695],[-15.80533,13.32616],[-15.80487,13.32142],[-15.80481,13.30242],[-15.80538,13.29624],[-15.80544,13.27035],[-15.80492,13.24719],[-15.80461,13.24402],[-15.80431,13.24015],[-15.80395,13.22719],[-15.80392,13.22612],[-15.80372,13.21836],[-15.8048,13.20994],[-15.80433,13.2013],[-15.80418,13.19843],[-15.80366,13.19249],[-15.80361,13.1671],[-15.809,13.16749],[-15.81663,13.16718],[-15.82654,13.16724],[-15.84421,13.16738],[-15.87108,13.168],[-15.895,13.16821],[-15.895,13.16734],[-15.89499,13.16475],[-15.89556,13.16277],[-15.89629,13.16206],[-15.89586,13.15943],[-15.89628,13.1564],[-15.89656,13.15367],[-15.89641,13.15209],[-15.89699,13.15022],[-15.89663,13.14809],[-15.8967,13.14629],[-15.89726,13.14505],[-15.89786,13.14407],[-15.89918,13.14575],[-15.90182,13.1456],[-15.90402,13.14659],[-15.90696,13.14472],[-15.90842,13.14342],[-15.91047,13.14298],[-15.91311,13.1411],[-15.91749,13.13792],[-15.92056,13.13446],[-15.92364,13.13214],[-15.92656,13.1304],[-15.92787,13.12767],[-15.92963,13.12651],[-15.93051,13.12493],[-15.9327,13.12261],[-15.93474,13.1193],[-15.93576,13.11729],[-15.93604,13.11527],[-15.93555,13.11214],[-15.93521,13.11049],[-15.93416,13.1087],[-15.93256,13.10443],[-15.93146,13.10168],[-15.93054,13.09962],[-15.92831,13.096],[-15.92491,13.09424],[-15.92144,13.09604],[-15.9185,13.09333],[-15.91661,13.09477],[-15.91426,13.09636],[-15.91309,13.09565],[-15.90942,13.09638],[-15.90721,13.09553],[-15.90516,13.09481],[-15.90354,13.09453],[-15.90192,13.09309],[-15.90144,13.09245],[-15.90081,13.09161],[-15.89619,13.09009],[-15.89398,13.08823],[-15.89794,13.08721],[-15.89882,13.08548],[-15.89903,13.08431],[-15.89924,13.08318],[-15.89983,13.08159],[-15.89938,13.07771],[-15.89952,13.07767],[-15.90029,13.07438],[-15.90068,13.07171],[-15.90231,13.06958],[-15.90558,13.06762],[-15.90777,13.06372],[-15.90878,13.06214],[-15.91061,13.06113],[-15.91221,13.0594],[-15.91441,13.05795],[-15.91543,13.05522],[-15.91689,13.05319],[-15.91791,13.05118],[-15.91937,13.04873],[-15.9209,13.04757],[-15.92222,13.04541],[-15.9233,13.04267],[-15.92309,13.04239],[-15.92498,13.04022],[-15.92497,13.03836],[-15.92556,13.03648],[-15.92614,13.0336],[-15.92551,13.03189],[-15.92582,13.03046],[-15.92617,13.02709],[-15.92629,13.02553],[-15.92667,13.02433],[-15.92692,13.02206],[-15.92747,13.02063],[-15.92788,13.01934],[-15.92777,13.0176],[-15.92945,13.0159],[-15.93046,13.01388],[-15.93118,13.012],[-15.93207,13.011],[-15.93265,13.00984],[-15.93367,13.00739],[-15.93381,13.00596],[-15.93423,13.00408],[-15.93497,13.00279],[-15.9354,13.0012],[-15.93607,13.00093],[-15.93635,13.00013],[-15.93663,12.99972],[-15.93782,12.99799],[-15.93909,12.99624],[-15.94022,12.99421],[-15.94225,12.99037],[-15.94346,12.98773],[-15.94411,12.98623],[-15.94558,12.98478],[-15.947,12.98375],[-15.94781,12.98262],[-15.94923,12.98187],[-15.95014,12.98126],[-15.95104,12.98039],[-15.95174,12.9798],[-15.95275,12.97961],[-15.95356,12.97933],[-15.95408,12.97956],[-15.95475,12.9796],[-15.95512,12.97919],[-15.95584,12.97895],[-15.95622,12.97843],[-15.9567,12.97825],[-15.95717,12.97797],[-15.95789,12.9781],[-15.95853,12.97796],[-15.95881,12.97797],[-15.959,12.978],[-15.9596,12.97839],[-15.96111,12.97841],[-15.96181,12.97815],[-15.96234,12.97774],[-15.96269,12.976],[-15.96318,12.97494],[-15.96318,12.97426],[-15.96291,12.97357],[-15.96292,12.97311],[-15.96325,12.97306],[-15.96353,12.97325],[-15.96404,12.97326],[-15.96442,12.97303],[-15.96472,12.97262],[-15.96499,12.9714],[-15.96564,12.96955],[-15.96647,12.96792],[-15.96729,12.96613],[-15.96767,12.96278],[-15.96746,12.96149],[-15.96707,12.95965],[-15.96702,12.95855],[-15.96734,12.95722],[-15.9677,12.95633],[-15.96861,12.95516],[-15.96989,12.95363],[-15.97098,12.95201],[-15.97189,12.95075],[-15.97344,12.95002],[-15.97609,12.94957],[-15.97829,12.95009],[-15.98011,12.94928],[-15.98076,12.9491],[-15.98204,12.94838],[-15.98376,12.94658],[-15.98518,12.94328],[-15.98676,12.94118],[-15.98747,12.93946],[-15.98674,12.93705],[-15.98587,12.93353],[-15.98699,12.92727],[-15.98707,12.92619],[-15.98762,12.92566],[-15.9909,12.92448],[-15.99209,12.92393],[-15.9931,12.92285],[-15.99345,12.92078],[-15.99445,12.91917],[-15.99387,12.91838],[-15.99344,12.91824],[-15.99229,12.91796],[-15.99056,12.91839],[-15.98907,12.91885],[-15.9885,12.9189],[-15.98796,12.91907],[-15.98728,12.9189],[-15.98644,12.91794],[-15.98553,12.91659],[-15.98476,12.91556],[-15.98266,12.91106],[-15.98222,12.90912],[-15.98142,12.90732],[-15.9805,12.90543],[-15.97988,12.90325],[-15.98112,12.90163],[-15.98157,12.90091],[-15.98306,12.9001],[-15.98316,12.89989],[-15.98385,12.89844],[-15.98323,12.89736],[-15.9804,12.89901],[-15.97823,12.89888],[-15.97707,12.89818],[-15.97635,12.8979],[-15.97477,12.89692],[-15.97376,12.89579],[-15.97505,12.89313],[-15.97445,12.89042],[-15.9775,12.88596],[-15.97776,12.8856],[-15.97777,12.88557],[-15.97963,12.88281],[-15.98029,12.88006],[-15.98066,12.87879],[-15.98098,12.87646],[-15.98015,12.87189],[-15.97944,12.87034],[-15.97862,12.86829],[-15.97813,12.86737],[-15.97718,12.86554],[-15.97615,12.86386],[-15.97499,12.85994],[-15.97438,12.8579],[-15.9758,12.8535],[-15.97835,12.84882],[-15.97905,12.84728],[-15.9801,12.8463],[-15.98328,12.84367],[-15.98739,12.83852],[-15.99057,12.83542],[-15.99347,12.83368],[-15.99542,12.83265],[-15.99554,12.8326],[-15.99565,12.83255],[-15.99576,12.83247],[-15.99793,12.83086],[-16.00059,12.82969],[-16.00256,12.82673],[-16.00266,12.8265],[-16.00329,12.82504],[-16.00343,12.8249],[-16.00353,12.82463],[-16.00363,12.82335],[-16.00379,12.82275],[-16.0039,12.82169],[-16.00414,12.82078],[-16.00429,12.81954],[-16.00435,12.81848],[-16.00436,12.81779],[-16.00437,12.81682],[-16.00424,12.81614],[-16.00416,12.81549],[-16.00388,12.81484],[-16.00365,12.8142],[-16.00366,12.81364],[-16.00339,12.81286],[-16.00316,12.8124],[-16.00302,12.81203],[-16.00285,12.81083],[-16.00267,12.8099],[-16.0024,12.80898],[-16.00236,12.80852],[-15.99944,12.80575],[-15.99838,12.80458],[-15.99724,12.80337],[-15.99719,12.80257],[-15.99676,12.80206],[-15.99613,12.80095],[-15.99499,12.79932],[-15.99393,12.79769],[-15.9935,12.79652],[-15.99263,12.79493],[-15.99231,12.79405],[-15.99168,12.79302],[-15.99081,12.79102],[-15.99046,12.79014],[-15.99042,12.78913],[-15.99019,12.78784],[-15.99023,12.78688],[-15.99028,12.78591],[-15.99065,12.78434],[-15.99093,12.78312],[-15.99178,12.7821],[-15.99244,12.78111],[-15.99446,12.77564],[-15.99522,12.77227],[-15.998,12.76647],[-15.9989,12.76609],[-16.00037,12.76511],[-16.00166,12.76431],[-16.00519,12.76328],[-16.00864,12.76116],[-16.01007,12.7603],[-16.01122,12.75959],[-16.01683,12.75703],[-16.01926,12.75433],[-16.02183,12.75079],[-16.02324,12.74982],[-16.02349,12.74908],[-16.02255,12.74909],[-16.02225,12.74725],[-16.02052,12.74359],[-16.02079,12.74133],[-16.02065,12.74133],[-16.02121,12.73666],[-16.02018,12.73214],[-16.01916,12.72989],[-16.01757,12.72834],[-16.01512,12.72638],[-16.01266,12.7237],[-16.01079,12.72158],[-16.01063,12.71848],[-16.01193,12.71767],[-16.01194,12.7173],[-16.01249,12.71455],[-16.01336,12.71175],[-16.01398,12.71066],[-16.01443,12.70828],[-16.01473,12.70768],[-16.01461,12.70659],[-16.01575,12.7039],[-16.01595,12.70361],[-16.01631,12.70306],[-16.0171,12.70187],[-16.01773,12.69976],[-16.01813,12.69903],[-16.01864,12.69807],[-16.01914,12.69596],[-16.01991,12.69469],[-16.0193,12.69188],[-16.01937,12.69121],[-16.01944,12.69061],[-16.01987,12.68905],[-16.01956,12.68722],[-16.0207,12.6841],[-16.02056,12.68241],[-16.02084,12.68071],[-16.02098,12.67888],[-16.02054,12.67719],[-16.02066,12.67295],[-16.02036,12.67083],[-16.01789,12.66278],[-16.01716,12.66053],[-16.01647,12.6584],[-16.01637,12.65841],[-16.01169,12.65885],[-16.0091,12.65872],[-16.00378,12.65874],[-15.99853,12.65802],[-15.99535,12.65617],[-15.99314,12.65488],[-15.98993,12.65283],[-15.98753,12.65071],[-15.98493,12.6486],[-15.98485,12.64855],[-15.98457,12.64774],[-15.98428,12.64691],[-15.98395,12.64665],[-15.98274,12.64469],[-15.98093,12.64158],[-15.97962,12.63886],[-15.97804,12.63645],[-15.97683,12.63456],[-15.97525,12.63299],[-15.97265,12.63074],[-15.9715,12.62961],[-15.97034,12.62834],[-15.96875,12.62642],[-15.96753,12.62567],[-15.96851,12.62481],[-15.96877,12.62363],[-15.96847,12.62179],[-15.96806,12.62041],[-15.96745,12.61851],[-15.96701,12.61725],[-15.96658,12.61544],[-15.96611,12.61361],[-15.96558,12.61203],[-15.9648,12.61013],[-15.96382,12.60765],[-15.9633,12.60573],[-15.96291,12.60474],[-15.96242,12.6035],[-15.96218,12.60065],[-15.96223,12.59889],[-15.96094,12.5967],[-15.9601,12.59641],[-15.95958,12.59664],[-15.95851,12.59577],[-15.95771,12.59471],[-15.95918,12.5928],[-15.95961,12.59152],[-15.95947,12.5911],[-15.95946,12.59054],[-15.95888,12.58955],[-15.95889,12.58927],[-15.95904,12.58909],[-15.96033,12.58685],[-15.96183,12.58561],[-15.96249,12.58309],[-15.96447,12.58162],[-15.96592,12.58006],[-15.96547,12.57831],[-15.96477,12.57675],[-15.96477,12.57527],[-15.96476,12.5747],[-15.96533,12.57357],[-15.96533,12.57258],[-15.9649,12.57173],[-15.96331,12.57046],[-15.96258,12.5682],[-15.95811,12.56653],[-15.95807,12.5662],[-15.95783,12.56596],[-15.95727,12.56443],[-15.95657,12.56318],[-15.95709,12.56102],[-15.95607,12.55947],[-15.95518,12.55785],[-15.95477,12.55757],[-15.9545,12.55692],[-15.95469,12.55594],[-15.95481,12.55557],[-15.95504,12.55535],[-15.95515,12.55486],[-15.95515,12.55348],[-15.95461,12.55169],[-15.9546,12.54928],[-15.95517,12.54659],[-15.9553,12.54448],[-15.95379,12.54472],[-15.95429,12.54321],[-15.95319,12.54117],[-15.95149,12.53978],[-15.95132,12.53964],[-15.94992,12.53857],[-15.94886,12.53659],[-15.94829,12.53558],[-15.94788,12.5342],[-15.94779,12.53272],[-15.94765,12.53171],[-15.94677,12.53032],[-15.94551,12.52958],[-15.94332,12.53011],[-15.9413,12.52969],[-15.93828,12.528],[-15.93627,12.52689],[-15.93525,12.52632],[-15.93425,12.5259],[-15.93064,12.52323],[-15.92747,12.52155],[-15.92444,12.51859],[-15.92423,12.51796],[-15.92434,12.51693],[-15.92398,12.51538],[-15.92313,12.51383],[-15.92226,12.51207],[-15.92197,12.51121],[-15.92225,12.51026],[-15.92182,12.50828],[-15.92209,12.50645],[-15.92134,12.50531],[-15.9218,12.50432],[-15.92237,12.5015],[-15.92308,12.49966],[-15.92308,12.49783],[-15.92321,12.49683],[-15.92307,12.49556],[-15.92263,12.49344],[-15.92205,12.4917],[-15.92168,12.49045],[-15.92098,12.48916],[-15.92033,12.4876],[-15.9204,12.48635],[-15.92116,12.48569],[-15.92152,12.48533],[-15.92232,12.48502],[-15.92281,12.48474],[-15.92333,12.48443],[-15.92402,12.48398],[-15.92563,12.48301],[-15.92703,12.48234],[-15.9289,12.48156],[-15.92939,12.48037],[-15.929,12.4788],[-15.92862,12.4778],[-15.92797,12.47636],[-15.92727,12.47447],[-15.9263,12.47253],[-15.9255,12.47139],[-15.9249,12.47023],[-15.92411,12.46862],[-15.92374,12.46737],[-15.92347,12.46645],[-15.92301,12.46614],[-15.92272,12.46614],[-15.92099,12.46601],[-15.91741,12.46758],[-15.9159,12.46796],[-15.91425,12.46847],[-15.91325,12.47028],[-15.91167,12.47113],[-15.91081,12.47183],[-15.90951,12.47184],[-15.90866,12.47213],[-15.90679,12.47256],[-15.9042,12.47243],[-15.90247,12.47215],[-15.90074,12.47159],[-15.89959,12.47146],[-15.89874,12.47131],[-15.89744,12.47047],[-15.89412,12.46879],[-15.89196,12.46767],[-15.89167,12.46625],[-15.89126,12.46385],[-15.89037,12.46316],[-15.88939,12.46223],[-15.88902,12.46039],[-15.88887,12.45913],[-15.88867,12.45813],[-15.8888,12.45652],[-15.88857,12.45515],[-15.88845,12.4541],[-15.88858,12.4529],[-15.88877,12.45241],[-15.88894,12.45171],[-15.889,12.45103],[-15.88911,12.45019],[-15.88401,12.44993],[-15.86837,12.44863],[-15.84065,12.44543],[-15.82875,12.44392],[-15.81684,12.44241],[-15.80494,12.4409],[-15.78923,12.43912],[-15.78844,12.43903],[-15.76914,12.43683],[-15.7494,12.43485],[-15.72912,12.43174],[-15.71057,12.42873],[-15.69957,12.42707],[-15.69533,12.42649],[-15.69137,12.42596],[-15.68307,12.42485],[-15.68113,12.42542],[-15.67595,12.42781],[-15.66615,12.4319],[-15.65108,12.43883],[-15.63589,12.44588],[-15.62792,12.44907],[-15.61931,12.45316],[-15.60746,12.45974],[-15.59734,12.4653],[-15.59216,12.46769],[-15.57417,12.47473],[-15.55952,12.48132],[-15.53743,12.49199],[-15.51923,12.49948],[-15.50791,12.50482],[-15.49013,12.5122],[-15.47417,12.51822],[-15.4537,12.52651],[-15.42952,12.53684],[-15.42905,12.53704],[-15.42901,12.53706],[-15.41737,12.54442],[-15.40477,12.55293],[-15.39874,12.55768],[-15.39173,12.56289],[-15.38731,12.56595],[-15.38031,12.57105],[-15.37567,12.57456],[-15.36943,12.57954],[-15.3635,12.58576],[-15.35508,12.59461],[-15.35477,12.59494],[-15.35079,12.59946],[-15.33969,12.61146],[-15.33764,12.61372],[-15.32955,12.61656],[-15.31287,12.62232],[-15.3082,12.62393],[-15.28274,12.63481],[-15.27832,12.63708],[-15.27066,12.64048],[-15.25858,12.64784],[-15.24478,12.65644],[-15.23971,12.65961],[-15.23496,12.66131],[-15.21976,12.66766],[-15.20012,12.67536],[-15.19677,12.6766],[-15.18922,12.68023],[-15.18382,12.68193],[-15.17907,12.68475],[-15.17595,12.6851],[-15.17335,12.68533],[-15.17044,12.68601],[-15.16365,12.68624],[-15.14141,12.6858],[-15.12243,12.68581],[-15.12242,12.68584],[-15.12274,12.6863],[-15.12348,12.68708],[-15.12423,12.6876],[-15.12349,12.68812],[-15.12407,12.68897],[-15.12508,12.68996],[-15.12681,12.69151],[-15.12824,12.69194],[-15.12839,12.69279],[-15.13098,12.69392],[-15.13228,12.69392],[-15.13242,12.69476],[-15.13587,12.69603],[-15.13886,12.69586],[-15.14002,12.6971],[-15.14043,12.69743],[-15.14047,12.6984],[-15.14145,12.69974],[-15.14269,12.70141],[-15.1432,12.70274],[-15.14324,12.70334],[-15.14337,12.70528],[-15.14376,12.70739],[-15.14417,12.70974],[-15.14457,12.712],[-15.14461,12.71403],[-15.14496,12.71665],[-15.14522,12.71835],[-15.14577,12.72015],[-15.14714,12.7233],[-15.14824,12.72648],[-15.14907,12.72814],[-15.15046,12.73077],[-15.15245,12.73404],[-15.15435,12.7354],[-15.15551,12.73657],[-15.15605,12.7385],[-15.15567,12.74008],[-15.15543,12.74107],[-15.15514,12.74145],[-15.15424,12.74263],[-15.15206,12.74624],[-15.14841,12.75026],[-15.1476,12.75182],[-15.1466,12.75388],[-15.14608,12.75484],[-15.14503,12.75649],[-15.14418,12.75782],[-15.14136,12.76437],[-15.14022,12.76597],[-15.13894,12.76795],[-15.13795,12.76895],[-15.13729,12.77042],[-15.13694,12.77262],[-15.13716,12.77414],[-15.13743,12.77584],[-15.13792,12.77746],[-15.13866,12.77917],[-15.1387,12.78018],[-15.13849,12.78215],[-15.13797,12.78367],[-15.13665,12.78486],[-15.1358,12.78517],[-15.13486,12.78548],[-15.1328,12.78602],[-15.13138,12.78674],[-15.13044,12.78756],[-15.12963,12.78866],[-15.12874,12.78939],[-15.12807,12.79008],[-15.12767,12.79099],[-15.12722,12.792],[-15.12689,12.79273],[-15.12742,12.79509],[-15.12732,12.79596],[-15.12745,12.79725],[-15.12743,12.79768],[-15.1274,12.7984],[-15.1273,12.80062],[-15.12576,12.80331],[-15.12397,12.80486],[-15.12048,12.8075],[-15.11878,12.80946],[-15.11721,12.81189],[-15.1163,12.81377],[-15.11595,12.81643],[-15.11542,12.81845],[-15.11502,12.82057],[-15.11504,12.82406],[-15.11511,12.8276],[-15.11554,12.83575],[-15.11571,12.83815],[-15.11596,12.84828],[-15.11606,12.85242],[-15.11601,12.8584],[-15.11601,12.86411],[-15.11571,12.86623],[-15.11591,12.86944],[-15.11657,12.87465],[-15.11629,12.87999],[-15.11604,12.88141],[-15.11527,12.8838],[-15.1136,12.88806],[-15.1133,12.88944],[-15.11304,12.8917],[-15.11266,12.89298],[-15.11227,12.89524],[-15.11231,12.89601],[-15.11272,12.89745],[-15.12584,12.91194],[-15.13897,12.92642],[-15.15209,12.94091],[-15.15354,12.94217],[-15.15587,12.94283],[-15.15694,12.94422],[-15.15791,12.94593],[-15.15828,12.94686],[-15.15892,12.94824],[-15.15934,12.9499],[-15.15982,12.9534],[-15.15943,12.95488],[-15.1604,12.95673],[-15.16187,12.96074],[-15.16338,12.96389],[-15.16669,12.96755],[-15.1671,12.9682],[-15.16788,12.9711],[-15.16789,12.97521],[-15.16607,12.97961],[-15.16516,12.98167],[-15.16378,12.98378],[-15.1624,12.98644],[-15.15997,12.99047],[-15.15698,12.99514],[-15.15652,12.99994],[-15.15659,13.00025],[-15.1568,13.00104],[-15.15705,13.00265],[-15.15725,13.00408],[-15.15768,13.00675],[-15.15816,13.00831],[-15.15913,13.01108],[-15.16031,13.01287],[-15.16121,13.01424],[-15.16343,13.0157],[-15.16593,13.01716],[-15.16809,13.01825],[-15.16876,13.01921],[-15.17098,13.02054],[-15.17067,13.02105],[-15.17199,13.02336],[-15.17405,13.02393],[-15.17782,13.02601],[-15.17785,13.02607],[-15.17787,13.02608],[-15.18006,13.02795],[-15.18153,13.02939],[-15.18652,13.03169],[-15.18843,13.03212],[-15.19181,13.03298],[-15.19372,13.03284],[-15.19635,13.03384],[-15.19812,13.03527],[-15.19929,13.03643],[-15.20295,13.03691],[-15.20545,13.03786],[-15.20766,13.03973],[-15.21181,13.04095],[-15.21264,13.04303],[-15.21426,13.04282],[-15.21455,13.04433],[-15.21837,13.0449],[-15.21954,13.04648],[-15.22116,13.04691],[-15.22251,13.04609],[-15.22453,13.04907],[-15.22571,13.04993],[-15.22791,13.05007],[-15.22928,13.04724],[-15.22958,13.0487],[-15.22973,13.05068],[-15.22946,13.05226],[-15.22971,13.05585],[-15.22926,13.05833],[-15.22937,13.06054],[-15.22873,13.06405],[-15.22829,13.06732],[-15.22727,13.07106],[-15.22598,13.07429],[-15.22548,13.07655],[-15.22558,13.07816],[-15.22584,13.0806],[-15.22704,13.08358],[-15.22855,13.08569],[-15.22941,13.08846],[-15.23,13.0908],[-15.23105,13.09373],[-15.232,13.09627],[-15.23249,13.09953],[-15.23317,13.10206],[-15.23374,13.10427],[-15.23466,13.10716],[-15.23533,13.10924],[-15.23582,13.11222],[-15.23707,13.11535],[-15.2382,13.11796],[-15.23898,13.12095],[-15.23946,13.12265],[-15.24078,13.12431],[-15.24406,13.12852],[-15.24633,13.13104],[-15.24926,13.13406],[-15.25031,13.13681],[-15.25064,13.13699],[-15.2522,13.13901],[-15.25307,13.14214],[-15.25384,13.14476],[-15.25448,13.14779],[-15.25426,13.15014],[-15.25432,13.15148],[-15.25415,13.15309],[-15.25368,13.15517],[-15.25397,13.15663],[-15.25395,13.15913],[-15.25311,13.16106],[-15.2527,13.16267],[-15.25256,13.1637],[-15.25301,13.16659],[-15.25288,13.16912],[-15.25397,13.17105],[-15.25404,13.17386],[-15.2541,13.17588],[-15.25459,13.17804],[-15.25524,13.17781],[-15.25664,13.17823],[-15.25987,13.17996],[-15.26207,13.18125],[-15.26471,13.18226],[-15.26809,13.18282],[-15.27074,13.18325],[-15.27401,13.18482],[-15.27825,13.18631],[-15.28088,13.18726],[-15.28394,13.18798],[-15.28469,13.18942],[-15.2891,13.19071],[-15.29159,13.19158],[-15.29394,13.19229],[-15.29585,13.19329],[-15.29761,13.19416],[-15.29922,13.19343],[-15.30066,13.19146],[-15.30107,13.18988],[-15.30167,13.18731],[-15.30372,13.18439],[-15.30618,13.18635],[-15.30773,13.18696],[-15.30893,13.18974],[-15.31021,13.19153],[-15.31177,13.19341],[-15.31371,13.19431],[-15.31531,13.19467],[-15.31734,13.19549],[-15.31909,13.19588],[-15.32022,13.1969],[-15.32183,13.19808],[-15.32331,13.20002],[-15.32595,13.20089],[-15.32713,13.20117],[-15.32963,13.20232],[-15.33124,13.20303],[-15.3333,13.20461],[-15.33403,13.20634],[-15.33548,13.20651],[-15.33642,13.20761],[-15.33727,13.20835],[-15.33845,13.20935],[-15.33977,13.21151],[-15.34197,13.21395],[-15.3433,13.21554],[-15.34492,13.21712],[-15.34639,13.21812],[-15.34918,13.21941],[-15.34977,13.22041],[-15.35092,13.22155],[-15.35164,13.22367],[-15.3525,13.22583],[-15.35294,13.22799],[-15.35263,13.2313],[-15.35273,13.23273],[-15.35256,13.23448],[-15.35248,13.23655],[-15.35254,13.23853],[-15.35302,13.24065],[-15.35333,13.24359],[-15.35325,13.24585],[-15.35362,13.24774],[-15.35435,13.2499],[-15.3548,13.25321],[-15.35481,13.25565],[-15.3557,13.25853],[-15.35519,13.26209],[-15.35541,13.264],[-15.35512,13.26716],[-15.35416,13.26952],[-15.35271,13.27109],[-15.35307,13.27292],[-15.3513,13.27379],[-15.35043,13.27623],[-15.34777,13.27771],[-15.34691,13.27911],[-15.34559,13.28185],[-15.34339,13.28415],[-15.34252,13.2866],[-15.34038,13.28978],[-15.33983,13.29139],[-15.33924,13.29374],[-15.33872,13.29499],[-15.33864,13.29721],[-15.3389,13.29983],[-15.33872,13.30204],[-15.33894,13.30526],[-15.33867,13.30766],[-15.33906,13.30987],[-15.33931,13.31199],[-15.33933,13.31448],[-15.33921,13.31752],[-15.33943,13.32115],[-15.33944,13.32337],[-15.33936,13.32603],[-15.33896,13.32922],[-15.33916,13.33166],[-15.33885,13.33414],[-15.33907,13.33791],[-15.33918,13.34091],[-15.33892,13.34455],[-15.3389,13.34801],[-15.33929,13.35085],[-15.3396,13.35468],[-15.33952,13.35684],[-15.33908,13.36025]]]}},{"type":"Feature","properties":{"region":"tambacounda"},"geometry":{"type":"Polygon","coordinates":[[[-14.83359,13.76949],[-14.83256,13.76883],[-14.82975,13.76737],[-14.82759,13.76526],[-14.82506,13.76296],[-14.82291,13.76058],[-14.82075,13.75856],[-14.81756,13.75719],[-14.81588,13.75453],[-14.81438,13.75296],[-14.8126,13.75168],[-14.8111,13.74975],[-14.8097,13.74773],[-14.8083,13.74526],[-14.80671,13.74296],[-14.80549,13.7404],[-14.8039,13.7371],[-14.80342,13.73534],[-14.80248,13.73312],[-14.80167,13.73138],[-14.80096,13.72986],[-14.79964,13.7281],[-14.79894,13.72649],[-14.79828,13.72511],[-14.79738,13.72396],[-14.79597,13.72152],[-14.79583,13.7194],[-14.79531,13.71687],[-14.79441,13.71471],[-14.79385,13.71203],[-14.79333,13.70927],[-14.79239,13.70705],[-14.79177,13.70522],[-14.79144,13.70402],[-14.79126,13.70185],[-14.79046,13.69996],[-14.78994,13.69807],[-14.78965,13.69679],[-14.78914,13.69426],[-14.78871,13.69089],[-14.78866,13.6885],[-14.78847,13.68523],[-14.78824,13.68269],[-14.78782,13.6797],[-14.78772,13.67804],[-14.78734,13.67597],[-14.78654,13.67427],[-14.7864,13.67247],[-14.7865,13.67082],[-14.78589,13.66939],[-14.7856,13.66658],[-14.78536,13.66418],[-14.78452,13.66224],[-14.78428,13.65889],[-14.78399,13.65621],[-14.78174,13.65423],[-14.77928,13.65328],[-14.77743,13.65195],[-14.77355,13.65039],[-14.77209,13.64953],[-14.77015,13.64836],[-14.76736,13.64708],[-14.76506,13.64566],[-14.76208,13.64448],[-14.76023,13.64381],[-14.75713,13.64195],[-14.75576,13.64118],[-14.75314,13.63918],[-14.751,13.63811],[-14.74795,13.6356],[-14.74498,13.63423],[-14.74181,13.63334],[-14.7397,13.63176],[-14.73906,13.63109],[-14.73711,13.63036],[-14.73585,13.63004],[-14.73465,13.62883],[-14.73222,13.62779],[-14.7297,13.62598],[-14.72658,13.62404],[-14.72477,13.62309],[-14.72361,13.62236],[-14.72273,13.62223],[-14.72153,13.62144],[-14.72008,13.62045],[-14.71765,13.6196],[-14.71642,13.61848],[-14.71486,13.61798],[-14.71356,13.61794],[-14.71188,13.61696],[-14.7099,13.61683],[-14.70689,13.61645],[-14.70342,13.61727],[-14.7021,13.61758],[-14.70047,13.61901],[-14.69833,13.62065],[-14.69668,13.62204],[-14.696,13.62303],[-14.69327,13.62473],[-14.69068,13.62692],[-14.68805,13.62838],[-14.68659,13.62954],[-14.68504,13.63072],[-14.68383,13.63122],[-14.68331,13.6316],[-14.68137,13.63233],[-14.6804,13.63347],[-14.67946,13.63407],[-14.67784,13.63559],[-14.67511,13.63708],[-14.67329,13.63837],[-14.67054,13.63957],[-14.6683,13.64093],[-14.66486,13.64315],[-14.66291,13.64429],[-14.66019,13.64593],[-14.65666,13.64716],[-14.65422,13.64833],[-14.65144,13.64966],[-14.64836,13.65096],[-14.64625,13.65231],[-14.64397,13.65431],[-14.64183,13.65492],[-14.63918,13.65519],[-14.63629,13.65615],[-14.6335,13.65649],[-14.63182,13.65703],[-14.63095,13.65722],[-14.62903,13.65762],[-14.62727,13.65803],[-14.62419,13.65856],[-14.62115,13.65888],[-14.61872,13.65897],[-14.61551,13.65887],[-14.61405,13.65928],[-14.61191,13.659],[-14.60916,13.65886],[-14.60631,13.65901],[-14.60498,13.6586],[-14.6044,13.65882],[-14.60326,13.65835],[-14.60187,13.65866],[-14.59996,13.65824],[-14.59847,13.65831],[-14.59671,13.65846],[-14.59462,13.65811],[-14.59082,13.65817],[-14.58859,13.6574],[-14.58557,13.65731],[-14.5836,13.65739],[-14.58152,13.6572],[-14.57825,13.65656],[-14.57527,13.65599],[-14.57264,13.65531],[-14.56844,13.65446],[-14.56687,13.65439],[-14.56124,13.65381],[-14.55929,13.65333],[-14.55768,13.65314],[-14.55477,13.65243],[-14.55298,13.65214],[-14.55295,13.65174],[-14.55064,13.65148],[-14.54971,13.65046],[-14.54861,13.64998],[-14.5466,13.64922],[-14.54447,13.64795],[-14.54188,13.64687],[-14.53834,13.64546],[-14.53756,13.64493],[-14.53588,13.64432],[-14.53371,13.64355],[-14.53164,13.64228],[-14.52801,13.64025],[-14.52487,13.63815],[-14.52112,13.63627],[-14.51931,13.63503],[-14.51801,13.63424],[-14.51663,13.63309],[-14.5141,13.63195],[-14.51145,13.63035],[-14.50986,13.62918],[-14.50756,13.62779],[-14.50455,13.6254],[-14.50294,13.62309],[-14.50126,13.62137],[-14.4997,13.61972],[-14.49812,13.61772],[-14.4965,13.61625],[-14.4946,13.61438],[-14.49265,13.61251],[-14.49104,13.60975],[-14.48794,13.60699],[-14.48745,13.60543],[-14.4861,13.60286],[-14.48494,13.60087],[-14.48385,13.59877],[-14.48338,13.59782],[-14.48267,13.59706],[-14.48239,13.59613],[-14.48113,13.59388],[-14.48068,13.59299],[-14.48029,13.59274],[-14.47883,13.59067],[-14.47839,13.5884],[-14.47774,13.58732],[-14.47684,13.58618],[-14.47622,13.58443],[-14.4749,13.58142],[-14.474,13.57916],[-14.47365,13.57748],[-14.47329,13.57596],[-14.47252,13.57371],[-14.47165,13.57133],[-14.4713,13.56844],[-14.4706,13.56626],[-14.46989,13.56287],[-14.4699,13.56122],[-14.46957,13.5578],[-14.46929,13.55611],[-14.46906,13.55298],[-14.46872,13.55057],[-14.4683,13.54949],[-14.46869,13.54705],[-14.46893,13.54446],[-14.46861,13.54218],[-14.46821,13.54128],[-14.46586,13.53976],[-14.4624,13.53845],[-14.46055,13.53722],[-14.45728,13.53553],[-14.45456,13.5339],[-14.45114,13.53073],[-14.44942,13.52952],[-14.44725,13.52825],[-14.44607,13.52708],[-14.44483,13.52564],[-14.44338,13.52475],[-14.44124,13.5225],[-14.43944,13.52015],[-14.43608,13.51827],[-14.43443,13.51621],[-14.43255,13.51332],[-14.43171,13.51113],[-14.43082,13.50935],[-14.43023,13.50818],[-14.42878,13.50634],[-14.42787,13.50526],[-14.42729,13.50459],[-14.42635,13.50358],[-14.4242,13.50247],[-14.42115,13.5016],[-14.41792,13.50023],[-14.41607,13.49959],[-14.41261,13.49778],[-14.41015,13.49679],[-14.40801,13.49584],[-14.40608,13.49482],[-14.40407,13.49392],[-14.40165,13.49271],[-14.39983,13.49189],[-14.39708,13.4908],[-14.39417,13.48987],[-14.39139,13.48889],[-14.38825,13.48676],[-14.38631,13.48504],[-14.38398,13.48345],[-14.3813,13.48163],[-14.37836,13.48046],[-14.37687,13.47934],[-14.37603,13.47799],[-14.37593,13.4777],[-14.37419,13.47706],[-14.37361,13.47563],[-14.37303,13.4743],[-14.37206,13.47337],[-14.37145,13.47287],[-14.3698,13.4716],[-14.3685,13.47096],[-14.36724,13.47051],[-14.3665,13.47042],[-14.36468,13.47013],[-14.36378,13.4699],[-14.36222,13.47008],[-14.36102,13.46989],[-14.35941,13.4698],[-14.35663,13.46994],[-14.35539,13.46979],[-14.35384,13.46949],[-14.35212,13.46889],[-14.35012,13.46891],[-14.34867,13.46828],[-14.34704,13.46732],[-14.34426,13.46681],[-14.34173,13.4664],[-14.3399,13.46579],[-14.33814,13.46492],[-14.33702,13.46458],[-14.33624,13.46422],[-14.33466,13.46381],[-14.3318,13.46247],[-14.33,13.46167],[-14.32906,13.46068],[-14.32787,13.46002],[-14.32606,13.45976],[-14.32524,13.45922],[-14.32434,13.45875],[-14.32344,13.45814],[-14.32207,13.45766],[-14.32091,13.45718],[-14.31972,13.45768],[-14.31886,13.45838],[-14.31773,13.45898],[-14.31618,13.45961],[-14.31478,13.46018],[-14.31339,13.46097],[-14.3118,13.46143],[-14.31037,13.46238],[-14.30872,13.46292],[-14.30703,13.46357],[-14.30399,13.4649],[-14.30305,13.46515],[-14.29967,13.46657],[-14.29692,13.46739],[-14.29618,13.46748],[-14.29533,13.46789],[-14.29449,13.46849],[-14.29148,13.46933],[-14.28933,13.46974],[-14.28664,13.47056],[-14.28448,13.47112],[-14.28146,13.47172],[-14.27919,13.47228],[-14.27602,13.47338],[-14.27387,13.47389],[-14.27051,13.47457],[-14.26775,13.4751],[-14.265,13.47582],[-14.26247,13.47616],[-14.26056,13.47642],[-14.25777,13.47688],[-14.25522,13.477],[-14.25208,13.47667],[-14.24971,13.47666],[-14.248,13.47659],[-14.24589,13.4765],[-14.24447,13.47624],[-14.24301,13.47633],[-14.24207,13.47623],[-14.2411,13.47629],[-14.24038,13.47638],[-14.23932,13.47632],[-14.23919,13.47679],[-14.23815,13.47692],[-14.23724,13.47796],[-14.23659,13.47923],[-14.23587,13.48011],[-14.23451,13.48175],[-14.23324,13.48334],[-14.23181,13.48498],[-14.23112,13.48603],[-14.23006,13.48782],[-14.22901,13.48871],[-14.22755,13.49019],[-14.22622,13.4913],[-14.22499,13.4926],[-14.22398,13.49332],[-14.22251,13.49472],[-14.22121,13.49604],[-14.21975,13.49756],[-14.21865,13.49888],[-14.21679,13.5006],[-14.21494,13.50211],[-14.21409,13.50347],[-14.21221,13.50473],[-14.2104,13.50624],[-14.20897,13.50764],[-14.20682,13.50871],[-14.20475,13.5101],[-14.20212,13.51209],[-14.20007,13.51389],[-14.19663,13.51622],[-14.19407,13.51827],[-14.19258,13.51915],[-14.19011,13.5206],[-14.18845,13.52152],[-14.18689,13.52272],[-14.18495,13.52417],[-14.18189,13.52587],[-14.17288,13.53044],[-14.17281,13.53054],[-14.17177,13.53132],[-14.17063,13.53214],[-14.16988,13.53252],[-14.16837,13.53331],[-14.16557,13.53387],[-14.16376,13.5344],[-14.16285,13.5351],[-14.16149,13.53547],[-14.15941,13.53632],[-14.15692,13.53657],[-14.15572,13.5371],[-14.15407,13.53828],[-14.15258,13.53849],[-14.15024,13.5393],[-14.14834,13.53909],[-14.14579,13.53949],[-14.14366,13.53907],[-14.14176,13.53927],[-14.14048,13.53968],[-14.13814,13.53988],[-14.13665,13.53988],[-14.13411,13.5407],[-14.13283,13.54111],[-14.1307,13.54277],[-14.13006,13.54318],[-14.12837,13.54359],[-14.12709,13.54401],[-14.12475,13.54441],[-14.12093,13.54522],[-14.11859,13.54625],[-14.11647,13.54895],[-14.11349,13.54956],[-14.11094,13.55039],[-14.10818,13.55058],[-14.10605,13.55162],[-14.10351,13.55222],[-14.10138,13.55346],[-14.09925,13.55408],[-14.0965,13.55407],[-14.09288,13.55551],[-14.08991,13.55633],[-14.08799,13.55653],[-14.08588,13.55694],[-14.08332,13.55693],[-14.08014,13.55671],[-14.07781,13.55691],[-14.07632,13.55732],[-14.0744,13.55855],[-14.07229,13.55731],[-14.07059,13.55688],[-14.06868,13.55667],[-14.06359,13.55561],[-14.05921,13.55462],[-14.05912,13.5546],[-14.05893,13.55455],[-14.05874,13.55446],[-14.05427,13.55228],[-14.05248,13.55237],[-14.05002,13.55249],[-14.04756,13.55272],[-14.04105,13.55325],[-14.03949,13.55315],[-14.03698,13.55347],[-14.0325,13.55349],[-14.03066,13.55358],[-14.02793,13.55348],[-14.02471,13.55448],[-14.02286,13.55599],[-14.02207,13.55631],[-14.02036,13.55723],[-14.01828,13.55865],[-14.01634,13.56016],[-14.0144,13.56117],[-14.01274,13.56204],[-14.01076,13.56364],[-14.00919,13.56465],[-14.00726,13.56584],[-14.00499,13.56639],[-14.00328,13.56818],[-14.0021,13.56845],[-14.00021,13.56978],[-14.00076,13.57047],[-13.99858,13.57328],[-13.99582,13.57497],[-13.99279,13.57636],[-13.98975,13.57678],[-13.98658,13.57775],[-13.98368,13.57844],[-13.98036,13.5797],[-13.97746,13.58054],[-13.97385,13.58081],[-13.97068,13.58094],[-13.9675,13.58078],[-13.9636,13.5802],[-13.96057,13.57962],[-13.95884,13.57877],[-13.95625,13.57805],[-13.95481,13.57747],[-13.95207,13.57605],[-13.94789,13.57377],[-13.94611,13.57147],[-13.9414,13.57149],[-13.93838,13.56949],[-13.9368,13.56865],[-13.93362,13.56736],[-13.92027,13.56297],[-13.90433,13.56314],[-13.90001,13.56227],[-13.89526,13.55943],[-13.89524,13.55943],[-13.89294,13.55804],[-13.89119,13.557],[-13.88762,13.55487],[-13.88404,13.54991],[-13.88346,13.54919],[-13.8853,13.5464],[-13.88366,13.54422],[-13.88129,13.5417],[-13.87837,13.53914],[-13.87639,13.5362],[-13.8757,13.53484],[-13.87494,13.53266],[-13.87362,13.52974],[-13.87165,13.5262],[-13.8709,13.52467],[-13.86898,13.52118],[-13.86786,13.51982],[-13.86638,13.51798],[-13.8647,13.51614],[-13.86258,13.51353],[-13.86192,13.51248],[-13.86079,13.51126],[-13.86072,13.51117],[-13.86053,13.51092],[-13.85858,13.51096],[-13.85746,13.51113],[-13.85636,13.51118],[-13.85515,13.51107],[-13.85399,13.51103],[-13.85252,13.511],[-13.85134,13.51043],[-13.85004,13.51011],[-13.84869,13.50959],[-13.8471,13.50871],[-13.84589,13.50825],[-13.84206,13.50716],[-13.83909,13.50605],[-13.83725,13.50504],[-13.83531,13.50504],[-13.83382,13.50464],[-13.83237,13.50368],[-13.83163,13.50406],[-13.83059,13.50596],[-13.83055,13.50642],[-13.8299,13.50863],[-13.83027,13.51021],[-13.83061,13.51098],[-13.83167,13.51372],[-13.83225,13.51616],[-13.83271,13.51817],[-13.83241,13.52151],[-13.83208,13.52386],[-13.83154,13.52516],[-13.83132,13.52621],[-13.83099,13.52694],[-13.83006,13.52821],[-13.82951,13.5288],[-13.82894,13.52944],[-13.82563,13.53433],[-13.82473,13.53609],[-13.82366,13.53924],[-13.82357,13.53965],[-13.82342,13.54117],[-13.82331,13.54273],[-13.82226,13.5461],[-13.82056,13.5472],[-13.81784,13.54716],[-13.81384,13.54565],[-13.8107,13.54428],[-13.80765,13.54307],[-13.80655,13.54268],[-13.80488,13.54253],[-13.80254,13.54226],[-13.79962,13.5423],[-13.7972,13.54277],[-13.79375,13.54464],[-13.79037,13.54494],[-13.78809,13.54388],[-13.78788,13.54225],[-13.7883,13.53957],[-13.78903,13.53832],[-13.78998,13.53673],[-13.79131,13.53526],[-13.79265,13.53359],[-13.7943,13.53199],[-13.79549,13.53015],[-13.79644,13.52862],[-13.79807,13.5255],[-13.79934,13.52323],[-13.80072,13.51976],[-13.8003,13.51732],[-13.80008,13.51447],[-13.80004,13.51216],[-13.79958,13.50783],[-13.79959,13.50581],[-13.80021,13.50396],[-13.80133,13.5015],[-13.80257,13.50001],[-13.80342,13.49829],[-13.80443,13.49666],[-13.80614,13.49318],[-13.80728,13.48939],[-13.8079,13.48694],[-13.80919,13.48327],[-13.80907,13.47804],[-13.80778,13.47478],[-13.80706,13.47143],[-13.80502,13.4685],[-13.8014,13.46599],[-13.79617,13.46611],[-13.79519,13.46538],[-13.79263,13.4664],[-13.79147,13.46698],[-13.78996,13.46861],[-13.78801,13.47017],[-13.78622,13.47213],[-13.78449,13.47451],[-13.78167,13.47722],[-13.78016,13.47868],[-13.77763,13.48107],[-13.77688,13.48141],[-13.77627,13.48184],[-13.7753,13.48237],[-13.77377,13.48322],[-13.77237,13.48465],[-13.76977,13.48463],[-13.76862,13.48505],[-13.76574,13.48461],[-13.76126,13.4836],[-13.75867,13.48274],[-13.75536,13.48244],[-13.75334,13.4813],[-13.75016,13.48086],[-13.74729,13.47943],[-13.74498,13.47957],[-13.74206,13.47773],[-13.7393,13.47605],[-13.73707,13.47527],[-13.73415,13.4744],[-13.73144,13.47328],[-13.72845,13.47244],[-13.72599,13.47029],[-13.72485,13.4699],[-13.72394,13.46918],[-13.72266,13.46843],[-13.72158,13.46808],[-13.71926,13.46749],[-13.7183,13.4665],[-13.71811,13.46572],[-13.71836,13.46452],[-13.71856,13.46318],[-13.71897,13.46193],[-13.71914,13.46138],[-13.72041,13.45924],[-13.7222,13.45741],[-13.72344,13.45727],[-13.72504,13.4563],[-13.72663,13.45488],[-13.72808,13.45363],[-13.72953,13.45306],[-13.73277,13.45059],[-13.73319,13.45026],[-13.73393,13.44979],[-13.7359,13.44985],[-13.73806,13.44888],[-13.74025,13.44648],[-13.74327,13.44482],[-13.74675,13.44468],[-13.75037,13.44144],[-13.75226,13.44004],[-13.7537,13.43934],[-13.75471,13.43739],[-13.75665,13.43565],[-13.75771,13.43448],[-13.75829,13.43332],[-13.75835,13.43185],[-13.75834,13.43084],[-13.75821,13.42905],[-13.75808,13.42759],[-13.75783,13.42671],[-13.75765,13.42492],[-13.75702,13.42374],[-13.75653,13.42301],[-13.75491,13.41909],[-13.75313,13.41701],[-13.75198,13.41635],[-13.75057,13.41569],[-13.74973,13.41414],[-13.74936,13.41208],[-13.74887,13.4086],[-13.74887,13.40621],[-13.74883,13.40451],[-13.74974,13.40289],[-13.75086,13.40071],[-13.75242,13.39828],[-13.75447,13.39563],[-13.75639,13.39311],[-13.75804,13.3911],[-13.75946,13.38937],[-13.76186,13.38726],[-13.76305,13.38613],[-13.76491,13.38467],[-13.76685,13.3833],[-13.76809,13.38212],[-13.76976,13.38108],[-13.7723,13.37933],[-13.77319,13.37858],[-13.77369,13.37807],[-13.77432,13.37681],[-13.77408,13.37424],[-13.7726,13.37294],[-13.77035,13.37246],[-13.7666,13.37174],[-13.76357,13.37144],[-13.76098,13.37171],[-13.75838,13.37155],[-13.75607,13.37239],[-13.75333,13.37182],[-13.75117,13.37237],[-13.74741,13.37164],[-13.7454,13.37135],[-13.74312,13.37077],[-13.73831,13.37183],[-13.73396,13.37265],[-13.72936,13.37466],[-13.72475,13.37492],[-13.72157,13.37547],[-13.71798,13.37604],[-13.71377,13.37755],[-13.7116,13.37839],[-13.70856,13.37936],[-13.70402,13.37982],[-13.69961,13.38157],[-13.69657,13.38241],[-13.6934,13.38338],[-13.69268,13.38309],[-13.68964,13.3835],[-13.68999,13.3822],[-13.68676,13.38321],[-13.68489,13.38305],[-13.68315,13.38304],[-13.68156,13.38332],[-13.67883,13.38302],[-13.67724,13.38315],[-13.67493,13.38342],[-13.67407,13.38215],[-13.67311,13.38083],[-13.67267,13.38001],[-13.67233,13.37703],[-13.67239,13.37547],[-13.6733,13.37417],[-13.67435,13.37217],[-13.67774,13.37143],[-13.68091,13.36975],[-13.68309,13.36891],[-13.68359,13.36762],[-13.68548,13.36589],[-13.68788,13.36414],[-13.68875,13.36103],[-13.69094,13.35706],[-13.6924,13.3554],[-13.69587,13.35344],[-13.69752,13.35073],[-13.69881,13.34946],[-13.70106,13.34725],[-13.7023,13.34557],[-13.70415,13.34346],[-13.70423,13.34103],[-13.70419,13.33938],[-13.70354,13.33705],[-13.70207,13.33432],[-13.69901,13.33227],[-13.69338,13.33365],[-13.68601,13.33658],[-13.67878,13.33965],[-13.67502,13.3402],[-13.6727,13.34272],[-13.67112,13.34272],[-13.6691,13.34214],[-13.66723,13.34213],[-13.6651,13.34181],[-13.66439,13.34177],[-13.66407,13.33939],[-13.66427,13.33828],[-13.6648,13.33615],[-13.6655,13.33361],[-13.6664,13.33171],[-13.66818,13.32731],[-13.66833,13.32726],[-13.6686,13.3267],[-13.66923,13.32545],[-13.67097,13.32326],[-13.6727,13.3184],[-13.67433,13.31534],[-13.67592,13.31296],[-13.67819,13.30878],[-13.67965,13.30682],[-13.68168,13.30527],[-13.68488,13.30479],[-13.68648,13.30254],[-13.68778,13.30155],[-13.68923,13.29959],[-13.68932,13.29819],[-13.68941,13.29515],[-13.68945,13.29455],[-13.68957,13.29068],[-13.68742,13.28756],[-13.68427,13.28289],[-13.68289,13.28145],[-13.67926,13.27735],[-13.67523,13.27564],[-13.67153,13.27611],[-13.66667,13.27772],[-13.65805,13.28035],[-13.65574,13.28104],[-13.65241,13.28187],[-13.65007,13.28052],[-13.64843,13.28015],[-13.64283,13.27713],[-13.6414,13.27615],[-13.641,13.27446],[-13.64026,13.27268],[-13.64057,13.26964],[-13.64088,13.26876],[-13.64151,13.26755],[-13.64209,13.26626],[-13.64295,13.26427],[-13.64367,13.26251],[-13.6442,13.26098],[-13.64486,13.25899],[-13.64548,13.25732],[-13.64557,13.25447],[-13.64586,13.25281],[-13.64587,13.2508],[-13.64583,13.24905],[-13.64533,13.24773],[-13.6433,13.24399],[-13.63865,13.24196],[-13.63548,13.24152],[-13.6324,13.24086],[-13.63029,13.24107],[-13.6284,13.24079],[-13.62725,13.24148],[-13.62567,13.24189],[-13.62487,13.2421],[-13.6236,13.24245],[-13.62147,13.24345],[-13.61995,13.24463],[-13.61898,13.24566],[-13.61754,13.2461],[-13.61674,13.24635],[-13.61529,13.24624],[-13.61494,13.24541],[-13.6145,13.24464],[-13.61457,13.24317],[-13.61456,13.24263],[-13.61454,13.2418],[-13.61414,13.24084],[-13.61343,13.2403],[-13.61272,13.23985],[-13.61228,13.23926],[-13.61114,13.23832],[-13.61099,13.2381],[-13.60932,13.23872],[-13.60883,13.23777],[-13.60859,13.23763],[-13.60808,13.23544],[-13.6076,13.23278],[-13.60895,13.23179],[-13.60924,13.23211],[-13.60958,13.2327],[-13.61056,13.23245],[-13.61148,13.22936],[-13.61163,13.22784],[-13.61012,13.22253],[-13.60821,13.22069],[-13.60738,13.22125],[-13.60659,13.22155],[-13.60532,13.22162],[-13.60417,13.2204],[-13.6035,13.21972],[-13.60329,13.21858],[-13.60256,13.21717],[-13.6019,13.21493],[-13.60188,13.21365],[-13.60185,13.21235],[-13.60186,13.21052],[-13.60256,13.20816],[-13.60407,13.20814],[-13.60477,13.20812],[-13.60598,13.20787],[-13.60715,13.20771],[-13.60898,13.20758],[-13.61238,13.20641],[-13.61354,13.2057],[-13.61453,13.20366],[-13.61562,13.20162],[-13.61505,13.19933],[-13.61216,13.20003],[-13.61001,13.2003],[-13.6085,13.19978],[-13.60709,13.19957],[-13.60637,13.19923],[-13.606,13.19923],[-13.60651,13.19674],[-13.60664,13.19596],[-13.6067,13.1943],[-13.6076,13.19231],[-13.60682,13.19086],[-13.60607,13.19082],[-13.60574,13.19087],[-13.60546,13.19092],[-13.60604,13.18953],[-13.60761,13.18565],[-13.60849,13.1854],[-13.60891,13.18548],[-13.61157,13.18616],[-13.61316,13.18475],[-13.61356,13.18296],[-13.61513,13.18201],[-13.61521,13.18122],[-13.61399,13.17881],[-13.61426,13.17817],[-13.61517,13.17691],[-13.61587,13.17667],[-13.61601,13.17423],[-13.61669,13.17311],[-13.61609,13.17165],[-13.61523,13.17061],[-13.61445,13.16902],[-13.61309,13.16859],[-13.61243,13.16874],[-13.61159,13.16908],[-13.61079,13.16914],[-13.61015,13.16938],[-13.60986,13.1692],[-13.61007,13.16809],[-13.61086,13.16744],[-13.61141,13.16696],[-13.61191,13.16627],[-13.61236,13.16525],[-13.61214,13.16396],[-13.61212,13.16273],[-13.6114,13.16173],[-13.61067,13.1605],[-13.6099,13.15928],[-13.60947,13.15891],[-13.60853,13.15889],[-13.60773,13.15913],[-13.60709,13.15928],[-13.60615,13.15953],[-13.60549,13.15945],[-13.6051,13.15849],[-13.60415,13.15792],[-13.60367,13.15755],[-13.6026,13.15588],[-13.60305,13.15486],[-13.60338,13.15444],[-13.60479,13.15253],[-13.60521,13.1521],[-13.60552,13.15182],[-13.60652,13.15204],[-13.60759,13.15422],[-13.60789,13.15495],[-13.60829,13.156],[-13.60909,13.15681],[-13.60971,13.15694],[-13.6106,13.15691],[-13.61171,13.15658],[-13.61203,13.15574],[-13.6121,13.15468],[-13.61221,13.15331],[-13.61238,13.15201],[-13.61254,13.15072],[-13.6127,13.14971],[-13.6133,13.14877],[-13.61385,13.14804],[-13.61278,13.14635],[-13.6118,13.14632],[-13.61058,13.14644],[-13.61011,13.14658],[-13.60932,13.14692],[-13.60792,13.14735],[-13.60725,13.14641],[-13.60747,13.14571],[-13.60866,13.14449],[-13.60941,13.14443],[-13.61127,13.14362],[-13.61324,13.14317],[-13.61402,13.14292],[-13.61463,13.14263],[-13.6156,13.14183],[-13.61615,13.14131],[-13.61658,13.13928],[-13.61602,13.13709],[-13.61663,13.13497],[-13.61709,13.13422],[-13.61754,13.13325],[-13.61742,13.13233],[-13.61704,13.13183],[-13.6154,13.13191],[-13.61479,13.13192],[-13.6131,13.13177],[-13.61213,13.13234],[-13.61116,13.13347],[-13.6108,13.13412],[-13.60929,13.13401],[-13.60871,13.13278],[-13.60792,13.13068],[-13.60739,13.12996],[-13.60626,13.12979],[-13.60546,13.12939],[-13.60428,13.12891],[-13.60413,13.12882],[-13.60265,13.12996],[-13.60233,13.13042],[-13.60211,13.13084],[-13.60216,13.13102],[-13.60188,13.13135],[-13.60117,13.13122],[-13.60038,13.13128],[-13.59948,13.1308],[-13.59845,13.13059],[-13.59705,13.13075],[-13.59639,13.13076],[-13.5954,13.13088],[-13.59526,13.13083],[-13.59479,13.13098],[-13.59418,13.13058],[-13.59406,13.12948],[-13.59448,13.12915],[-13.59467,13.129],[-13.59509,13.12909],[-13.59574,13.12913],[-13.59617,13.12912],[-13.59688,13.12947],[-13.59847,13.12907],[-13.59893,13.12874],[-13.59927,13.1274],[-13.5994,13.12689],[-13.59952,13.12556],[-13.59944,13.12427],[-13.59917,13.12235],[-13.59926,13.12009],[-13.59924,13.11886],[-13.59911,13.11684],[-13.59968,13.11489],[-13.59994,13.11355],[-13.59967,13.11195],[-13.59797,13.11116],[-13.59616,13.10986],[-13.59516,13.10956],[-13.59345,13.10817],[-13.59284,13.10786],[-13.59222,13.10723],[-13.59073,13.1056],[-13.58969,13.10521],[-13.58833,13.10542],[-13.58771,13.10695],[-13.5873,13.10751],[-13.58674,13.10766],[-13.58503,13.10686],[-13.5843,13.10527],[-13.58475,13.10416],[-13.58539,13.10341],[-13.58612,13.10261],[-13.58634,13.10174],[-13.58584,13.10013],[-13.58455,13.09873],[-13.58379,13.09655],[-13.58247,13.09593],[-13.58268,13.09441],[-13.58296,13.09422],[-13.58333,13.09398],[-13.58384,13.09388],[-13.58422,13.09199],[-13.58464,13.09171],[-13.58491,13.0912],[-13.58489,13.09018],[-13.58464,13.08978],[-13.58353,13.08796],[-13.58381,13.08745],[-13.58364,13.08625],[-13.58324,13.08507],[-13.58304,13.08452],[-13.58177,13.08409],[-13.58045,13.08407],[-13.57958,13.08478],[-13.57884,13.08539],[-13.57876,13.08617],[-13.57858,13.08645],[-13.57827,13.08742],[-13.57801,13.08862],[-13.57756,13.08937],[-13.57706,13.09034],[-13.57655,13.09063],[-13.57544,13.09138],[-13.57461,13.09181],[-13.57417,13.0915],[-13.57415,13.09044],[-13.57451,13.08914],[-13.57404,13.08713],[-13.57267,13.08656],[-13.57218,13.08551],[-13.57268,13.08476],[-13.57354,13.08287],[-13.57384,13.08163],[-13.57421,13.08147],[-13.57567,13.08155],[-13.5774,13.08105],[-13.57774,13.08063],[-13.57826,13.07998],[-13.57835,13.07966],[-13.57861,13.07863],[-13.57883,13.07785],[-13.57838,13.07652],[-13.57808,13.07556],[-13.57823,13.07387],[-13.5785,13.07308],[-13.57844,13.07198],[-13.57851,13.0711],[-13.57858,13.06991],[-13.57813,13.06871],[-13.57779,13.06781],[-13.57683,13.06668],[-13.57592,13.06583],[-13.57454,13.06493],[-13.5728,13.06436],[-13.5704,13.06372],[-13.56896,13.06261],[-13.56823,13.06285],[-13.5678,13.06309],[-13.56744,13.0636],[-13.56675,13.06457],[-13.56634,13.06495],[-13.56552,13.06644],[-13.56526,13.06731],[-13.56486,13.06824],[-13.56479,13.06925],[-13.56481,13.07036],[-13.56378,13.07088],[-13.56262,13.071],[-13.56092,13.07066],[-13.56037,13.07145],[-13.56039,13.07237],[-13.56001,13.07435],[-13.55991,13.07454],[-13.55862,13.0753],[-13.55786,13.07508],[-13.55735,13.07482],[-13.55605,13.07324],[-13.55552,13.0726],[-13.55409,13.07153],[-13.55403,13.07038],[-13.55355,13.0702],[-13.55233,13.07028],[-13.55158,13.0702],[-13.55068,13.0698],[-13.55067,13.06893],[-13.55121,13.06799],[-13.55177,13.06762],[-13.55292,13.06673],[-13.55338,13.06607],[-13.55364,13.06524],[-13.55409,13.06418],[-13.55515,13.06323],[-13.55648,13.06207],[-13.55717,13.06104],[-13.55729,13.0603],[-13.55751,13.05942],[-13.55767,13.05837],[-13.55752,13.05731],[-13.557,13.05732],[-13.5562,13.05701],[-13.55598,13.05587],[-13.5562,13.0548],[-13.55623,13.05406],[-13.55622,13.05328],[-13.5562,13.05213],[-13.55544,13.05174],[-13.55412,13.05139],[-13.55322,13.05145],[-13.55238,13.05166],[-13.55122,13.05205],[-13.55063,13.05297],[-13.55027,13.05362],[-13.54986,13.05427],[-13.54889,13.05475],[-13.54795,13.05496],[-13.54649,13.05443],[-13.54573,13.05408],[-13.54483,13.05336],[-13.54359,13.05256],[-13.54325,13.05179],[-13.54253,13.0512],[-13.54235,13.05153],[-13.54175,13.04947],[-13.54202,13.04878],[-13.54243,13.04822],[-13.5427,13.04808],[-13.54404,13.04932],[-13.54462,13.04932],[-13.54535,13.0489],[-13.54593,13.04723],[-13.54583,13.04686],[-13.5459,13.04603],[-13.54606,13.04484],[-13.5459,13.04332],[-13.54587,13.04236],[-13.5452,13.04117],[-13.54462,13.04064],[-13.54292,13.03984],[-13.54278,13.03989],[-13.54103,13.03892],[-13.53969,13.03802],[-13.53922,13.03766],[-13.53799,13.03709],[-13.53705,13.0366],[-13.53624,13.03602],[-13.53595,13.03547],[-13.53536,13.03456],[-13.53493,13.03397],[-13.53497,13.03379],[-13.5341,13.0345],[-13.53322,13.03525],[-13.53233,13.03545],[-13.53162,13.03524],[-13.53111,13.03502],[-13.53006,13.03425],[-13.52921,13.03422],[-13.52834,13.03465],[-13.52759,13.03536],[-13.52667,13.03593],[-13.52644,13.03593],[-13.52583,13.03608],[-13.52503,13.03619],[-13.52405,13.03625],[-13.5233,13.03627],[-13.52213,13.03624],[-13.52171,13.03611],[-13.52095,13.03558],[-13.52092,13.03416],[-13.52066,13.03274],[-13.52059,13.03163],[-13.5205,13.02966],[-13.52103,13.02781],[-13.52207,13.026],[-13.52337,13.02566],[-13.52496,13.0253],[-13.52613,13.02528],[-13.52698,13.02526],[-13.52763,13.02516],[-13.52861,13.02486],[-13.52888,13.02439],[-13.52937,13.02301],[-13.52935,13.022],[-13.52928,13.02094],[-13.52988,13.02015],[-13.53028,13.01937],[-13.53063,13.01802],[-13.53122,13.01714],[-13.53156,13.01506],[-13.53197,13.01487],[-13.53225,13.0145],[-13.53346,13.01352],[-13.53432,13.01282],[-13.53466,13.011],[-13.53422,13.00762],[-13.53335,13.00593],[-13.53321,13.00593],[-13.53192,13.00489],[-13.53105,13.00503],[-13.52903,13.00587],[-13.52687,13.00727],[-13.52355,13.00837],[-13.5223,13.00904],[-13.52092,13.01021],[-13.52015,13.01147],[-13.52006,13.01401],[-13.51832,13.01485],[-13.51659,13.01611],[-13.51414,13.01581],[-13.51256,13.01467],[-13.51113,13.01311],[-13.50898,13.01112],[-13.50669,13.00814],[-13.50483,13.00601],[-13.5021,13.00458],[-13.50193,13.00263],[-13.50166,13.00038],[-13.50157,12.99947],[-13.50157,12.99924],[-13.50149,12.99869],[-13.50131,12.99836],[-13.50274,12.99631],[-13.50356,12.99563],[-13.50442,12.99408],[-13.50519,12.99349],[-13.50643,12.99213],[-13.50759,12.99085],[-13.50896,12.99009],[-13.50996,12.98974],[-13.51078,12.98869],[-13.51064,12.98846],[-13.51041,12.98804],[-13.50945,12.98632],[-13.50899,12.9852],[-13.50844,12.98473],[-13.50682,12.98332],[-13.50561,12.98232],[-13.50455,12.98084],[-13.50391,12.97999],[-13.50371,12.9799],[-13.50382,12.9792],[-13.50382,12.97907],[-13.50392,12.97874],[-13.50392,12.97861],[-13.5038,12.97754],[-13.50458,12.97622],[-13.50453,12.97595],[-13.50454,12.97516],[-13.50456,12.97483],[-13.5044,12.97257],[-13.50441,12.97207],[-13.5039,12.97122],[-13.50255,12.97037],[-13.50035,12.97042],[-13.49904,12.97234],[-13.49805,12.97343],[-13.49685,12.97401],[-13.49591,12.97418],[-13.49497,12.97397],[-13.49418,12.97354],[-13.49404,12.97354],[-13.4934,12.97224],[-13.49332,12.97173],[-13.49318,12.97155],[-13.49324,12.97053],[-13.49346,12.96905],[-13.4942,12.96685],[-13.49439,12.96686],[-13.49522,12.9647],[-13.49613,12.96402],[-13.49774,12.96312],[-13.49925,12.96269],[-13.49972,12.9628],[-13.50114,12.96255],[-13.5025,12.96257],[-13.50396,12.96203],[-13.5058,12.96188],[-13.5067,12.96176],[-13.5075,12.96149],[-13.50817,12.96095],[-13.51029,12.95821],[-13.51088,12.95629],[-13.51168,12.95617],[-13.51187,12.95617],[-13.51265,12.95424],[-13.51383,12.95403],[-13.5144,12.95391],[-13.51479,12.95294],[-13.51396,12.95192],[-13.51365,12.95098],[-13.51259,12.94977],[-13.51158,12.94772],[-13.5114,12.94735],[-13.51016,12.9458],[-13.50607,12.94514],[-13.50475,12.9453],[-13.50367,12.94556],[-13.50236,12.94562],[-13.50151,12.94556],[-13.50094,12.94556],[-13.50136,12.94626],[-13.50161,12.94838],[-13.50137,12.94883],[-13.50104,12.95036],[-13.50044,12.95053],[-13.49973,12.95089],[-13.49902,12.95129],[-13.49878,12.95129],[-13.49799,12.95081],[-13.49794,12.95067],[-13.4967,12.94958],[-13.49563,12.94847],[-13.4953,12.94814],[-13.49452,12.94715],[-13.49365,12.94562],[-13.49295,12.94501],[-13.49288,12.94418],[-13.49248,12.94274],[-13.49245,12.9414],[-13.49304,12.93956],[-13.49419,12.93833],[-13.49445,12.93765],[-13.49573,12.93652],[-13.49598,12.93546],[-13.49617,12.93524],[-13.4967,12.93487],[-13.49758,12.93308],[-13.49811,12.93176],[-13.49869,12.93135],[-13.50004,12.9293],[-13.50055,12.92945],[-13.50154,12.92951],[-13.502,12.9297],[-13.50309,12.92972],[-13.50392,12.93015],[-13.50533,12.92986],[-13.50637,12.92982],[-13.50638,12.92927],[-13.5062,12.92867],[-13.50634,12.92876],[-13.50625,12.92862],[-13.5058,12.92723],[-13.50581,12.92705],[-13.5053,12.92648],[-13.50502,12.92602],[-13.50488,12.92597],[-13.50452,12.92513],[-13.5035,12.92461],[-13.50299,12.92409],[-13.50198,12.92278],[-13.5013,12.92139],[-13.50102,12.92032],[-13.50043,12.91953],[-13.5003,12.91879],[-13.50042,12.91754],[-13.50042,12.91736],[-13.50047,12.91699],[-13.50036,12.91482],[-13.50032,12.9144],[-13.50057,12.91335],[-13.50067,12.91289],[-13.4999,12.91126],[-13.49877,12.91091],[-13.49756,12.91071],[-13.49629,12.9106],[-13.49525,12.91035],[-13.49451,12.91034],[-13.49394,12.91028],[-13.49288,12.90971],[-13.49231,12.90951],[-13.49128,12.90917],[-13.49062,12.90889],[-13.49007,12.9081],[-13.4896,12.90791],[-13.48943,12.90684],[-13.48879,12.90581],[-13.48711,12.90509],[-13.48614,12.90461],[-13.4848,12.90252],[-13.48457,12.90228],[-13.48438,12.90223],[-13.48317,12.90152],[-13.48178,12.90029],[-13.4808,12.89982],[-13.47935,12.89929],[-13.47885,12.89877],[-13.47861,12.89853],[-13.47796,12.89853],[-13.47715,12.89856],[-13.47654,12.89873],[-13.47607,12.89872],[-13.47489,12.89902],[-13.47347,12.89946],[-13.4723,12.89967],[-13.47159,12.89971],[-13.47112,12.90007],[-13.47058,12.90107],[-13.4683,12.89975],[-13.46778,12.89964],[-13.46526,12.89881],[-13.46386,12.89782],[-13.46344,12.89758],[-13.46336,12.89735],[-13.46336,12.89684],[-13.4633,12.89491],[-13.4631,12.89259],[-13.46404,12.89036],[-13.46452,12.88898],[-13.46454,12.88847],[-13.46513,12.88691],[-13.466,12.88545],[-13.466,12.88527],[-13.46664,12.88384],[-13.46706,12.88321],[-13.46703,12.88243],[-13.4669,12.88206],[-13.46671,12.88205],[-13.46489,12.88096],[-13.46303,12.87973],[-13.4623,12.87888],[-13.46214,12.87875],[-13.46318,12.87701],[-13.46375,12.87595],[-13.46485,12.87537],[-13.46612,12.87549],[-13.46781,12.87524],[-13.46856,12.87562],[-13.46963,12.87555],[-13.47038,12.8757],[-13.47156,12.87572],[-13.47235,12.87624],[-13.47338,12.8764],[-13.47394,12.87617],[-13.47391,12.87562],[-13.47359,12.87501],[-13.47332,12.87454],[-13.47303,12.87432],[-13.47262,12.87381],[-13.47229,12.87361],[-13.47174,12.87322],[-13.4709,12.87294],[-13.47076,12.87293],[-13.4701,12.87278],[-13.46931,12.8725],[-13.46918,12.87249],[-13.46815,12.87183],[-13.46754,12.87131],[-13.46652,12.87079],[-13.46564,12.87008],[-13.46498,12.86984],[-13.46433,12.86968],[-13.46364,12.86889],[-13.46299,12.86791],[-13.4623,12.86721],[-13.4617,12.86659],[-13.46082,12.86552],[-13.46059,12.86552],[-13.45971,12.86463],[-13.45916,12.8637],[-13.45799,12.86307],[-13.45758,12.86242],[-13.45606,12.86097],[-13.45535,12.86036],[-13.45515,12.85982],[-13.45472,12.85932],[-13.45458,12.85925],[-13.45463,12.85906],[-13.45457,12.85884],[-13.45454,12.85871],[-13.45432,12.85842],[-13.45419,12.8572],[-13.45368,12.85636],[-13.45282,12.85505],[-13.45212,12.85407],[-13.45209,12.85371],[-13.45186,12.85324],[-13.45163,12.85245],[-13.45131,12.85145],[-13.45117,12.8506],[-13.45106,12.85041],[-13.45161,12.84892],[-13.45234,12.84785],[-13.45328,12.84715],[-13.45408,12.84645],[-13.45559,12.84526],[-13.45712,12.84477],[-13.45761,12.84343],[-13.4589,12.84308],[-13.45884,12.84428],[-13.45942,12.845],[-13.46028,12.84571],[-13.46128,12.84628],[-13.46218,12.84622],[-13.46314,12.84799],[-13.464,12.84877],[-13.46479,12.84913],[-13.46544,12.8497],[-13.46659,12.85027],[-13.46803,12.85021],[-13.47019,12.851],[-13.47155,12.8515],[-13.4727,12.85243],[-13.47371,12.85251],[-13.47494,12.8523],[-13.47558,12.85237],[-13.47731,12.85274],[-13.47796,12.85168],[-13.47798,12.85119],[-13.47821,12.85102],[-13.47823,12.8506],[-13.47823,12.85019],[-13.47809,12.84991],[-13.47764,12.84884],[-13.47703,12.84865],[-13.47628,12.84877],[-13.47567,12.84862],[-13.47488,12.84833],[-13.47327,12.84854],[-13.47164,12.848],[-13.47052,12.84752],[-13.46987,12.84737],[-13.4694,12.84732],[-13.46884,12.84744],[-13.46805,12.84637],[-13.46778,12.84596],[-13.46763,12.84576],[-13.46718,12.84516],[-13.46667,12.84441],[-13.46653,12.84418],[-13.46632,12.84284],[-13.46652,12.84215],[-13.46635,12.84108],[-13.46627,12.84049],[-13.46612,12.83814],[-13.46621,12.83799],[-13.46587,12.83624],[-13.46556,12.83428],[-13.46541,12.83277],[-13.46557,12.83177],[-13.4661,12.8307],[-13.46591,12.83079],[-13.46688,12.82997],[-13.46812,12.82969],[-13.46907,12.82925],[-13.46988,12.8288],[-13.47045,12.82849],[-13.47104,12.82753],[-13.47162,12.827],[-13.47211,12.82683],[-13.47258,12.82647],[-13.47301,12.82631],[-13.47404,12.82602],[-13.47474,12.826],[-13.475,12.82558],[-13.47523,12.82535],[-13.47555,12.82524],[-13.47589,12.82508],[-13.47618,12.82488],[-13.47661,12.8246],[-13.47699,12.82451],[-13.47756,12.82452],[-13.47817,12.82418],[-13.47831,12.82252],[-13.47843,12.82054],[-13.47799,12.81865],[-13.47755,12.81735],[-13.47705,12.81642],[-13.47649,12.81562],[-13.47614,12.81428],[-13.47593,12.81275],[-13.47605,12.81179],[-13.47596,12.81147],[-13.4755,12.80999],[-13.47544,12.8086],[-13.47457,12.80706],[-13.47434,12.80669],[-13.47401,12.80673],[-13.47388,12.80659],[-13.47263,12.8051],[-13.47211,12.80508],[-13.47155,12.80498],[-13.47132,12.80498],[-13.46948,12.80458],[-13.46799,12.80473],[-13.46784,12.80473],[-13.46752,12.8046],[-13.46649,12.80444],[-13.46592,12.80457],[-13.46493,12.80469],[-13.46428,12.80453],[-13.46343,12.80471],[-13.46328,12.80471],[-13.46259,12.8045],[-13.46212,12.80446],[-13.46165,12.80458],[-13.46136,12.80467],[-13.46078,12.8025],[-13.46079,12.80222],[-13.46066,12.80162],[-13.46066,12.80116],[-13.4605,12.79982],[-13.46051,12.79945],[-13.46061,12.79857],[-13.46062,12.7983],[-13.46069,12.7971],[-13.46074,12.79677],[-13.46131,12.79623],[-13.46146,12.79522],[-13.46203,12.79411],[-13.46267,12.79289],[-13.46311,12.79267],[-13.46452,12.79162],[-13.46522,12.79074],[-13.46543,12.78992],[-13.46599,12.78852],[-13.46662,12.78747],[-13.46664,12.78641],[-13.46664,12.7861],[-13.46689,12.78513],[-13.4669,12.78476],[-13.46691,12.78439],[-13.4672,12.78406],[-13.46743,12.78375],[-13.4682,12.7831],[-13.46833,12.78291],[-13.46829,12.78264],[-13.46839,12.78245],[-13.46849,12.78231],[-13.46936,12.78218],[-13.46951,12.78133],[-13.46965,12.78116],[-13.46963,12.78085],[-13.46955,12.7806],[-13.46992,12.78026],[-13.46989,12.77988],[-13.46986,12.77942],[-13.46963,12.77913],[-13.4693,12.77913],[-13.46815,12.78026],[-13.46786,12.7804],[-13.46653,12.78171],[-13.46648,12.78185],[-13.46614,12.7823],[-13.46604,12.78262],[-13.46542,12.78293],[-13.46527,12.78404],[-13.46399,12.78481],[-13.46374,12.78503],[-13.46338,12.78507],[-13.46314,12.78506],[-13.46276,12.78502],[-13.46192,12.78463],[-13.46174,12.78375],[-13.46164,12.78195],[-13.46138,12.7802],[-13.46126,12.77913],[-13.46086,12.77774],[-13.46022,12.77625],[-13.46018,12.77639],[-13.4597,12.77398],[-13.45928,12.77328],[-13.45901,12.77295],[-13.45862,12.77115],[-13.45855,12.76944],[-13.45843,12.76856],[-13.45898,12.76742],[-13.45907,12.76697],[-13.45973,12.76652],[-13.45977,12.76624],[-13.46031,12.76591],[-13.46052,12.76526],[-13.46098,12.76486],[-13.46127,12.76439],[-13.46159,12.76379],[-13.46197,12.76295],[-13.46192,12.7623],[-13.46217,12.76084],[-13.4623,12.76079],[-13.46232,12.76077],[-13.46245,12.7608],[-13.46233,12.76072],[-13.46227,12.76067],[-13.46226,12.76059],[-13.4623,12.7606],[-13.46223,12.76002],[-13.46224,12.75969],[-13.46183,12.75849],[-13.46166,12.75783],[-13.46162,12.75765],[-13.46134,12.75709],[-13.46118,12.75562],[-13.46087,12.75441],[-13.4606,12.754],[-13.4605,12.75385],[-13.46037,12.75312],[-13.46024,12.75256],[-13.45974,12.75172],[-13.45901,12.75051],[-13.45892,12.7501],[-13.45902,12.74931],[-13.45917,12.74899],[-13.45955,12.74881],[-13.46019,12.74859],[-13.46045,12.74859],[-13.46105,12.74862],[-13.46169,12.74888],[-13.46211,12.7491],[-13.46289,12.74948],[-13.46341,12.74965],[-13.46392,12.75025],[-13.46458,12.75059],[-13.46596,12.7508],[-13.46629,12.74916],[-13.46658,12.74732],[-13.46658,12.74709],[-13.46688,12.74631],[-13.46723,12.74569],[-13.46747,12.74527],[-13.46784,12.7451],[-13.46835,12.74507],[-13.4687,12.74482],[-13.46871,12.74425],[-13.4684,12.74372],[-13.46792,12.74301],[-13.46774,12.74222],[-13.46774,12.74209],[-13.46738,12.74185],[-13.46681,12.74179],[-13.4661,12.74204],[-13.46552,12.74209],[-13.46498,12.74234],[-13.46462,12.74302],[-13.46453,12.74417],[-13.46415,12.74527],[-13.46332,12.746],[-13.46244,12.7471],[-13.4612,12.74696],[-13.45995,12.74598],[-13.45932,12.74462],[-13.4586,12.74417],[-13.45875,12.74372],[-13.4583,12.74326],[-13.45792,12.74275],[-13.45845,12.74156],[-13.45866,12.74018],[-13.45877,12.73936],[-13.45938,12.73895],[-13.46011,12.7381],[-13.46069,12.73717],[-13.4608,12.73589],[-13.46109,12.73511],[-13.46119,12.7347],[-13.46096,12.73451],[-13.46078,12.7339],[-13.46056,12.73326],[-13.46042,12.73298],[-13.46021,12.73214],[-13.45984,12.73136],[-13.45939,12.7307],[-13.45898,12.72987],[-13.45898,12.72978],[-13.45899,12.72853],[-13.45864,12.72742],[-13.45923,12.72512],[-13.4591,12.72484],[-13.45883,12.72429],[-13.45955,12.72356],[-13.45964,12.72319],[-13.4607,12.7221],[-13.46127,12.72133],[-13.46222,12.72119],[-13.46289,12.72066],[-13.46327,12.72064],[-13.4637,12.71991],[-13.46445,12.71968],[-13.46517,12.71921],[-13.46576,12.71882],[-13.46588,12.71842],[-13.46589,12.71759],[-13.4658,12.71717],[-13.46559,12.71625],[-13.46541,12.71559],[-13.46522,12.71532],[-13.46469,12.71393],[-13.46422,12.71318],[-13.46383,12.71161],[-13.46371,12.7105],[-13.46354,12.70972],[-13.46298,12.70911],[-13.46257,12.70836],[-13.46216,12.70789],[-13.46216,12.70762],[-13.46221,12.70734],[-13.46228,12.70606],[-13.46262,12.70527],[-13.46382,12.70563],[-13.46362,12.70405],[-13.46396,12.70378],[-13.46483,12.70493],[-13.46613,12.70452],[-13.46684,12.70481],[-13.46697,12.70332],[-13.4675,12.70287],[-13.46783,12.70218],[-13.46812,12.70182],[-13.46833,12.70072],[-13.46872,12.69994],[-13.46897,12.69898],[-13.46912,12.69857],[-13.46931,12.69806],[-13.46975,12.69715],[-13.46948,12.69632],[-13.46954,12.69599],[-13.46878,12.69602],[-13.46822,12.69638],[-13.46798,12.69671],[-13.4668,12.69696],[-13.46633,12.69723],[-13.46533,12.69768],[-13.46448,12.69766],[-13.46366,12.69622],[-13.46325,12.69529],[-13.46342,12.69428],[-13.46403,12.69405],[-13.46548,12.69293],[-13.46605,12.69223],[-13.46764,12.69153],[-13.4688,12.69083],[-13.46981,12.69027],[-13.47111,12.68943],[-13.4716,12.68769],[-13.47261,12.686],[-13.4731,12.68505],[-13.47358,12.68432],[-13.47426,12.68317],[-13.4754,12.68218],[-13.47654,12.68174],[-13.47766,12.68144],[-13.47907,12.68101],[-13.47975,12.68022],[-13.48065,12.68087],[-13.48103,12.6797],[-13.48156,12.67897],[-13.48217,12.67847],[-13.48317,12.67775],[-13.4837,12.67743],[-13.48403,12.67712],[-13.48447,12.67606],[-13.48486,12.67539],[-13.48495,12.67529],[-13.48523,12.67448],[-13.4734,12.67316],[-13.46166,12.67174],[-13.44451,12.66994],[-13.42996,12.66827],[-13.41357,12.66659],[-13.40064,12.66516],[-13.38004,12.66267],[-13.37595,12.66219],[-13.37196,12.66149],[-13.36571,12.66122],[-13.35913,12.66016],[-13.35266,12.65967],[-13.34856,12.65919],[-13.34781,12.65919],[-13.34642,12.6576],[-13.34461,12.65363],[-13.34236,12.6518],[-13.34074,12.65134],[-13.33772,12.65144],[-13.33727,12.65381],[-13.33542,12.65753],[-13.33035,12.6567],[-13.33039,12.65623],[-13.33058,12.65388],[-13.3331,12.64893],[-13.33366,12.64622],[-13.33358,12.64614],[-13.33033,12.64348],[-13.32763,12.64347],[-13.32268,12.64208],[-13.31966,12.64194],[-13.31588,12.64237],[-13.31221,12.64405],[-13.30897,12.64403],[-13.3053,12.644],[-13.3,12.64498],[-13.2944,12.64529],[-13.29062,12.64537],[-13.28859,12.64579],[-13.28846,12.64581],[-13.28899,12.64774],[-13.28962,12.64955],[-13.29186,12.65297],[-13.29208,12.65329],[-13.28958,12.65498],[-13.28591,12.65608],[-13.28234,12.65742],[-13.27523,12.65635],[-13.27254,12.65565],[-13.2676,12.65246],[-13.26532,12.65312],[-13.26252,12.65355],[-13.25831,12.65364],[-13.25475,12.65362],[-13.25067,12.65179],[-13.24831,12.64838],[-13.24519,12.64802],[-13.24291,12.64936],[-13.24043,12.65092],[-13.23815,12.65204],[-13.23481,12.65066],[-13.23387,12.64761],[-13.23022,12.64442],[-13.22743,12.64259],[-13.22548,12.64337],[-13.22375,12.64415],[-13.22179,12.64583],[-13.22005,12.64966],[-13.21841,12.65248],[-13.21485,12.65245],[-13.21206,12.65108],[-13.20782,12.65467],[-13.20276,12.65418],[-13.20159,12.65179],[-13.20162,12.65136],[-13.20183,12.64784],[-13.20271,12.64457],[-13.20013,12.64455],[-13.19722,12.64476],[-13.19518,12.64271],[-13.19356,12.64225],[-13.18991,12.64075],[-13.18775,12.63961],[-13.18529,12.63846],[-13.18411,12.63631],[-13.18132,12.63482],[-13.1795,12.63254],[-13.17779,12.62994],[-13.17594,12.63219],[-13.17334,12.63499],[-13.1731,12.63725],[-13.17168,12.63961],[-13.17016,12.64107],[-13.16737,12.63969],[-13.16566,12.63799],[-13.16328,12.63865],[-13.16091,12.63796],[-13.15898,12.63752],[-13.15887,12.63749],[-13.15939,12.63976],[-13.15983,12.64186],[-13.15991,12.64224],[-13.15817,12.64415],[-13.1559,12.64425],[-13.15128,12.64229],[-13.14805,12.64216],[-13.146,12.64203],[-13.14266,12.64088],[-13.1416,12.63951],[-13.13957,12.63645],[-13.13861,12.63633],[-13.13859,12.63633],[-13.13867,12.63877],[-13.13868,12.63916],[-13.138,12.6439],[-13.13669,12.64536],[-13.13475,12.64523],[-13.13155,12.64205],[-13.12875,12.63977],[-13.12585,12.63952],[-13.12519,12.64019],[-13.12398,12.64077],[-13.12326,12.64111],[-13.12314,12.64118],[-13.12242,12.64173],[-13.12217,12.64242],[-13.12197,12.64315],[-13.12158,12.64369],[-13.12114,12.64507],[-13.12098,12.64589],[-13.12042,12.64822],[-13.12041,12.64883],[-13.12019,12.65085],[-13.12007,12.65209],[-13.12004,12.65361],[-13.11992,12.65522],[-13.11985,12.65627],[-13.11973,12.65742],[-13.11966,12.65853],[-13.11964,12.65968],[-13.11964,12.65981],[-13.11952,12.66138],[-13.11931,12.6623],[-13.11925,12.66354],[-13.11884,12.66473],[-13.11884,12.66519],[-13.11843,12.6668],[-13.11837,12.66777],[-13.11825,12.66924],[-13.11817,12.67052],[-13.11792,12.672],[-13.1179,12.67259],[-13.11778,12.67402],[-13.11772,12.6749],[-13.11733,12.67589],[-13.11721,12.67714],[-13.11694,12.67869],[-13.11655,12.67957],[-13.11626,12.67984],[-13.1154,12.68074],[-13.11474,12.68124],[-13.11406,12.68201],[-13.11269,12.68249],[-13.11142,12.68307],[-13.11027,12.68415],[-13.10913,12.68441],[-13.10801,12.68471],[-13.10697,12.68515],[-13.10577,12.68619],[-13.10525,12.68655],[-13.10406,12.68753],[-13.10366,12.68826],[-13.10304,12.68899],[-13.10189,12.69012],[-13.10127,12.69103],[-13.10083,12.69171],[-13.09944,12.69371],[-13.09795,12.69502],[-13.09676,12.69619],[-13.09542,12.69756],[-13.0946,12.69851],[-13.09365,12.69932],[-13.09273,12.70087],[-13.09188,12.70122],[-13.09106,12.70213],[-13.09021,12.70243],[-13.09038,12.70372],[-13.09088,12.70411],[-13.0912,12.7047],[-13.0917,12.70536],[-13.09211,12.70606],[-13.09257,12.70658],[-13.0933,12.70756],[-13.09344,12.70765],[-13.0946,12.70836],[-13.09539,12.70911],[-13.09607,12.71009],[-13.0968,12.71112],[-13.09772,12.7121],[-13.09838,12.7123],[-13.09912,12.71268],[-13.10032,12.71403],[-13.10059,12.71432],[-13.10118,12.71543],[-13.10164,12.71595],[-13.10247,12.7168],[-13.10316,12.71763],[-13.10348,12.71801],[-13.1045,12.71895],[-13.10531,12.7203],[-13.10563,12.721],[-13.10616,12.72276],[-13.10647,12.72373],[-13.10673,12.72494],[-13.10698,12.7265],[-13.10716,12.72706],[-13.10738,12.7278],[-13.10735,12.72922],[-13.1078,12.73066],[-13.10833,12.73211],[-13.10877,12.73336],[-13.10921,12.73492],[-13.10939,12.73571],[-13.10998,12.73669],[-13.11007,12.73678],[-13.11024,12.73812],[-13.11054,12.73895],[-13.11048,12.7396],[-13.11031,12.74158],[-13.11134,12.74169],[-13.11208,12.74226],[-13.11295,12.74356],[-13.11309,12.74384],[-13.11345,12.74444],[-13.11358,12.74491],[-13.1137,12.74597],[-13.1137,12.74615],[-13.11354,12.74712],[-13.11366,12.74804],[-13.11404,12.74994],[-13.11413,12.75045],[-13.11439,12.75165],[-13.11439,12.75188],[-13.11447,12.7523],[-13.11469,12.75345],[-13.11486,12.7542],[-13.11507,12.75526],[-13.11544,12.75595],[-13.11557,12.75655],[-13.11574,12.75729],[-13.11582,12.75804],[-13.11594,12.75905],[-13.11598,12.75975],[-13.11639,12.76034],[-13.11638,12.761],[-13.11636,12.76192],[-13.11635,12.76242],[-13.11628,12.76348],[-13.11641,12.76399],[-13.11674,12.76432],[-13.11706,12.76456],[-13.11742,12.76498],[-13.11737,12.76535],[-13.11674,12.76635],[-13.11636,12.76676],[-13.11545,12.7678],[-13.11516,12.76812],[-13.115,12.76945],[-13.11447,12.77023],[-13.11401,12.77164],[-13.11438,12.77225],[-13.11503,12.77258],[-13.11636,12.77454],[-13.11667,12.77524],[-13.11732,12.77585],[-13.11766,12.7771],[-13.11788,12.77817],[-13.11772,12.77903],[-13.1172,12.77944],[-13.11644,12.78003],[-13.1153,12.78042],[-13.11472,12.78119],[-13.11372,12.78219],[-13.11347,12.78297],[-13.11284,12.78383],[-13.11283,12.7847],[-13.11281,12.78545],[-13.11299,12.786],[-13.11303,12.78669],[-13.11315,12.78789],[-13.11304,12.78812],[-13.11224,12.78875],[-13.11195,12.78861],[-13.1113,12.78841],[-13.11082,12.78909],[-13.11035,12.78918],[-13.11004,12.79014],[-13.11004,12.79028],[-13.11,12.79041],[-13.10947,12.79101],[-13.10922,12.79178],[-13.10863,12.79306],[-13.1084,12.79296],[-13.10746,12.7929],[-13.10727,12.79285],[-13.10624,12.79297],[-13.10524,12.79364],[-13.10453,12.79413],[-13.10453,12.79414],[-13.10405,12.79427],[-13.10404,12.79455],[-13.10357,12.79472],[-13.10329,12.79489],[-13.10257,12.79535],[-13.10219,12.79566],[-13.10181,12.79616],[-13.10161,12.7968],[-13.10174,12.79717],[-13.10248,12.79779],[-13.10289,12.79872],[-13.10343,12.79979],[-13.10409,12.80003],[-13.10497,12.80046],[-13.10594,12.80139],[-13.10692,12.80197],[-13.10761,12.8023],[-13.10811,12.80319],[-13.10844,12.8035],[-13.10884,12.80407],[-13.10924,12.80453],[-13.10946,12.80534],[-13.1096,12.80647],[-13.10953,12.80752],[-13.10892,12.80828],[-13.10811,12.80827],[-13.10745,12.80883],[-13.10659,12.80928],[-13.10552,12.80918],[-13.10454,12.80932],[-13.10379,12.80937],[-13.10293,12.80953],[-13.10203,12.80987],[-13.10108,12.81],[-13.10016,12.81014],[-13.09926,12.81049],[-13.09868,12.81098],[-13.09767,12.8113],[-13.09733,12.81184],[-13.09713,12.81271],[-13.09707,12.81308],[-13.09715,12.81409],[-13.09718,12.81483],[-13.0973,12.81598],[-13.09737,12.81723],[-13.09781,12.81839],[-13.09799,12.81894],[-13.0986,12.81951],[-13.0991,12.82021],[-13.09928,12.82058],[-13.09951,12.82077],[-13.09951,12.82091],[-13.09953,12.8222],[-13.10076,12.82407],[-13.10131,12.82467],[-13.10213,12.82589],[-13.10228,12.82593],[-13.1033,12.82638],[-13.10392,12.82647],[-13.10522,12.82678],[-13.1056,12.82678],[-13.10668,12.82671],[-13.10748,12.82663],[-13.1095,12.82657],[-13.11058,12.82646],[-13.11088,12.82573],[-13.11252,12.82585],[-13.11425,12.82607],[-13.11637,12.82596],[-13.11806,12.82605],[-13.11933,12.82611],[-13.12106,12.82624],[-13.12275,12.82608],[-13.12398,12.82583],[-13.12543,12.82604],[-13.12595,12.82628],[-13.12631,12.82666],[-13.12743,12.82714],[-13.12892,12.82818],[-13.12998,12.82912],[-13.13151,12.82975],[-13.1335,12.83195],[-13.13392,12.83205],[-13.1355,12.83263],[-13.13625,12.83283],[-13.13704,12.83326],[-13.13747,12.83322],[-13.13906,12.83353],[-13.14023,12.83383],[-13.14168,12.83376],[-13.14291,12.83392],[-13.14403,12.83375],[-13.14516,12.83373],[-13.14606,12.83338],[-13.14762,12.83318],[-13.14803,12.83327],[-13.14845,12.83351],[-13.14909,12.83468],[-13.14953,12.83648],[-13.14975,12.83714],[-13.15047,12.83876],[-13.15106,12.83955],[-13.1512,12.83988],[-13.15044,12.84069],[-13.15125,12.84247],[-13.15166,12.84431],[-13.14993,12.84515],[-13.14834,12.8464],[-13.14747,12.8471],[-13.14603,12.8478],[-13.14515,12.84906],[-13.14471,12.85019],[-13.1437,12.85103],[-13.14168,12.85142],[-13.1434,12.85301],[-13.14166,12.85261],[-13.14165,12.85311],[-13.14168,12.85377],[-13.14168,12.85404],[-13.14266,12.85554],[-13.14257,12.85631],[-13.14364,12.85721],[-13.14536,12.85808],[-13.14681,12.85856],[-13.14759,12.86001],[-13.14852,12.86017],[-13.14894,12.86045],[-13.15018,12.86163],[-13.15195,12.8624],[-13.15536,12.8637],[-13.15671,12.86451],[-13.15788,12.86476],[-13.15932,12.86552],[-13.16048,12.86643],[-13.16188,12.86686],[-13.163,12.86721],[-13.16394,12.86732],[-13.16488,12.86715],[-13.16703,12.86756],[-13.16979,12.86871],[-13.17035,12.87117],[-13.17071,12.87228],[-13.16978,12.87443],[-13.16927,12.87636],[-13.16938,12.87774],[-13.16897,12.88009],[-13.1682,12.8833],[-13.16793,12.88523],[-13.16764,12.88574],[-13.16764,12.88605],[-13.16771,12.88666],[-13.16771,12.88702],[-13.1675,12.8884],[-13.16762,12.88919],[-13.16823,12.88962],[-13.16882,12.89008],[-13.16934,12.89023],[-13.17013,12.89076],[-13.17134,12.89152],[-13.17214,12.89176],[-13.17381,12.8928],[-13.17497,12.89301],[-13.17679,12.89402],[-13.17702,12.89402],[-13.17852,12.89473],[-13.17923,12.89641],[-13.17848,12.89668],[-13.1774,12.89665],[-13.17684,12.89678],[-13.17613,12.89677],[-13.17463,12.89646],[-13.17332,12.89598],[-13.1717,12.89512],[-13.17119,12.89465],[-13.169,12.89443],[-13.16887,12.8929],[-13.16729,12.89329],[-13.16585,12.89243],[-13.16499,12.89256],[-13.16441,12.89214],[-13.16398,12.89199],[-13.1621,12.89296],[-13.16139,12.89282],[-13.15995,12.89309],[-13.15821,12.89421],[-13.1569,12.89448],[-13.15632,12.89511],[-13.15604,12.89575],[-13.1546,12.89645],[-13.15387,12.89828],[-13.15313,12.89954],[-13.1527,12.89968],[-13.15196,12.90137],[-13.15067,12.90235],[-13.15094,12.90447],[-13.14978,12.90475],[-13.14963,12.90489],[-13.14849,12.90459],[-13.14747,12.90543],[-13.14704,12.90614],[-13.14574,12.9074],[-13.144,12.90837],[-13.14327,12.90936],[-13.1414,12.90991],[-13.14196,12.91034],[-13.14154,12.91019],[-13.14168,12.91048],[-13.14066,12.91078],[-13.14098,12.91129],[-13.14124,12.9124],[-13.14173,12.91393],[-13.14263,12.9157],[-13.1429,12.91677],[-13.14343,12.91839],[-13.14341,12.91969],[-13.14362,12.92116],[-13.14404,12.92329],[-13.14415,12.92546],[-13.14418,12.92606],[-13.14417,12.92671],[-13.14446,12.9287],[-13.14465,12.92874],[-13.14581,12.92932],[-13.1467,12.92971],[-13.14824,12.93042],[-13.14917,12.93085],[-13.15006,12.93147],[-13.1515,12.9321],[-13.15238,12.93276],[-13.1527,12.93299],[-13.15284,12.93309],[-13.15468,12.9351],[-13.15483,12.93511],[-13.15607,12.93647],[-13.15658,12.93708],[-13.158,12.93849],[-13.15827,12.93914],[-13.15841,12.93928],[-13.15932,12.94096],[-13.15997,12.94194],[-13.16015,12.94231],[-13.16124,12.9439],[-13.16147,12.94464],[-13.16186,12.94607],[-13.16226,12.9472],[-13.16241,12.94946],[-13.16332,12.95118],[-13.16388,12.95349],[-13.16393,12.95364],[-13.16373,12.9545],[-13.16373,12.95465],[-13.1639,12.95516],[-13.16679,12.95872],[-13.16693,12.959],[-13.16735,12.9591],[-13.16777,12.95934],[-13.16967,12.96112],[-13.1699,12.96122],[-13.17111,12.96231],[-13.17364,12.96475],[-13.1747,12.96592],[-13.17583,12.96617],[-13.17748,12.96828],[-13.17799,12.96889],[-13.17837,12.96898],[-13.17873,12.96918],[-13.17976,12.96966],[-13.17995,12.96985],[-13.18051,12.97023],[-13.18083,12.97038],[-13.18116,12.97047],[-13.18172,12.97081],[-13.18186,12.97081],[-13.18345,12.97121],[-13.1843,12.97103],[-13.1853,12.97059],[-13.18545,12.97014],[-13.18545,12.96999],[-13.18674,12.96891],[-13.18677,12.96743],[-13.18752,12.96708],[-13.18787,12.96617],[-13.18802,12.96552],[-13.18889,12.96397],[-13.19027,12.96593],[-13.19151,12.97002],[-13.19192,12.97072],[-13.19254,12.97289],[-13.19283,12.97479],[-13.19322,12.97646],[-13.19322,12.9766],[-13.19353,12.97766],[-13.19418,12.97827],[-13.19497,12.97874],[-13.19506,12.97889],[-13.19635,12.98053],[-13.19686,12.981],[-13.197,12.98105],[-13.19797,12.98231],[-13.19897,12.98372],[-13.20012,12.98516],[-13.20026,12.98526],[-13.20252,12.98761],[-13.20359,12.98822],[-13.20387,12.98841],[-13.20503,12.98922],[-13.20549,12.98983],[-13.20581,12.99048],[-13.20632,12.99081],[-13.207,12.99207],[-13.20723,12.99244],[-13.20736,12.99305],[-13.20744,12.99374],[-13.20749,12.99402],[-13.20779,12.99513],[-13.20793,12.99546],[-13.20811,12.9962],[-13.20814,12.99643],[-13.20841,12.99731],[-13.2085,12.99745],[-13.20887,12.99824],[-13.20886,12.99847],[-13.20905,12.99866],[-13.20923,12.99917],[-13.20926,12.99968],[-13.21072,13.00082],[-13.21162,13.00149],[-13.21229,13.00236],[-13.21227,13.00346],[-13.21313,13.00445],[-13.21384,13.00503],[-13.21569,13.00615],[-13.21736,13.0063],[-13.21944,13.00617],[-13.22708,13.00695],[-13.23546,13.00919],[-13.23749,13.0102],[-13.23859,13.01082],[-13.23937,13.01242],[-13.23961,13.01329],[-13.23936,13.01481],[-13.23869,13.01638],[-13.23724,13.01686],[-13.23503,13.01594],[-13.23374,13.01518],[-13.23133,13.01638],[-13.22879,13.01817],[-13.22598,13.02079],[-13.22458,13.02137],[-13.22337,13.02212],[-13.22247,13.02333],[-13.22183,13.02412],[-13.22061,13.02433],[-13.21845,13.02409],[-13.21714,13.02412],[-13.21557,13.02507],[-13.21395,13.02643],[-13.21266,13.02792],[-13.21163,13.0278],[-13.21094,13.02836],[-13.20988,13.02926],[-13.20984,13.03017],[-13.21,13.03095],[-13.20917,13.03166],[-13.20797,13.03241],[-13.2069,13.03316],[-13.2066,13.03418],[-13.2076,13.03513],[-13.20846,13.03607],[-13.20919,13.03725],[-13.20905,13.03795],[-13.20817,13.03846],[-13.20678,13.03936],[-13.20651,13.03997],[-13.20729,13.04115],[-13.20834,13.04242],[-13.2094,13.04369],[-13.20926,13.04437],[-13.2089,13.04502],[-13.20803,13.0461],[-13.20703,13.0475],[-13.20709,13.04836],[-13.20809,13.04931],[-13.20881,13.04994],[-13.20844,13.05018],[-13.20731,13.05038],[-13.20507,13.05055],[-13.20367,13.05086],[-13.20232,13.0518],[-13.20152,13.05126],[-13.20118,13.05109],[-13.19907,13.0503],[-13.19757,13.05047],[-13.19645,13.05076],[-13.19554,13.05188],[-13.19489,13.05276],[-13.19421,13.05401],[-13.19311,13.05546],[-13.19108,13.0565],[-13.1902,13.05726],[-13.18961,13.05827],[-13.18868,13.05889],[-13.18822,13.05967],[-13.1872,13.05979],[-13.18695,13.05938],[-13.18694,13.05873],[-13.1875,13.05845],[-13.18847,13.05774],[-13.18883,13.05673],[-13.18824,13.05559],[-13.1877,13.05413],[-13.18661,13.05318],[-13.18557,13.05293],[-13.18408,13.05314],[-13.18211,13.05336],[-13.181,13.05384],[-13.18007,13.05431],[-13.17914,13.05497],[-13.17897,13.05576],[-13.17889,13.05649],[-13.17923,13.05722],[-13.17981,13.05794],[-13.17982,13.0584],[-13.17982,13.05859],[-13.17913,13.05915],[-13.17868,13.06008],[-13.17822,13.06087],[-13.17809,13.06147],[-13.17815,13.06215],[-13.17815,13.06252],[-13.17736,13.06263],[-13.17698,13.06213],[-13.176,13.06215],[-13.17516,13.06235],[-13.17414,13.06301],[-13.17271,13.06437],[-13.17127,13.06485],[-13.17042,13.06468],[-13.16941,13.0636],[-13.16803,13.06229],[-13.16621,13.06031],[-13.16512,13.05927],[-13.16411,13.05777],[-13.16381,13.05662],[-13.16459,13.05565],[-13.16545,13.05453],[-13.1666,13.05337],[-13.168,13.05233],[-13.16821,13.05127],[-13.16721,13.05046],[-13.16548,13.05026],[-13.16355,13.05021],[-13.16092,13.04966],[-13.15898,13.04909],[-13.15744,13.04922],[-13.15581,13.0496],[-13.15474,13.05036],[-13.15443,13.05097],[-13.15458,13.05193],[-13.1546,13.05261],[-13.15439,13.05377],[-13.15365,13.0546],[-13.15248,13.05481],[-13.15084,13.05461],[-13.14924,13.05427],[-13.14819,13.05351],[-13.14705,13.05229],[-13.14499,13.05007],[-13.14405,13.04954],[-13.14353,13.04936],[-13.14273,13.04919],[-13.14213,13.04957],[-13.14149,13.0504],[-13.14066,13.05134],[-13.13951,13.05247],[-13.13789,13.05337],[-13.13682,13.05418],[-13.13546,13.05438],[-13.13378,13.05418],[-13.13227,13.05365],[-13.13058,13.05331],[-13.12817,13.05276],[-13.12634,13.05233],[-13.12444,13.05099],[-13.12307,13.04995],[-13.12017,13.04753],[-13.11831,13.04623],[-13.11689,13.04534],[-13.11543,13.04477],[-13.11402,13.04457],[-13.11231,13.04354],[-13.11038,13.04289],[-13.10827,13.04237],[-13.10555,13.04214],[-13.10362,13.04158],[-13.10186,13.04069],[-13.10063,13.03966],[-13.09968,13.03858],[-13.09842,13.03662],[-13.09761,13.03576],[-13.09595,13.03483],[-13.09439,13.03398],[-13.09302,13.03341],[-13.09193,13.03261],[-13.09107,13.03161],[-13.09021,13.03062],[-13.0894,13.02976],[-13.08826,13.02909],[-13.08756,13.02874],[-13.08587,13.02862],[-13.08488,13.02878],[-13.08331,13.02959],[-13.08191,13.03003],[-13.08024,13.0308],[-13.0787,13.03133],[-13.0781,13.03188],[-13.0776,13.03314],[-13.07678,13.03439],[-13.07624,13.0354],[-13.07514,13.03671],[-13.07441,13.03759],[-13.07339,13.03872],[-13.07238,13.0396],[-13.07114,13.04073],[-13.07082,13.04119],[-13.07079,13.04207],[-13.07089,13.04289],[-13.07087,13.04413],[-13.07043,13.04565],[-13.06965,13.04668],[-13.06855,13.04798],[-13.06777,13.04882],[-13.06723,13.05007],[-13.06618,13.05161],[-13.06554,13.05231],[-13.06479,13.05282],[-13.06283,13.05285],[-13.06128,13.05307],[-13.06049,13.05308],[-13.05974,13.05318],[-13.05914,13.05388],[-13.05845,13.0544],[-13.05766,13.05479],[-13.05687,13.05544],[-13.05609,13.05582],[-13.05503,13.05685],[-13.05411,13.05819],[-13.05356,13.05876],[-13.05316,13.05978],[-13.05317,13.0606],[-13.05309,13.06138],[-13.05256,13.06281],[-13.05229,13.06387],[-13.05174,13.06453],[-13.05113,13.06453],[-13.05005,13.06437],[-13.04929,13.06374],[-13.04863,13.06302],[-13.04819,13.06224],[-13.04719,13.06116],[-13.04627,13.0599],[-13.04532,13.05891],[-13.04422,13.058],[-13.04389,13.05768],[-13.04271,13.05752],[-13.04192,13.05768],[-13.04094,13.05755],[-13.04023,13.0577],[-13.03846,13.05806],[-13.03739,13.05808],[-13.0364,13.05819],[-13.03485,13.05821],[-13.03396,13.05768],[-13.03199,13.05757],[-13.03105,13.05741],[-13.02959,13.05697],[-13.02832,13.05681],[-13.0264,13.05643],[-13.02438,13.05628],[-13.02382,13.05662],[-13.02336,13.0568],[-13.02243,13.05756],[-13.0217,13.05885],[-13.02107,13.06001],[-13.02038,13.0608],[-13.01994,13.0621],[-13.01972,13.06298],[-13.02034,13.06369],[-13.02072,13.0641],[-13.02092,13.06488],[-13.02116,13.06534],[-13.0214,13.06566],[-13.02169,13.0662],[-13.02147,13.06675],[-13.02064,13.06741],[-13.02008,13.06792],[-13.0192,13.06794],[-13.01793,13.0681],[-13.01708,13.06747],[-13.01613,13.06721],[-13.01539,13.0675],[-13.01488,13.06796],[-13.01364,13.06909],[-13.01276,13.0697],[-13.01163,13.06972],[-13.01038,13.06988],[-13.00868,13.06978],[-13.00677,13.06963],[-13.00517,13.06961],[-13.00415,13.06985],[-13.00262,13.07107],[-13.00156,13.07205],[-13.00043,13.07262],[-12.99842,13.07515],[-12.99554,13.07527],[-12.99292,13.07737],[-12.99217,13.0816],[-12.99029,13.08215],[-12.98886,13.07957],[-12.98803,13.07795],[-12.9843,13.0749],[-12.982,13.07474],[-12.97969,13.07472],[-12.97838,13.07599],[-12.97794,13.07697],[-12.97548,13.07893],[-12.97406,13.0775],[-12.97284,13.07626],[-12.97174,13.07477],[-12.96934,13.07238],[-12.96835,13.07096],[-12.96658,13.06928],[-12.96413,13.06976],[-12.96318,13.07094],[-12.96133,13.07189],[-12.95923,13.07584],[-12.95531,13.0789],[-12.95314,13.08031],[-12.95055,13.08057],[-12.9492,13.0782],[-12.94789,13.0773],[-12.9473,13.07619],[-12.94642,13.07475],[-12.94521,13.07367],[-12.94354,13.07472],[-12.94022,13.07512],[-12.93531,13.07748],[-12.93269,13.08042],[-12.93023,13.08167],[-12.92947,13.07953],[-12.93098,13.07815],[-12.93316,13.07591],[-12.93553,13.06802],[-12.93569,13.0659],[-12.93377,13.06323],[-12.92979,13.06501],[-12.92619,13.06484],[-12.92361,13.06354],[-12.92033,13.05985],[-12.9189,13.05786],[-12.91774,13.05799],[-12.91414,13.05923],[-12.91503,13.05609],[-12.91605,13.05501],[-12.91621,13.05261],[-12.91593,13.05176],[-12.91537,13.04977],[-12.91509,13.04864],[-12.91436,13.04613],[-12.91456,13.04521],[-12.91253,13.04397],[-12.9101,13.04295],[-12.90851,13.04351],[-12.90553,13.04479],[-12.90371,13.04912],[-12.90208,13.05014],[-12.90099,13.0504],[-12.90048,13.05012],[-12.89992,13.04983],[-12.89351,13.04635],[-12.88992,13.04396],[-12.88606,13.04177],[-12.88248,13.03934],[-12.88121,13.03796],[-12.88079,13.03781],[-12.87907,13.0331],[-12.87944,13.02891],[-12.8784,13.02612],[-12.87362,13.02404],[-12.87239,13.02512],[-12.87078,13.02682],[-12.87034,13.02724],[-12.86774,13.02877],[-12.86561,13.02466],[-12.86231,13.02294],[-12.86516,13.01684],[-12.86577,13.01629],[-12.86615,13.0157],[-12.86616,13.01557],[-12.86382,13.01532],[-12.86251,13.01588],[-12.86166,13.0153],[-12.86021,13.01544],[-12.85878,13.01514],[-12.8572,13.01471],[-12.85476,13.0144],[-12.85305,13.01071],[-12.85091,13.00929],[-12.84947,13.00899],[-12.84614,13.01108],[-12.84461,13.01203],[-12.84319,13.01317],[-12.8415,13.01514],[-12.83901,13.01865],[-12.83529,13.01692],[-12.83158,13.01251],[-12.82988,13.00883],[-12.82963,13.00544],[-12.82992,13.00502],[-12.82907,13.00402],[-12.82763,13.00245],[-12.82707,13.00132],[-12.82708,13.00061],[-12.82565,12.99976],[-12.82496,12.99641],[-12.82157,12.99711],[-12.8135,12.99648],[-12.81136,12.99836],[-12.80937,13.00046],[-12.81136,13.00316],[-12.81394,13.00431],[-12.82008,13.01072],[-12.81935,13.0162],[-12.81929,13.01848],[-12.81583,13.01873],[-12.81538,13.02085],[-12.81307,13.02224],[-12.81035,13.01982],[-12.80703,13.01623],[-12.8065,13.01646],[-12.80622,13.01682],[-12.80755,13.01914],[-12.8082,13.02003],[-12.81162,13.02336],[-12.81273,13.02538],[-12.81328,13.03043],[-12.81112,13.03126],[-12.80952,13.03281],[-12.80391,13.03261],[-12.80074,13.03244],[-12.79815,13.03256],[-12.79655,13.03326],[-12.79969,13.03724],[-12.79909,13.03977],[-12.79349,13.03804],[-12.79119,13.03702],[-12.78946,13.03701],[-12.7873,13.03714],[-12.7798,13.03876],[-12.77607,13.03717],[-12.77501,13.0362],[-12.77477,13.03688],[-12.77539,13.03998],[-12.77574,13.04155],[-12.77679,13.04359],[-12.77589,13.04782],[-12.77541,13.04841],[-12.77562,13.05054],[-12.7762,13.05412],[-12.77403,13.0558],[-12.77273,13.05579],[-12.76768,13.0573],[-12.76718,13.05724],[-12.76709,13.05722],[-12.76443,13.05691],[-12.76135,13.05654],[-12.75879,13.05355],[-12.75862,13.05539],[-12.76113,13.05763],[-12.76415,13.06503],[-12.7624,13.07166],[-12.76205,13.0749],[-12.76059,13.07615],[-12.75829,13.07642],[-12.75736,13.07579],[-12.75542,13.07541],[-12.75341,13.07242],[-12.75225,13.07149],[-12.75178,13.07125],[-12.75131,13.07124],[-12.7508,13.0765],[-12.74991,13.07946],[-12.7476,13.08014],[-12.74286,13.07854],[-12.74057,13.07768],[-12.73783,13.0778],[-12.73453,13.07607],[-12.72967,13.07123],[-12.72506,13.07215],[-12.72378,13.07278],[-12.72231,13.07374],[-12.72107,13.07446],[-12.71989,13.07513],[-12.7189,13.07511],[-12.71703,13.08076],[-12.71718,13.08269],[-12.72091,13.08428],[-12.71926,13.09246],[-12.71262,13.09395],[-12.70945,13.09336],[-12.70714,13.09376],[-12.70556,13.09347],[-12.70355,13.09359],[-12.69999,13.0928],[-12.69984,13.09293],[-12.69984,13.09321],[-12.70002,13.09892],[-12.69872,13.10089],[-12.69739,13.10483],[-12.69335,13.10578],[-12.68901,13.10701],[-12.68555,13.1062],[-12.68654,13.10957],[-12.68672,13.11008],[-12.68676,13.11082],[-12.68695,13.11372],[-12.68718,13.11899],[-12.67961,13.12627],[-12.67579,13.12495],[-12.67397,13.12705],[-12.67387,13.12738],[-12.67395,13.1318],[-12.67402,13.1335],[-12.6749,13.13739],[-12.67287,13.1385],[-12.67036,13.1393],[-12.66894,13.14256],[-12.6711,13.14356],[-12.67454,13.14529],[-12.67672,13.1463],[-12.67671,13.14643],[-12.67584,13.14872],[-12.67498,13.14931],[-12.67417,13.15064],[-12.67535,13.14925],[-12.67255,13.15545],[-12.67287,13.15573],[-12.67348,13.15639],[-12.67393,13.15676],[-12.67393,13.1569],[-12.67393,13.15736],[-12.67347,13.15966],[-12.67425,13.16182],[-12.67538,13.1647],[-12.67455,13.16685],[-12.67432,13.16858],[-12.67531,13.17071],[-12.67571,13.1734],[-12.67583,13.17594],[-12.6731,13.17493],[-12.67065,13.17434],[-12.66764,13.17332],[-12.66504,13.17372],[-12.6633,13.17526],[-12.65984,13.17593],[-12.65867,13.17762],[-12.65777,13.18071],[-12.65574,13.18211],[-12.65393,13.18142],[-12.64994,13.17699],[-12.64523,13.18089],[-12.6389,13.18237],[-12.63843,13.18246],[-12.63776,13.18347],[-12.63605,13.18805],[-12.63623,13.18837],[-12.63674,13.18916],[-12.63577,13.19181],[-12.63447,13.193],[-12.63169,13.19671],[-12.62968,13.19613],[-12.62969,13.19533],[-12.62509,13.19369],[-12.62032,13.19449],[-12.61825,13.19269],[-12.61199,13.19215],[-12.60608,13.19064],[-12.60552,13.19082],[-12.60476,13.19118],[-12.60564,13.19266],[-12.60722,13.19347],[-12.60664,13.19451],[-12.60447,13.19562],[-12.60173,13.19474],[-12.59982,13.19434],[-12.5966,13.19623],[-12.59583,13.19696],[-12.59587,13.19802],[-12.59663,13.20079],[-12.5963,13.20599],[-12.5957,13.20795],[-12.59458,13.20891],[-12.59386,13.20959],[-12.59094,13.20904],[-12.59108,13.20848],[-12.58819,13.20944],[-12.5866,13.20739],[-12.5853,13.207],[-12.58479,13.20543],[-12.58378,13.20108],[-12.58365,13.19956],[-12.58282,13.19872],[-12.58217,13.19834],[-12.58138,13.19935],[-12.58064,13.20075],[-12.57905,13.20201],[-12.57802,13.20285],[-12.57543,13.20296],[-12.57284,13.20294],[-12.56953,13.2029],[-12.56979,13.20177],[-12.56853,13.20134],[-12.56698,13.19752],[-12.56699,13.19718],[-12.56625,13.19578],[-12.56539,13.1936],[-12.56286,13.19155],[-12.55842,13.18925],[-12.55633,13.18529],[-12.55506,13.18514],[-12.5545,13.18471],[-12.55136,13.18444],[-12.54902,13.18308],[-12.54837,13.1833],[-12.5469,13.1836],[-12.54647,13.18433],[-12.54476,13.18537],[-12.5439,13.18699],[-12.54204,13.18768],[-12.5401,13.18844],[-12.53841,13.18855],[-12.53734,13.18803],[-12.53734,13.18789],[-12.5366,13.18678],[-12.53572,13.18579],[-12.5354,13.18542],[-12.53414,13.18453],[-12.53324,13.18433],[-12.53164,13.18491],[-12.53051,13.18629],[-12.52906,13.18727],[-12.52532,13.18897],[-12.52303,13.1854],[-12.52247,13.18507],[-12.52068,13.18481],[-12.5204,13.18463],[-12.5197,13.18447],[-12.51814,13.18473],[-12.51796,13.18716],[-12.51736,13.18998],[-12.51705,13.19224],[-12.51445,13.19302],[-12.51321,13.19387],[-12.51169,13.19487],[-12.51081,13.19584],[-12.50865,13.19512],[-12.50742,13.19448],[-12.50518,13.19721],[-12.50257,13.19845],[-12.50128,13.1983],[-12.50028,13.19715],[-12.49885,13.19658],[-12.49681,13.19623],[-12.49521,13.19616],[-12.49415,13.19555],[-12.49414,13.19555],[-12.49368,13.19539],[-12.49279,13.19507],[-12.49205,13.19438],[-12.49199,13.19432],[-12.49067,13.19509],[-12.48976,13.19609],[-12.48853,13.19667],[-12.48779,13.19818],[-12.48736,13.19946],[-12.48818,13.20076],[-12.4884,13.2016],[-12.48853,13.20238],[-12.48768,13.20292],[-12.48631,13.20332],[-12.4858,13.20322],[-12.48466,13.20362],[-12.48409,13.20417],[-12.48384,13.20476],[-12.48406,13.206],[-12.48278,13.207],[-12.48231,13.20731],[-12.48094,13.20739],[-12.48053,13.20923],[-12.48094,13.21038],[-12.48035,13.21157],[-12.48006,13.21244],[-12.47943,13.21386],[-12.47908,13.21524],[-12.4785,13.21601],[-12.47834,13.21762],[-12.47747,13.2189],[-12.47707,13.22074],[-12.47619,13.22256],[-12.47584,13.22467],[-12.47521,13.22582],[-12.47504,13.22789],[-12.47437,13.22853],[-12.4742,13.23013],[-12.47418,13.23165],[-12.47417,13.23281],[-12.47284,13.23316],[-12.47176,13.23324],[-12.47025,13.23335],[-12.46963,13.23371],[-12.46831,13.23429],[-12.46712,13.23529],[-12.46668,13.23657],[-12.46667,13.23682],[-12.46666,13.23739],[-12.46644,13.23773],[-12.46606,13.23836],[-12.46549,13.23925],[-12.46103,13.23934],[-12.46042,13.23962],[-12.46186,13.24246],[-12.46149,13.24695],[-12.46062,13.25022],[-12.4576,13.25047],[-12.4564,13.25511],[-12.45306,13.25663],[-12.45149,13.25791],[-12.45056,13.25984],[-12.44902,13.25908],[-12.44727,13.26002],[-12.44529,13.26313],[-12.44416,13.26348],[-12.44289,13.26347],[-12.44129,13.26377],[-12.44118,13.26459],[-12.43845,13.26778],[-12.43348,13.27],[-12.43118,13.26919],[-12.4302,13.26899],[-12.42899,13.2711],[-12.4221,13.27271],[-12.42203,13.27524],[-12.42127,13.27834],[-12.41819,13.28381],[-12.41701,13.28564],[-12.41386,13.28476],[-12.4062,13.28173],[-12.40544,13.28247],[-12.40383,13.28235],[-12.40203,13.28375],[-12.38583,13.29082],[-12.38337,13.2922],[-12.37941,13.29199],[-12.37737,13.29275],[-12.37593,13.29144],[-12.37327,13.29034],[-12.36243,13.28323],[-12.35843,13.27896],[-12.35043,13.27592],[-12.34892,13.27382],[-12.34804,13.2722],[-12.34708,13.27058],[-12.34644,13.26905],[-12.3458,13.26807],[-12.34475,13.26612],[-12.33986,13.25979],[-12.33898,13.25895],[-12.3328,13.25946],[-12.33134,13.25986],[-12.32586,13.26148],[-12.3244,13.26431],[-12.3244,13.26872],[-12.32478,13.27656],[-12.32448,13.27808],[-12.32396,13.27807],[-12.31679,13.28515],[-12.31592,13.28684],[-12.313,13.29138],[-12.31177,13.29309],[-12.31171,13.30091],[-12.31124,13.30357],[-12.31116,13.30571],[-12.31112,13.30832],[-12.31124,13.31248],[-12.30996,13.31627],[-12.30949,13.31659],[-12.30895,13.31736],[-12.30757,13.31851],[-12.30743,13.31837],[-12.30109,13.3176],[-12.29496,13.31615],[-12.29434,13.31596],[-12.29275,13.31529],[-12.2906,13.31452],[-12.28906,13.31418],[-12.2883,13.31407],[-12.28665,13.31442],[-12.2857,13.31441],[-12.28471,13.31462],[-12.28411,13.31466],[-12.2833,13.31464],[-12.28207,13.3149],[-12.28066,13.31497],[-12.27911,13.3149],[-12.27779,13.31493],[-12.27657,13.31537],[-12.27563,13.31545],[-12.2745,13.31571],[-12.27398,13.31574],[-12.27317,13.31573],[-12.27266,13.31577],[-12.2722,13.31558],[-12.27149,13.31534],[-12.27088,13.31496],[-12.27,13.31477],[-12.26902,13.31442],[-12.26803,13.31422],[-12.26686,13.3138],[-12.26536,13.3135],[-12.26437,13.31339],[-12.2632,13.31296],[-12.26245,13.31295],[-12.2617,13.31285],[-12.26123,13.31265],[-12.26048,13.31237],[-12.25974,13.31208],[-12.25884,13.31193],[-12.25818,13.31201],[-12.25701,13.31181],[-12.25649,13.31134],[-12.25598,13.3117],[-12.25522,13.31215],[-12.25459,13.31279],[-12.25411,13.31338],[-12.25373,13.31393],[-12.25287,13.31474],[-12.25158,13.31592],[-12.25074,13.31573],[-12.24909,13.31565],[-12.24783,13.3155],[-12.24665,13.31553],[-12.24542,13.31588],[-12.24405,13.31627],[-12.24315,13.31635],[-12.24192,13.3167],[-12.24131,13.31706],[-12.24012,13.31778],[-12.23898,13.31845],[-12.23818,13.31867],[-12.23723,13.31898],[-12.23661,13.31929],[-12.23599,13.31988],[-12.23471,13.3205],[-12.23381,13.32113],[-12.23267,13.32181],[-12.23186,13.32226],[-12.23147,13.32336],[-12.23092,13.32524],[-12.23006,13.32639],[-12.22972,13.32725],[-12.22914,13.32794],[-12.22889,13.32876],[-12.22846,13.32949],[-12.22769,13.33062],[-12.2273,13.33122],[-12.22662,13.33245],[-12.226,13.3328],[-12.22528,13.3338],[-12.22494,13.33454],[-12.22446,13.33519],[-12.22337,13.33562],[-12.22322,13.33632],[-12.22278,13.33691],[-12.22221,13.33768],[-12.2222,13.33823],[-12.22189,13.33915],[-12.2225,13.34014],[-12.22318,13.34129],[-12.22336,13.34189],[-12.22386,13.34293],[-12.22463,13.3435],[-12.22543,13.34391],[-12.22627,13.34406],[-12.22704,13.34415],[-12.2277,13.34466],[-12.2279,13.34521],[-12.22795,13.34647],[-12.22854,13.34744],[-12.22968,13.34832],[-12.23042,13.34885],[-12.23116,13.34959],[-12.23168,13.35047],[-12.23212,13.35191],[-12.23266,13.35265],[-12.23302,13.35345],[-12.23342,13.35424],[-12.23384,13.35485],[-12.23471,13.35582],[-12.23587,13.35681],[-12.23643,13.35746],[-12.23713,13.35816],[-12.24509,13.37028],[-12.25306,13.3824],[-12.26103,13.39452],[-12.2613,13.39544],[-12.2618,13.39623],[-12.26186,13.39701],[-12.26188,13.39766],[-12.26132,13.39952],[-12.26093,13.40082],[-12.26063,13.40174],[-12.25997,13.40311],[-12.25985,13.40415],[-12.25995,13.40512],[-12.25997,13.40616],[-12.26051,13.40666],[-12.2605,13.40739],[-12.26072,13.408],[-12.26085,13.40888],[-12.26089,13.40947],[-12.26098,13.4098],[-12.26149,13.41008],[-12.26186,13.41036],[-12.26241,13.41097],[-12.26297,13.41176],[-12.26305,13.41263],[-12.26294,13.41342],[-12.26284,13.4141],[-12.26259,13.41498],[-12.26214,13.41607],[-12.26153,13.41648],[-12.26072,13.41711],[-12.26009,13.41779],[-12.25957,13.41852],[-12.25917,13.41948],[-12.2587,13.4198],[-12.25821,13.42085],[-12.25815,13.42174],[-12.25724,13.42269],[-12.25686,13.42314],[-12.25624,13.42341],[-12.25529,13.42377],[-12.25449,13.42379],[-12.25374,13.42382],[-12.25209,13.4238],[-12.25137,13.42467],[-12.25107,13.42564],[-12.25077,13.42678],[-12.25052,13.42811],[-12.25069,13.42931],[-12.25053,13.43032],[-12.25043,13.43046],[-12.25009,13.43142],[-12.24998,13.43207],[-12.24992,13.43299],[-12.25028,13.43391],[-12.25004,13.43459],[-12.24979,13.43533],[-12.24964,13.43597],[-12.24991,13.43681],[-12.24984,13.43773],[-12.24955,13.43864],[-12.24939,13.43942],[-12.24906,13.43992],[-12.24825,13.44051],[-12.24832,13.4417],[-12.24845,13.44263],[-12.24862,13.44359],[-12.24851,13.44475],[-12.2485,13.4453],[-12.24849,13.44604],[-12.24861,13.44696],[-12.24826,13.44842],[-12.24813,13.4492],[-12.24826,13.44999],[-12.24861,13.45069],[-12.24887,13.45156],[-12.24928,13.45244],[-12.2496,13.45319],[-12.24992,13.45383],[-12.2501,13.45449],[-12.25022,13.4555],[-12.24966,13.45669],[-12.24893,13.45725],[-12.24789,13.45733],[-12.24777,13.45732],[-12.24719,13.45726],[-12.24647,13.45734],[-12.24567,13.45741],[-12.24566,13.45742],[-12.24539,13.45794],[-12.24528,13.45815],[-12.2447,13.45933],[-12.24313,13.46101],[-12.24118,13.46059],[-12.23694,13.45939],[-12.23377,13.45682],[-12.23344,13.45677],[-12.23251,13.45611],[-12.23191,13.45578],[-12.22888,13.45339],[-12.2279,13.45291],[-12.22711,13.45244],[-12.22588,13.45306],[-12.22559,13.45343],[-12.22492,13.45397],[-12.22346,13.45463],[-12.22169,13.45353],[-12.21342,13.44869],[-12.21235,13.44794],[-12.20231,13.44366],[-12.2008,13.44333],[-12.19853,13.44151],[-12.19795,13.43963],[-12.19665,13.4383],[-12.19617,13.43834],[-12.18585,13.43261],[-12.17552,13.42689],[-12.1652,13.42116],[-12.16497,13.42065],[-12.16328,13.42063],[-12.16314,13.42025],[-12.16254,13.41951],[-12.15996,13.41888],[-12.15864,13.41904],[-12.1577,13.41875],[-12.15644,13.41835],[-12.15414,13.41805],[-12.15177,13.41723],[-12.14904,13.41636],[-12.14574,13.41368],[-12.14542,13.41326],[-12.14464,13.4121],[-12.1441,13.40749],[-12.14354,13.40599],[-12.14212,13.40221],[-12.14087,13.40067],[-12.13866,13.39787],[-12.13565,13.39507],[-12.13351,13.39306],[-12.1284,13.39252],[-12.12567,13.39206],[-12.12417,13.39168],[-12.12386,13.39089],[-12.12266,13.3893],[-12.11969,13.38724],[-12.11669,13.38599],[-12.11395,13.38424],[-12.11038,13.38055],[-12.10777,13.37641],[-12.10525,13.37662],[-12.10281,13.37659],[-12.09879,13.3764],[-12.09707,13.37483],[-12.09146,13.37187],[-12.08816,13.37191],[-12.08498,13.37258],[-12.08111,13.37154],[-12.07981,13.37139],[-12.07892,13.37122],[-12.07766,13.37079],[-12.07306,13.36943],[-12.07055,13.36792],[-12.06686,13.36371],[-12.06276,13.36342],[-12.05948,13.36107],[-12.05651,13.35877],[-12.05618,13.35835],[-12.05223,13.35842],[-12.04938,13.36129],[-12.04738,13.36135],[-12.04577,13.36167],[-12.04373,13.36308],[-12.04246,13.3632],[-12.0404,13.36457],[-12.03808,13.36624],[-12.03502,13.36889],[-12.03284,13.36971],[-12.03242,13.37018],[-12.03065,13.37208],[-12.02864,13.37191],[-12.02762,13.37006],[-12.02871,13.36694],[-12.02994,13.36595],[-12.0299,13.36553],[-12.0302,13.36461],[-12.0297,13.36379],[-12.02944,13.36263],[-12.02994,13.36066],[-12.02979,13.35854],[-12.02999,13.35767],[-12.03053,13.35653],[-12.03157,13.35586],[-12.03128,13.34812],[-12.0307,13.34663],[-12.02988,13.34496],[-12.0287,13.34326],[-12.02795,13.34208],[-12.03044,13.33365],[-12.03406,13.32922],[-12.03566,13.3274],[-12.03155,13.32242],[-12.03127,13.31751],[-12.03143,13.31687],[-12.03163,13.31578],[-12.03101,13.3136],[-12.03031,13.31312],[-12.02904,13.31301],[-12.0281,13.3129],[-12.02735,13.31303],[-12.02383,13.31261],[-12.02342,13.31204],[-12.0185,13.31115],[-12.01401,13.3125],[-12.01363,13.31281],[-12.01329,13.31309],[-12.01231,13.31528],[-12.00992,13.31767],[-12.00982,13.31804],[-12.00953,13.31832],[-12.009,13.3196],[-12.00774,13.3211],[-12.0075,13.32165],[-12.00689,13.32452],[-12.00614,13.32592],[-12.00369,13.32646],[-11.9988,13.32556],[-11.99456,13.32543],[-11.99363,13.32661],[-11.99217,13.32827],[-11.99057,13.32984],[-11.98912,13.32967],[-11.98719,13.32962],[-11.9861,13.33017],[-11.9847,13.3316],[-11.98362,13.3328],[-11.98161,13.33524],[-11.97992,13.33746],[-11.97795,13.33944],[-11.97692,13.33981],[-11.97518,13.34059],[-11.97292,13.34152],[-11.97076,13.34382],[-11.96893,13.34553],[-11.96814,13.34756],[-11.96584,13.34986],[-11.96354,13.35124],[-11.96232,13.35364],[-11.96233,13.35484],[-11.96214,13.35663],[-11.96162,13.35788],[-11.9605,13.35931],[-11.95933,13.36111],[-11.95717,13.36359],[-11.95529,13.36553],[-11.95313,13.3659],[-11.95097,13.36664],[-11.9481,13.36682],[-11.94688,13.36632],[-11.94626,13.36619],[-11.94523,13.36563],[-11.94391,13.36536],[-11.94222,13.3644],[-11.93995,13.36398],[-11.93859,13.36394],[-11.93728,13.36491],[-11.93577,13.36559],[-11.93437,13.36578],[-11.93295,13.36615],[-11.93121,13.36661],[-11.93037,13.36703],[-11.92986,13.36744],[-11.92892,13.36887],[-11.92751,13.37035],[-11.92647,13.37159],[-11.92502,13.37214],[-11.92393,13.37196],[-11.92281,13.37205],[-11.92205,13.37205],[-11.92088,13.37192],[-11.91951,13.3721],[-11.91801,13.3721],[-11.91698,13.37206],[-11.9157,13.37225],[-11.91369,13.37261],[-11.91269,13.37308],[-11.9111,13.37358],[-11.90918,13.37418],[-11.90729,13.37488],[-11.90494,13.37529],[-11.90254,13.37649],[-11.90179,13.3775],[-11.89963,13.37967],[-11.89696,13.38129],[-11.89531,13.38208],[-11.89334,13.38226],[-11.89122,13.38259],[-11.88782,13.38481],[-11.88863,13.38652],[-11.88845,13.38822],[-11.88807,13.38983],[-11.88765,13.39177],[-11.88667,13.39407],[-11.88588,13.39693],[-11.88423,13.40094],[-11.88283,13.40431],[-11.88124,13.40698],[-11.88001,13.4097],[-11.87898,13.41163],[-11.87797,13.41467],[-11.87666,13.41799],[-11.87562,13.42048],[-11.87511,13.42227],[-11.87426,13.42417],[-11.87366,13.42638],[-11.87253,13.42762],[-11.87093,13.42909],[-11.8692,13.43007],[-11.86769,13.43145],[-11.86623,13.43297],[-11.86534,13.43477],[-11.86521,13.43477],[-11.86465,13.43744],[-11.86418,13.44002],[-11.86438,13.4444],[-11.86458,13.44914],[-11.86523,13.45191],[-11.86562,13.45462],[-11.86689,13.45812],[-11.86826,13.46029],[-11.86954,13.46279],[-11.87082,13.46513],[-11.87284,13.46651],[-11.87688,13.4684],[-11.87966,13.46922],[-11.88206,13.47088],[-11.8904,13.47562],[-11.89219,13.47682],[-11.89441,13.48045],[-11.89607,13.48488],[-11.89795,13.48879],[-11.90083,13.49165],[-11.90498,13.49349],[-11.90752,13.49431],[-11.91133,13.49601],[-11.91496,13.49735],[-11.91868,13.50015],[-11.92231,13.50346],[-11.92434,13.50609],[-11.9268,13.51024],[-11.92949,13.51359],[-11.93067,13.51512],[-11.9326,13.51667],[-11.93533,13.51718],[-11.93839,13.51805],[-11.94159,13.51864],[-11.94672,13.51988],[-11.94955,13.52071],[-11.95176,13.5214],[-11.95407,13.52342],[-11.95681,13.52651],[-11.9586,13.52821],[-11.9603,13.5294],[-11.96303,13.5312],[-11.96572,13.53245],[-11.96864,13.53429],[-11.97057,13.53534],[-11.97212,13.53746],[-11.97284,13.53981],[-11.9728,13.54243],[-11.97309,13.54524],[-11.97365,13.54718],[-11.97437,13.54902],[-11.97682,13.55251],[-11.97899,13.55514],[-11.98126,13.55758],[-11.98276,13.55974],[-11.98465,13.5614],[-11.98691,13.56309],[-11.98903,13.56466],[-11.9913,13.56512],[-11.99449,13.56585],[-11.99563,13.56636],[-11.99652,13.56654],[-11.99812,13.56765],[-11.99869,13.56903],[-11.99893,13.57092],[-11.99917,13.57372],[-11.99913,13.57571],[-11.99833,13.57731],[-11.99787,13.58036],[-11.99787,13.58238],[-11.99769,13.58413],[-11.99797,13.58616],[-11.99868,13.58777],[-11.99969,13.58918],[-12.00104,13.59037],[-12.00296,13.59194],[-12.00508,13.59259],[-12.00747,13.59403],[-12.00944,13.59514],[-12.0117,13.59672],[-12.01357,13.59866],[-12.01578,13.6006],[-12.01971,13.60499],[-12.02074,13.60609],[-12.02251,13.60984],[-12.02316,13.61094],[-12.02439,13.61195],[-12.03631,13.62086],[-12.03823,13.62307],[-12.03884,13.6239],[-12.03963,13.62533],[-12.03995,13.62625],[-12.04019,13.62768],[-12.0405,13.63081],[-12.04011,13.63362],[-12.03925,13.63674],[-12.03868,13.63997],[-12.03843,13.64291],[-12.03817,13.64682],[-12.03817,13.64857],[-12.03821,13.64972],[-12.03844,13.65092],[-12.03965,13.6553],[-12.04011,13.65764],[-12.04061,13.66027],[-12.0405,13.66294],[-12.04125,13.6664],[-12.04167,13.6674],[-12.04261,13.66833],[-12.04458,13.66962],[-12.0464,13.6712],[-12.04729,13.67258],[-12.04795,13.67369],[-12.04828,13.67507],[-12.04841,13.67636],[-12.04849,13.67784],[-12.04844,13.67996],[-12.04843,13.68101],[-12.049,13.68235],[-12.04965,13.68373],[-12.05073,13.68461],[-12.05251,13.68618],[-12.05458,13.68762],[-12.05631,13.68869],[-12.05758,13.68997],[-12.05795,13.69136],[-12.05795,13.69228],[-12.05779,13.69481],[-12.05897,13.69639],[-12.06154,13.69986],[-12.06417,13.70184],[-12.06721,13.7046],[-12.06886,13.70688],[-12.07124,13.71254],[-12.07225,13.71535],[-12.07361,13.71907],[-12.07415,13.71998],[-12.07394,13.71997],[-12.07386,13.71976],[-12.07358,13.72023],[-12.07229,13.71996],[-12.07068,13.71982],[-12.06894,13.72004],[-12.06767,13.72045],[-12.06625,13.72109],[-12.06507,13.72214],[-12.06431,13.72329],[-12.06361,13.72435],[-12.06284,13.72618],[-12.06208,13.72811],[-12.06105,13.72797],[-12.06039,13.72769],[-12.05888,13.7281],[-12.05789,13.72943],[-12.05708,13.72993],[-12.05506,13.73043],[-12.05298,13.73056],[-12.05185,13.73115],[-12.05081,13.73216],[-12.04991,13.73192],[-12.04878,13.73202],[-12.04747,13.73243],[-12.04477,13.73444],[-12.04322,13.73425],[-12.04153,13.73475],[-12.04044,13.73534],[-12.03954,13.73598],[-12.03783,13.73882],[-12.03726,13.73956],[-12.03622,13.73997],[-12.03161,13.74105],[-12.03062,13.74105],[-12.02878,13.74289],[-12.02755,13.74348],[-12.0257,13.74425],[-12.02334,13.74663],[-12.02286,13.74728],[-12.02211,13.74732],[-12.01961,13.7485],[-12.01942,13.74883],[-12.0188,13.75062],[-12.01856,13.75122],[-12.01776,13.75186],[-12.01677,13.75195],[-12.01225,13.75147],[-12.01074,13.75165],[-12.00971,13.75242],[-12.00913,13.75334],[-12.00847,13.75408],[-12.00777,13.75444],[-12.00654,13.75494],[-12.0055,13.75553],[-12.00502,13.75599],[-12.00483,13.757],[-12.00427,13.75811],[-12.00369,13.75911],[-12.00369,13.76012],[-12.00373,13.7615],[-12.004,13.76275],[-12.00409,13.76362],[-12.00419,13.76377],[-12.00296,13.76403],[-12.00164,13.76477],[-12.00084,13.76596],[-12.00085,13.76607],[-12.00011,13.76633],[-11.99892,13.76676],[-11.99549,13.76897],[-11.99295,13.77049],[-11.99054,13.77207],[-11.98942,13.77281],[-11.98886,13.77378],[-11.98834,13.77465],[-11.98754,13.77613],[-11.98703,13.77751],[-11.98637,13.77793],[-11.98571,13.77797],[-11.98448,13.77848],[-11.98369,13.7794],[-11.98312,13.77991],[-11.98204,13.78231],[-11.98091,13.78392],[-11.98049,13.7854],[-11.97993,13.78631],[-11.97913,13.78766],[-11.97828,13.78931],[-11.97739,13.78982],[-11.9772,13.79065],[-11.97707,13.79185],[-11.97697,13.79263],[-11.97692,13.79355],[-11.97636,13.7942],[-11.97575,13.79507],[-11.97495,13.79525],[-11.97307,13.79591],[-11.97241,13.79591],[-11.97161,13.79632],[-11.97062,13.79678],[-11.96991,13.79688],[-11.96935,13.79687],[-11.96827,13.79692],[-11.9676,13.79692],[-11.96662,13.7972],[-11.96591,13.79757],[-11.96507,13.79859],[-11.96512,13.79987],[-11.96474,13.8008],[-11.96498,13.80227],[-11.96422,13.80384],[-11.96376,13.80448],[-11.963,13.80541],[-11.96211,13.80642],[-11.96056,13.80729],[-11.959,13.80739],[-11.9574,13.80758],[-11.95656,13.80762],[-11.95458,13.80777],[-11.95316,13.80804],[-11.95222,13.8086],[-11.95095,13.80989],[-11.95082,13.8115],[-11.95091,13.81293],[-11.95152,13.81472],[-11.95177,13.81587],[-11.95243,13.81744],[-11.95309,13.81887],[-11.95309,13.82052],[-11.95257,13.82214],[-11.95074,13.82495],[-11.95061,13.82855],[-11.94996,13.83131],[-11.94977,13.83517],[-11.94978,13.83822],[-11.94903,13.84075],[-11.94837,13.84241],[-11.94734,13.8443],[-11.94696,13.84572],[-11.94711,13.84734],[-11.94777,13.85],[-11.94796,13.85259],[-11.94792,13.85444],[-11.94773,13.85665],[-11.94722,13.85785],[-11.94628,13.85895],[-11.94505,13.85951],[-11.94336,13.86228],[-11.94318,13.86352],[-11.9409,13.88411],[-11.93993,13.88825],[-11.93946,13.89262],[-11.9363,13.90851],[-11.93314,13.92441],[-11.95658,13.94123],[-11.98002,13.95805],[-11.98265,13.96072],[-11.98478,13.96237],[-11.98639,13.96302],[-11.98789,13.96375],[-11.98879,13.96509],[-11.98959,13.96591],[-11.98983,13.96674],[-11.98951,13.96775],[-11.98856,13.96863],[-11.98894,13.96918],[-11.9896,13.96946],[-11.99059,13.96992],[-11.99154,13.97088],[-11.99168,13.97162],[-11.99154,13.97194],[-11.99126,13.9725],[-11.99117,13.97314],[-11.99163,13.97355],[-11.99159,13.97433],[-11.9922,13.97466],[-11.99314,13.97535],[-11.99366,13.97599],[-11.99376,13.97668],[-11.9941,13.97742],[-11.99546,13.97852],[-11.99673,13.97948],[-11.99881,13.98164],[-12.00003,13.98255],[-12.00065,13.98302],[-12.00387,13.98128],[-12.00569,13.98234],[-12.00739,13.9835],[-12.00922,13.98525],[-12.01011,13.98683],[-12.01052,13.98798],[-12.01031,13.9886],[-12.00981,13.99008],[-12.00975,13.99129],[-12.00971,13.99221],[-12.00804,13.99528],[-12.00638,13.99826],[-12.00416,13.9998],[-12.00416,14.00035],[-12.00425,14.00064],[-12.00429,14.00092],[-12.00433,14.00105],[-12.00438,14.00132],[-12.00437,14.00169],[-12.00437,14.00188],[-12.00436,14.00243],[-12.00435,14.00294],[-12.00459,14.00372],[-12.00476,14.00414],[-12.00475,14.00525],[-12.00497,14.00653],[-12.0052,14.00719],[-12.00524,14.00732],[-12.00566,14.00801],[-12.00585,14.00857],[-12.00589,14.00894],[-12.00602,14.00954],[-12.0062,14.01037],[-12.00619,14.01096],[-12.00623,14.01162],[-12.00684,14.01194],[-12.00697,14.01231],[-12.00715,14.01356],[-12.00761,14.01453],[-12.00816,14.01559],[-12.00825,14.01573],[-12.0089,14.01675],[-12.00912,14.01776],[-12.00931,14.01842],[-12.01004,14.0193],[-12.01046,14.01967],[-12.01121,14.02042],[-12.01177,14.02116],[-12.01284,14.02228],[-12.01331,14.02306],[-12.01354,14.02326],[-12.01394,14.02454],[-12.01408,14.02492],[-12.01431,14.02538],[-12.01515,14.02659],[-12.01524,14.02677],[-12.01542,14.02737],[-12.01541,14.02792],[-12.0154,14.02825],[-12.01517,14.02848],[-12.0146,14.02888],[-12.01384,14.02919],[-12.01332,14.02951],[-12.01241,14.02982],[-12.01113,14.03063],[-12.01047,14.03099],[-12.0098,14.03154],[-12.00885,14.0319],[-12.00847,14.03216],[-12.00799,14.03257],[-12.00781,14.0327],[-12.00761,14.03276],[-12.00756,14.03312],[-12.00751,14.03381],[-12.00716,14.03504],[-12.0072,14.03551],[-12.00724,14.03625],[-12.0073,14.03891],[-12.00743,14.03942],[-12.0078,14.04025],[-12.00779,14.04094],[-12.00782,14.04228],[-12.00798,14.04481],[-12.00803,14.04495],[-12.0082,14.04615],[-12.00856,14.04767],[-12.00855,14.04813],[-12.00881,14.05025],[-12.00814,14.0513],[-12.00652,14.05183],[-12.0052,14.052],[-12.00364,14.05257],[-12.00174,14.05297],[-12.00117,14.05361],[-12.00068,14.05508],[-12.00023,14.05668],[-12.00013,14.0576],[-12.00005,14.05762],[-11.99848,14.05813],[-11.99727,14.06],[-11.99708,14.06],[-11.99597,14.06238],[-11.99486,14.06356],[-11.99453,14.06438],[-11.99478,14.0665],[-11.99481,14.06724],[-11.99545,14.06918],[-11.99628,14.07112],[-11.99665,14.07154],[-11.99673,14.07315],[-11.99741,14.07441],[-11.99783,14.07519],[-11.99806,14.07598],[-11.99809,14.07671],[-11.99808,14.07763],[-11.99816,14.07855],[-11.99814,14.08044],[-11.99827,14.08164],[-11.99826,14.08279],[-11.99782,14.08375],[-11.99704,14.08544],[-11.99632,14.08635],[-11.99489,14.08734],[-11.99333,14.0882],[-11.99053,14.08918],[-11.98902,14.08939],[-11.98845,14.08966],[-11.98705,14.08885],[-11.98576,14.0894],[-11.98308,14.08844],[-11.98482,14.11501],[-11.98686,14.11793],[-11.98755,14.11974],[-11.98827,14.12154],[-11.98882,14.12384],[-11.98846,14.12545],[-11.98754,14.12751],[-11.98623,14.13035],[-11.98586,14.13292],[-11.98584,14.13458],[-11.98453,14.13824],[-11.98284,14.14066],[-11.98087,14.14344],[-11.98067,14.14467],[-11.97904,14.14622],[-11.97756,14.14777],[-11.97725,14.14955],[-11.97674,14.15259],[-11.97669,14.15608],[-11.97694,14.15899],[-11.97706,14.16128],[-11.97764,14.16368],[-11.97731,14.16741],[-11.97704,14.16998],[-11.97643,14.17306],[-11.97635,14.17559],[-11.97575,14.17824],[-11.97553,14.18087],[-11.97511,14.1839],[-11.9756,14.18593],[-11.97653,14.18695],[-11.97715,14.18719],[-11.9787,14.18757],[-11.98063,14.1881],[-11.98255,14.18869],[-11.98443,14.18995],[-11.9863,14.19071],[-11.98818,14.19156],[-11.98925,14.19258],[-11.98956,14.19425],[-11.98925,14.19668],[-11.98889,14.19861],[-11.98869,14.20035],[-11.98884,14.2027],[-11.98916,14.20349],[-11.98943,14.20524],[-11.98931,14.20607],[-11.98978,14.20662],[-11.99048,14.20742],[-11.99175,14.20789],[-11.99297,14.20791],[-11.99405,14.2092],[-11.99908,14.21447],[-12.0001,14.218],[-12.00043,14.21914],[-12.00281,14.22524],[-12.00501,14.23042],[-12.00754,14.23601],[-12.0079,14.2369],[-12.01008,14.24314],[-12.01202,14.25075],[-12.01204,14.25095],[-12.01206,14.25101],[-12.01265,14.25231],[-12.01389,14.25487],[-12.01565,14.25863],[-12.01765,14.26361],[-12.01884,14.26652],[-12.01962,14.27012],[-12.02045,14.27338],[-12.02139,14.27644],[-12.02228,14.27914],[-12.02291,14.28039],[-12.02437,14.2845],[-12.0244,14.28382],[-12.02443,14.28372],[-12.02457,14.28335],[-12.02481,14.28313],[-12.02524,14.28331],[-12.02565,14.28397],[-12.02583,14.28507],[-12.02592,14.28591],[-12.02609,14.28678],[-12.02675,14.28693],[-12.02718,14.28671],[-12.02786,14.28598],[-12.02853,14.28552],[-12.02906,14.28502],[-12.0292,14.28448],[-12.02979,14.28342],[-12.0304,14.28338],[-12.03106,14.28404],[-12.0313,14.2845],[-12.03167,14.28478],[-12.03233,14.28479],[-12.03281,14.28488],[-12.03308,14.2854],[-12.03303,14.28595],[-12.03246,14.28585],[-12.03185,14.28547],[-12.03142,14.28565],[-12.03104,14.28593],[-12.03141,14.2863],[-12.03184,14.28616],[-12.0325,14.2864],[-12.03273,14.28682],[-12.0324,14.28755],[-12.03191,14.28764],[-12.03131,14.28731],[-12.03102,14.28717],[-12.03054,14.28757],[-12.03072,14.28813],[-12.0311,14.2885],[-12.03176,14.28874],[-12.03233,14.28889],[-12.03313,14.28922],[-12.03412,14.28974],[-12.03455,14.28956],[-12.03493,14.28911],[-12.03518,14.28879],[-12.03589,14.28856],[-12.03694,14.28848],[-12.03798,14.28803],[-12.0398,14.28751],[-12.04103,14.28752],[-12.04145,14.28776],[-12.04245,14.28809],[-12.04282,14.28865],[-12.04314,14.28907],[-12.0439,14.28954],[-12.04447,14.28936],[-12.04494,14.28891],[-12.04566,14.28846],[-12.04647,14.28847],[-12.04689,14.28898],[-12.04727,14.28916],[-12.04769,14.28912],[-12.04794,14.28894],[-12.04837,14.28862],[-12.04874,14.28913],[-12.04825,14.29015],[-12.04811,14.29074],[-12.04852,14.29167],[-12.0497,14.29228],[-12.05101,14.29336],[-12.05346,14.29509],[-12.05501,14.29599],[-12.05563,14.29599],[-12.05639,14.29596],[-12.05724,14.29607],[-12.05771,14.29634],[-12.05913,14.29724],[-12.06025,14.29813],[-12.06111,14.29814],[-12.06254,14.29783],[-12.06325,14.29738],[-12.06401,14.29679],[-12.06468,14.29689],[-12.06548,14.29714],[-12.06643,14.29715],[-12.06696,14.29692],[-12.0681,14.29625],[-12.06933,14.29649],[-12.0708,14.2966],[-12.07184,14.29629],[-12.07294,14.29631],[-12.07398,14.29668],[-12.07497,14.29711],[-12.07545,14.29698],[-12.07597,14.29694],[-12.07658,14.29723],[-12.07663,14.29759],[-12.07638,14.298],[-12.07638,14.29833],[-12.07666,14.29884],[-12.07684,14.29967],[-12.07749,14.29986],[-12.07811,14.30001],[-12.07853,14.30079],[-12.07832,14.30162],[-12.07865,14.30208],[-12.07927,14.30209],[-12.07946,14.30187],[-12.07998,14.3021],[-12.08035,14.30289],[-12.08062,14.30354],[-12.08129,14.30391],[-12.08266,14.30407],[-12.08884,14.30368],[-12.09097,14.30371],[-12.09318,14.30512],[-12.09389,14.30554],[-12.09455,14.30629],[-12.09519,14.30735],[-12.09529,14.30768],[-12.09576,14.30769],[-12.09595,14.30754],[-12.09653,14.30691],[-12.09696,14.30692],[-12.09781,14.30702],[-12.09843,14.30702],[-12.09909,14.30672],[-12.09929,14.30616],[-12.09959,14.30548],[-12.10025,14.30498],[-12.10096,14.30503],[-12.10109,14.306],[-12.1009,14.30655],[-12.10099,14.30674],[-12.10145,14.30734],[-12.10145,14.30748],[-12.10145,14.30761],[-12.10092,14.30802],[-12.09998,14.30829],[-12.09935,14.30861],[-12.09911,14.30948],[-12.09924,14.31017],[-12.09986,14.31031],[-12.10042,14.31009],[-12.10214,14.30952],[-12.10266,14.30994],[-12.10265,14.31062],[-12.10264,14.31141],[-12.10301,14.31178],[-12.1031,14.31234],[-12.10266,14.31311],[-12.1019,14.3132],[-12.10129,14.31273],[-12.1012,14.31264],[-12.10082,14.31231],[-12.1003,14.31244],[-12.09963,14.31261],[-12.09853,14.31306],[-12.09783,14.31315],[-12.09702,14.31304],[-12.09645,14.31327],[-12.09648,14.31405],[-12.09648,14.31437],[-12.09645,14.31445],[-12.09358,14.3164],[-12.09352,14.31655],[-12.09374,14.31692],[-12.09393,14.31756],[-12.09378,14.31798],[-12.09316,14.31825],[-12.09306,14.31893],[-12.09353,14.31926],[-12.09442,14.31928],[-12.09527,14.32021],[-12.09525,14.32108],[-12.09412,14.32153],[-12.0935,14.3213],[-12.09321,14.32175],[-12.09268,14.32239],[-12.09211,14.32289],[-12.09129,14.32352],[-12.09114,14.32421],[-12.09184,14.32496],[-12.09265,14.32497],[-12.09383,14.32539],[-12.09516,14.32578],[-12.09635,14.32533],[-12.09739,14.32512],[-12.09825,14.32517],[-12.09852,14.32586],[-12.09846,14.32637],[-12.09861,14.3267],[-12.09908,14.3267],[-12.0996,14.32648],[-12.09999,14.32579],[-12.10051,14.32562],[-12.10104,14.32576],[-12.10165,14.32572],[-12.1019,14.3254],[-12.1019,14.32494],[-12.10172,14.32425],[-12.10187,14.32356],[-12.10225,14.32338],[-12.10268,14.32357],[-12.10338,14.32473],[-12.10359,14.32579],[-12.10382,14.32708],[-12.10352,14.32772],[-12.103,14.32832],[-12.1029,14.32896],[-12.10322,14.32952],[-12.10369,14.3298],[-12.10416,14.32994],[-12.10472,14.33083],[-12.1048,14.33198],[-12.10499,14.33245],[-12.10564,14.33291],[-12.10597,14.33351],[-12.10578,14.33411],[-12.10506,14.33447],[-12.10426,14.33376],[-12.10374,14.33358],[-12.10293,14.3337],[-12.10245,14.33426],[-12.10258,14.33486],[-12.10268,14.33514],[-12.10309,14.33611],[-12.10289,14.33652],[-12.10237,14.33707],[-12.10137,14.33705],[-12.10061,14.33649],[-12.1004,14.3352],[-12.10079,14.33464],[-12.10132,14.33355],[-12.10158,14.33212],[-12.10144,14.33134],[-12.10074,14.33045],[-12.10065,14.33044],[-12.09975,14.3303],[-12.09921,14.33073],[-12.09912,14.3308],[-12.09921,14.3314],[-12.09963,14.33178],[-12.10006,14.3322],[-12.09985,14.33284],[-12.09956,14.33316],[-12.09904,14.33324],[-12.09853,14.33305],[-12.0982,14.33272],[-12.09796,14.33226],[-12.09754,14.33198],[-12.09692,14.33198],[-12.09635,14.33229],[-12.09629,14.33303],[-12.09647,14.33372],[-12.09685,14.33413],[-12.09733,14.33424],[-12.09793,14.33447],[-12.09792,14.33535],[-12.09731,14.33585],[-12.09682,14.33593],[-12.09631,14.33561],[-12.09607,14.33524],[-12.09546,14.33504],[-12.09484,14.33513],[-12.0939,14.33507],[-12.09332,14.33492],[-12.09315,14.33428],[-12.09349,14.33345],[-12.09401,14.33332],[-12.09424,14.3337],[-12.09448,14.33379],[-12.09491,14.33361],[-12.0951,14.33338],[-12.09511,14.33306],[-12.09511,14.33269],[-12.09526,14.33205],[-12.09536,14.33172],[-12.09545,14.33141],[-12.09541,14.33126],[-12.09518,14.33089],[-12.09456,14.33094],[-12.09418,14.33144],[-12.0935,14.33198],[-12.09312,14.33225],[-12.09246,14.33238],[-12.09179,14.33265],[-12.09135,14.33329],[-12.09092,14.33388],[-12.09039,14.33438],[-12.08982,14.33465],[-12.08981,14.33529],[-12.09047,14.33613],[-12.09117,14.3366],[-12.09169,14.33684],[-12.09283,14.33685],[-12.09392,14.33714],[-12.09438,14.33784],[-12.09423,14.33853],[-12.0938,14.33922],[-12.09425,14.34055],[-12.09486,14.34171],[-12.09561,14.34241],[-12.09617,14.3427],[-12.09749,14.3428],[-12.09968,14.34316],[-12.10043,14.34358],[-12.10142,14.34456],[-12.10187,14.34599],[-12.10229,14.34665],[-12.10271,14.34743],[-12.10279,14.34835],[-12.10254,14.34927],[-12.10211,14.34968],[-12.1014,14.34981],[-12.10058,14.35045],[-12.10053,14.35123],[-12.10051,14.35224],[-12.09993,14.35279],[-12.09917,14.35324],[-12.09855,14.35356],[-12.0984,14.3541],[-12.09849,14.35461],[-12.09829,14.3552],[-12.09772,14.35543],[-12.09739,14.35543],[-12.09677,14.3551],[-12.09645,14.35468],[-12.09608,14.3543],[-12.09555,14.35388],[-12.09508,14.35387],[-12.09427,14.35396],[-12.09342,14.35431],[-12.09345,14.35543],[-12.09349,14.35607],[-12.09356,14.3574],[-12.09384,14.35796],[-12.09437,14.3582],[-12.09479,14.35849],[-12.09478,14.35913],[-12.09425,14.35972],[-12.09363,14.36036],[-12.09304,14.36117],[-12.09265,14.362],[-12.09264,14.36269],[-12.09329,14.3638],[-12.09348,14.36446],[-12.09327,14.36551],[-12.09317,14.3662],[-12.09336,14.36694],[-12.09401,14.36723],[-12.09434,14.36732],[-12.09518,14.36816],[-12.09654,14.3702],[-12.0985,14.3723],[-12.10016,14.37334],[-12.10237,14.37414],[-12.1038,14.37402],[-12.10442,14.3738],[-12.10551,14.37367],[-12.10656,14.37364],[-12.10751,14.37338],[-12.10822,14.37293],[-12.10947,14.37247],[-12.11061,14.37204],[-12.11152,14.37154],[-12.11234,14.37053],[-12.11349,14.36944],[-12.11458,14.36895],[-12.11555,14.36785],[-12.11584,14.36721],[-12.1159,14.36643],[-12.11623,14.36593],[-12.11704,14.36571],[-12.11766,14.36585],[-12.11822,14.36632],[-12.11854,14.3672],[-12.11864,14.36771],[-12.11901,14.36854],[-12.11957,14.36892],[-12.12019,14.36893],[-12.12122,14.36921],[-12.12165,14.36963],[-12.12212,14.37001],[-12.12254,14.3702],[-12.12297,14.37002],[-12.1235,14.36957],[-12.12416,14.36957],[-12.12496,14.37046],[-12.12696,14.37307],[-12.12756,14.37491],[-12.12779,14.3762],[-12.1279,14.37796],[-12.12798,14.37971],[-12.12777,14.381],[-12.12715,14.38191],[-12.12628,14.38268],[-12.1257,14.38359],[-12.12544,14.3847],[-12.12496,14.38589],[-12.12418,14.38685],[-12.12394,14.38804],[-12.12406,14.38929],[-12.12443,14.39035],[-12.12455,14.39164],[-12.12497,14.39285],[-12.12587,14.39291],[-12.12654,14.39268],[-12.12707,14.39191],[-12.12788,14.39127],[-12.12845,14.39095],[-12.12888,14.39055],[-12.12884,14.39009],[-12.12829,14.38929],[-12.12758,14.38864],[-12.12697,14.38757],[-12.12713,14.38689],[-12.12756,14.38633],[-12.12846,14.38612],[-12.12894,14.38612],[-12.12956,14.38576],[-12.12985,14.3853],[-12.13042,14.38508],[-12.13099,14.38527],[-12.13222,14.38575],[-12.13368,14.38651],[-12.13533,14.38745],[-12.13661,14.38769],[-12.13733,14.38728],[-12.13809,14.38734],[-12.1387,14.3873],[-12.13899,14.38699],[-12.13952,14.38593],[-12.13949,14.3851],[-12.13963,14.38432],[-12.14055,14.38355],[-12.14202,14.38306],[-12.14439,14.38304],[-12.14644,14.3832],[-12.14895,14.38365],[-12.15032,14.38357],[-12.15194,14.38359],[-12.15345,14.38342],[-12.15459,14.38344],[-12.15539,14.38414],[-12.15634,14.38429],[-12.15733,14.3843],[-12.15823,14.3851],[-12.15974,14.38603],[-12.16119,14.38665],[-12.16243,14.38717],[-12.16318,14.38755],[-12.1636,14.38852],[-12.16355,14.38898],[-12.16306,14.38916],[-12.16282,14.38962],[-12.16305,14.39008],[-12.1638,14.39078],[-12.16455,14.39176],[-12.16534,14.39292],[-12.16638,14.39381],[-12.16727,14.39446],[-12.16764,14.39521],[-12.1681,14.39645],[-12.16832,14.39793],[-12.16878,14.39904],[-12.1693,14.3996],[-12.16982,14.39933],[-12.17001,14.3991],[-12.17031,14.39864],[-12.17112,14.39843],[-12.17211,14.39807],[-12.17273,14.39817],[-12.1732,14.39859],[-12.174,14.39924],[-12.17514,14.39934],[-12.17666,14.39877],[-12.17714,14.39817],[-12.17831,14.39593],[-12.17941,14.39483],[-12.18032,14.3948],[-12.18121,14.39495],[-12.18196,14.39584],[-12.18252,14.39658],[-12.18333,14.397],[-12.18451,14.3973],[-12.18597,14.39749],[-12.1872,14.39806],[-12.18843,14.39923],[-12.18982,14.40085],[-12.191,14.4017],[-12.19199,14.40208],[-12.19289,14.40218],[-12.19369,14.4027],[-12.19411,14.40344],[-12.19553,14.40392],[-12.19689,14.4042],[-12.1979,14.40441],[-12.19859,14.40468],[-12.19882,14.40476],[-12.19882,14.40535],[-12.19843,14.411],[-12.19842,14.41289],[-12.19906,14.41524],[-12.19983,14.41902],[-12.20014,14.42133],[-12.19974,14.42288],[-12.19907,14.42403],[-12.19723,14.42742],[-12.19498,14.42951],[-12.19239,14.4317],[-12.18995,14.43446],[-12.1887,14.43586],[-12.18744,14.43778],[-12.18743,14.43966],[-12.18788,14.44146],[-12.18886,14.4434],[-12.1914,14.44591],[-12.1952,14.44999],[-12.19883,14.45273],[-12.20245,14.45562],[-12.20377,14.45688],[-12.20475,14.459],[-12.20459,14.46111],[-12.20365,14.46433],[-12.20138,14.46905],[-12.19963,14.47271],[-12.19876,14.4745],[-12.1976,14.47615],[-12.19683,14.47757],[-12.1971,14.47909],[-12.19798,14.48043],[-12.19996,14.48274],[-12.20365,14.4838],[-12.20863,14.48533],[-12.21254,14.48703],[-12.216,14.48848],[-12.21764,14.49041],[-12.21908,14.49359],[-12.21944,14.50072],[-12.2195,14.50376],[-12.21924,14.50629],[-12.21821,14.50987],[-12.21626,14.51469],[-12.21388,14.51968],[-12.21252,14.5228],[-12.2118,14.52472],[-12.21205,14.5273],[-12.21225,14.53108],[-12.21299,14.53394],[-12.21363,14.53624],[-12.21398,14.53882],[-12.21447,14.54256],[-12.21515,14.54523],[-12.21499,14.54748],[-12.21406,14.54996],[-12.21218,14.55238],[-12.20914,14.55503],[-12.20641,14.55623],[-12.203,14.5562],[-12.19985,14.55568],[-12.19655,14.55547],[-12.19524,14.55509],[-12.19266,14.55436],[-12.19164,14.5541],[-12.18926,14.55453],[-12.18632,14.5556],[-12.18575,14.55585],[-12.185,14.55644],[-12.18446,14.55746],[-12.18403,14.55851],[-12.18404,14.55967],[-12.18429,14.56225],[-12.18461,14.56373],[-12.1846,14.56488],[-12.18454,14.56621],[-12.18431,14.56701],[-12.18352,14.56889],[-12.1826,14.57056],[-12.18211,14.57158],[-12.1816,14.57297],[-12.18125,14.57437],[-12.17987,14.57641],[-12.17774,14.5789],[-12.17302,14.58336],[-12.17177,14.58468],[-12.17099,14.58597],[-12.17079,14.58734],[-12.17101,14.58895],[-12.17109,14.59235],[-12.17138,14.59633],[-12.17142,14.5986],[-12.17144,14.59997],[-12.17144,14.60002],[-12.17119,14.60331],[-12.17135,14.60732],[-12.17183,14.61054],[-12.17128,14.61321],[-12.16994,14.61466],[-12.16826,14.61566],[-12.16664,14.61597],[-12.16208,14.61591],[-12.15947,14.61584],[-12.15694,14.61591],[-12.15423,14.61639],[-12.15248,14.61709],[-12.15032,14.61854],[-12.14818,14.62116],[-12.14725,14.6237],[-12.14596,14.62727],[-12.14432,14.63046],[-12.14315,14.63394],[-12.1426,14.63591],[-12.14231,14.64018],[-12.14288,14.64469],[-12.1428,14.64745],[-12.14339,14.64971],[-12.14436,14.65262],[-12.14601,14.65438],[-12.14822,14.65629],[-12.15106,14.65751],[-12.15641,14.65945],[-12.16409,14.66085],[-12.16884,14.66201],[-12.17316,14.66223],[-12.174,14.66275],[-12.17433,14.66348],[-12.17507,14.66533],[-12.17548,14.66787],[-12.17546,14.66938],[-12.17521,14.67049],[-12.17453,14.67136],[-12.17258,14.67166],[-12.16824,14.67295],[-12.16538,14.67431],[-12.16274,14.67622],[-12.16025,14.67785],[-12.15762,14.68104],[-12.15717,14.68279],[-12.15715,14.68413],[-12.1576,14.6868],[-12.15901,14.68851],[-12.16047,14.68963],[-12.16161,14.68973],[-12.16256,14.68947],[-12.16448,14.68847],[-12.16686,14.68758],[-12.1681,14.68703],[-12.16905,14.687],[-12.17014,14.68724],[-12.17213,14.68813],[-12.17406,14.68976],[-12.17528,14.69134],[-12.17655,14.69259],[-12.17829,14.69417],[-12.17965,14.6962],[-12.18135,14.69733],[-12.18392,14.69777],[-12.18695,14.69779],[-12.19129,14.69696],[-12.195,14.69663],[-12.19795,14.69684],[-12.19985,14.69705],[-12.20268,14.69863],[-12.20784,14.70104],[-12.2115,14.70544],[-12.21178,14.70673],[-12.21163,14.70797],[-12.21113,14.70944],[-12.2092,14.71259],[-12.2078,14.71475],[-12.20711,14.71631],[-12.2071,14.71814],[-12.20729,14.72293],[-12.20834,14.72713],[-12.20897,14.72999],[-12.21098,14.73296],[-12.21321,14.73482],[-12.2149,14.73681],[-12.21802,14.73781],[-12.22287,14.73786],[-12.22616,14.73733],[-12.22792,14.7374],[-12.231,14.73848],[-12.2318,14.73946],[-12.23235,14.7408],[-12.23271,14.74283],[-12.23339,14.74642],[-12.23461,14.7526],[-12.23474,14.75324],[-12.23565,14.758],[-12.23691,14.76275],[-12.23773,14.76658],[-12.24051,14.76752],[-12.24394,14.76845],[-12.24662,14.76967],[-12.25177,14.77046],[-12.25638,14.77228],[-12.26107,14.77347],[-12.26399,14.77488],[-12.26659,14.77521],[-12.27038,14.77648],[-12.27479,14.7783],[-12.27792,14.77935],[-12.28025,14.78109],[-12.28176,14.78294],[-12.28505,14.78533],[-12.28688,14.7882],[-12.28876,14.79029],[-12.29016,14.79162],[-12.29341,14.79548],[-12.29542,14.79708],[-12.29821,14.80069],[-12.3001,14.80251],[-12.30143,14.80424],[-12.30297,14.80567],[-12.3049,14.80762],[-12.30603,14.8086],[-12.30698,14.80962],[-12.30795,14.81093],[-12.30891,14.81237],[-12.31036,14.81452],[-12.31147,14.81592],[-12.31205,14.81739],[-12.31383,14.8197],[-12.31527,14.82108],[-12.31689,14.82273],[-12.31864,14.82458],[-12.32031,14.82606],[-12.32229,14.82724],[-12.32363,14.82796],[-12.32553,14.82889],[-12.32799,14.83018],[-12.33056,14.83097],[-12.3339,14.83166],[-12.33557,14.83162],[-12.3378,14.83174],[-12.33961,14.83176],[-12.34162,14.83163],[-12.34411,14.8314],[-12.34453,14.83087],[-12.34693,14.83132],[-12.34981,14.83181],[-12.35263,14.83146],[-12.35459,14.83134],[-12.3569,14.83262],[-12.35921,14.83307],[-12.36347,14.83441],[-12.36551,14.8354],[-12.36733,14.83524],[-12.36987,14.83574],[-12.37122,14.83716],[-12.37228,14.83777],[-12.37387,14.83906],[-12.37489,14.83976],[-12.3766,14.84138],[-12.37778,14.84246],[-12.37937,14.84375],[-12.38069,14.84479],[-12.3824,14.84576],[-12.3849,14.84701],[-12.38623,14.84717],[-12.38701,14.84666],[-12.38803,14.84644],[-12.38932,14.84633],[-12.39099,14.84624],[-12.39245,14.84673],[-12.39369,14.84735],[-12.39556,14.84889],[-12.39665,14.84978],[-12.39835,14.85089],[-12.40025,14.85275],[-12.40178,14.85408],[-12.40253,14.85527],[-12.40453,14.857],[-12.40547,14.85812],[-12.40826,14.85998],[-12.4097,14.86075],[-12.41099,14.86138],[-12.41261,14.86317],[-12.41454,14.86425],[-12.41639,14.8662],[-12.41792,14.86772],[-12.41933,14.86895],[-12.42086,14.87051],[-12.42246,14.87254],[-12.42385,14.87404],[-12.42532,14.87593],[-12.42671,14.8772],[-12.42775,14.87828],[-12.42919,14.87974],[-12.43047,14.88083],[-12.43162,14.88232],[-12.43262,14.88316],[-12.43422,14.88436],[-12.43587,14.88556],[-12.43699,14.88682],[-12.43823,14.88763],[-12.43946,14.88857],[-12.4414,14.8896],[-12.44264,14.88976],[-12.44408,14.89039],[-12.4456,14.8913],[-12.44703,14.89212],[-12.44809,14.89264],[-12.44844,14.8934],[-12.44902,14.89473],[-12.4492,14.8958],[-12.44949,14.89729],[-12.44942,14.89849],[-12.44918,14.89945],[-12.44864,14.90048],[-12.44842,14.90194],[-12.44769,14.90296],[-12.44719,14.90414],[-12.44664,14.90549],[-12.44634,14.90649],[-12.4462,14.90819],[-12.44614,14.90999],[-12.4461,14.91146],[-12.44569,14.91287],[-12.44548,14.91416],[-12.44527,14.91525],[-12.44545,14.91614],[-12.44592,14.91718],[-12.44626,14.91872],[-12.44672,14.91981],[-12.44765,14.92175],[-12.44824,14.92317],[-12.44863,14.92467],[-12.44907,14.92544],[-12.44905,14.92741],[-12.44924,14.92909],[-12.44957,14.93073],[-12.44965,14.93262],[-12.45007,14.93467],[-12.45008,14.93689],[-12.44997,14.93878],[-12.45033,14.94005],[-12.45049,14.9413],[-12.45057,14.94328],[-12.45076,14.94496],[-12.45091,14.94649],[-12.45134,14.94822],[-12.45182,14.94982],[-12.45196,14.95158],[-12.45231,14.95364],[-12.45245,14.95618],[-12.45265,14.95776],[-12.45269,14.95961],[-12.45335,14.96306],[-12.45355,14.96622],[-12.45424,14.96828],[-12.45437,14.97027],[-12.45468,14.97311],[-12.45472,14.97491],[-12.45555,14.97694],[-12.45549,14.978],[-12.45569,14.97871],[-12.45594,14.98016],[-12.45638,14.98257],[-12.45673,14.9838],[-12.45744,14.98577],[-12.45796,14.98738],[-12.4587,14.98852],[-12.45938,14.98912],[-12.46031,14.98972],[-12.46113,14.99041],[-12.46222,14.99126],[-12.46308,14.99219],[-12.46398,14.99306],[-12.46491,14.99422],[-12.46538,14.99512],[-12.4659,14.99612],[-12.46625,14.99678],[-12.46687,14.99848],[-12.46706,14.99905],[-12.46789,15.0004],[-12.46932,15.0021],[-12.47061,15.00292],[-12.47175,15.00348],[-12.47309,15.00434],[-12.47465,15.00489],[-12.47585,15.0053],[-12.47685,15.00585],[-12.47752,15.00649],[-12.47823,15.0075],[-12.47914,15.00847],[-12.48033,15.00952],[-12.48134,15.01067],[-12.48301,15.0115],[-12.48415,15.01219],[-12.48539,15.01305],[-12.48682,15.01406],[-12.48821,15.01521],[-12.48977,15.01621],[-12.49088,15.01717],[-12.49235,15.01805],[-12.49411,15.0185],[-12.49615,15.01914],[-12.49763,15.01927],[-12.50128,15.01917],[-12.50375,15.01957],[-12.50523,15.01989],[-12.50684,15.02048],[-12.5079,15.02116],[-12.50947,15.0225],[-12.5119,15.02387],[-12.51399,15.0245],[-12.51627,15.02497],[-12.51832,15.02556],[-12.5206,15.02619],[-12.52355,15.02705],[-12.52649,15.02774],[-12.52963,15.02828],[-12.53248,15.02914],[-12.53458,15.02964],[-12.53653,15.03028],[-12.539,15.03086],[-12.54185,15.03168],[-12.54413,15.03223],[-12.54647,15.03295],[-12.54832,15.03354],[-12.55051,15.03432],[-12.55136,15.03482],[-12.5527,15.03569],[-12.5539,15.03683],[-12.55653,15.03932],[-12.55905,15.04206],[-12.56139,15.04446],[-12.56335,15.04624],[-12.56522,15.04761],[-12.56765,15.04973],[-12.56889,15.05106],[-12.5707,15.05308],[-12.57281,15.05514],[-12.5751,15.05749],[-12.57654,15.059],[-12.5782,15.0607],[-12.57997,15.06212],[-12.5815,15.06289],[-12.58298,15.06362],[-12.58422,15.06436],[-12.58522,15.06541],[-12.58627,15.06693],[-12.58727,15.06789],[-12.58867,15.06959],[-12.58881,15.06949],[-12.59052,15.07138],[-12.59172,15.07327],[-12.59292,15.07469],[-12.59383,15.07593],[-12.59455,15.07676],[-12.59584,15.07845],[-12.59766,15.08015],[-12.60066,15.0823],[-12.60295,15.08354],[-12.60533,15.08496],[-12.60733,15.08614],[-12.60957,15.08724],[-12.61133,15.0882],[-12.61432,15.08911],[-12.61671,15.09029],[-12.61909,15.09161],[-12.62152,15.09248],[-12.62418,15.09316],[-12.62794,15.09462],[-12.63213,15.0963],[-12.63556,15.09835],[-12.63937,15.10064],[-12.64323,15.10279],[-12.64589,15.10417],[-12.64861,15.10572],[-12.65156,15.10709],[-12.6538,15.10823],[-12.65537,15.10895],[-12.65833,15.11027],[-12.6606,15.11064],[-12.66217,15.11114],[-12.66378,15.11113],[-12.66549,15.11117],[-12.6691,15.11087],[-12.67189,15.11045],[-12.67444,15.10937],[-12.67657,15.10848],[-12.67946,15.10667],[-12.68167,15.105],[-12.68351,15.10287],[-12.68468,15.10052],[-12.68514,15.09826],[-12.68563,15.09535],[-12.68548,15.09318],[-12.68541,15.09096],[-12.68555,15.0894],[-12.68596,15.08797],[-12.68624,15.08723],[-12.68676,15.0869],[-12.68703,15.08685],[-12.687,15.08685],[-12.68733,15.08677],[-12.68766,15.08676],[-12.67662,15.07094],[-12.66527,15.05408],[-12.6456,15.02715],[-12.62613,15.0005],[-12.62593,15.00023],[-12.62491,14.99716],[-12.62465,14.99536],[-12.62396,14.9931],[-12.62313,14.99144],[-12.62229,14.99028],[-12.62247,14.98798],[-12.62233,14.98697],[-12.62243,14.98596],[-12.62212,14.98481],[-12.6218,14.98384],[-12.62079,14.9834],[-12.61978,14.98268],[-12.61888,14.98197],[-12.61752,14.98113],[-12.61672,14.98061],[-12.61583,14.97978],[-12.61527,14.97918],[-12.61528,14.97808],[-12.61651,14.97728],[-12.61615,14.97642],[-12.61724,14.97659],[-12.61696,14.97573],[-12.61679,14.97404],[-12.61563,14.97284],[-12.61516,14.97237],[-12.61478,14.97228],[-12.61383,14.97217],[-12.61331,14.97212],[-12.61294,14.9717],[-12.6114,14.97008],[-12.61141,14.96952],[-12.61217,14.9688],[-12.61317,14.96798],[-12.61384,14.9673],[-12.61414,14.96638],[-12.61396,14.96541],[-12.61382,14.96505],[-12.61302,14.96481],[-12.61194,14.96452],[-12.611,14.96377],[-12.60987,14.96326],[-12.60863,14.96302],[-12.60778,14.96259],[-12.60704,14.96208],[-12.60624,14.9606],[-12.60646,14.95913],[-12.60609,14.9578],[-12.6054,14.95664],[-12.60536,14.95576],[-12.60503,14.95503],[-12.60434,14.95285],[-12.60426,14.95194],[-12.60375,14.95106],[-12.60343,14.95004],[-12.6034,14.94903],[-12.6033,14.94857],[-12.60317,14.9476],[-12.60309,14.94645],[-12.60259,14.94526],[-12.60179,14.94377],[-12.602,14.94277],[-12.60249,14.94098],[-12.60189,14.93992],[-12.60228,14.93845],[-12.60229,14.9373],[-12.60169,14.93614],[-12.6017,14.93545],[-12.60129,14.93393],[-12.6013,14.93305],[-12.60179,14.93187],[-12.6018,14.93063],[-12.6012,14.9292],[-12.60042,14.92767],[-12.59987,14.9261],[-12.59823,14.92434],[-12.59788,14.92268],[-12.59717,14.92185],[-12.59648,14.92037],[-12.59602,14.91921],[-12.59518,14.91773],[-12.5941,14.91663],[-12.59382,14.91549],[-12.59281,14.91422],[-12.5921,14.91322],[-12.59168,14.91208],[-12.59157,14.91085],[-12.5904,14.90978],[-12.58965,14.90889],[-12.589,14.90769],[-12.5882,14.90694],[-12.58779,14.90548],[-12.58709,14.90505],[-12.58705,14.9045],[-12.58904,14.90104],[-12.59099,14.89584],[-12.59533,14.88378],[-12.5964,14.8808],[-12.59818,14.87587],[-12.60676,14.84758],[-12.60782,14.8446],[-12.61441,14.82593],[-12.6168,14.81917],[-12.62596,14.79061],[-12.63527,14.76162],[-12.64486,14.73278],[-12.64905,14.72124],[-12.65217,14.70848],[-12.6543,14.70446],[-12.67094,14.68186],[-12.68732,14.65871],[-12.70416,14.63602],[-12.72208,14.6127],[-12.74723,14.60337],[-12.77158,14.59248],[-12.79671,14.58138],[-12.82231,14.57741],[-12.84819,14.5737],[-12.87395,14.57037],[-12.89994,14.56646],[-12.92607,14.56247],[-12.94957,14.55953],[-12.9502,14.55945],[-12.95441,14.56036],[-12.97552,14.56648],[-12.99961,14.57228],[-13.00009,14.57238],[-13.01722,14.57756],[-13.03748,14.58197],[-13.06694,14.58646],[-13.08209,14.58885],[-13.09619,14.59107],[-13.1253,14.59541],[-13.1552,14.59974],[-13.18402,14.60421],[-13.19431,14.60542],[-13.204,14.60704],[-13.2143,14.60811],[-13.22344,14.60969],[-13.2246,14.60989],[-13.23491,14.61166],[-13.24521,14.61343],[-13.26227,14.60056],[-13.27658,14.58937],[-13.29174,14.57805],[-13.30778,14.56602],[-13.32207,14.55496],[-13.33717,14.54335],[-13.35204,14.53202],[-13.36792,14.52069],[-13.38207,14.50963],[-13.39788,14.49802],[-13.41361,14.4864],[-13.42848,14.47534],[-13.44341,14.46357],[-13.45929,14.45153],[-13.47371,14.44061],[-13.48908,14.42814],[-13.50422,14.41793],[-13.51908,14.40643],[-13.53223,14.40705],[-13.53299,14.40709],[-13.53472,14.40696],[-13.54776,14.40746],[-13.55783,14.40778],[-13.56776,14.40801],[-13.57717,14.40835],[-13.58707,14.4084],[-13.59764,14.4086],[-13.60735,14.40881],[-13.61749,14.40929],[-13.6272,14.40935],[-13.63777,14.40983],[-13.66661,14.41],[-13.677,14.40958],[-13.68646,14.41039],[-13.69719,14.41073],[-13.70718,14.41079],[-13.71646,14.41098],[-13.72646,14.41118],[-13.73732,14.41152],[-13.74688,14.41214],[-13.75761,14.4119],[-13.77419,14.41256],[-13.7798,14.41253],[-13.78942,14.41249],[-13.79826,14.41226],[-13.81709,14.4132],[-13.82825,14.41339],[-13.84709,14.41378],[-13.87181,14.42562],[-13.8974,14.43789],[-13.92271,14.45015],[-13.94557,14.46171],[-13.9478,14.46284],[-13.94974,14.46371],[-13.97427,14.47483],[-13.99901,14.48666],[-14.00133,14.48793],[-14.00429,14.48837],[-14.01269,14.4907],[-14.02325,14.49386],[-14.02702,14.49557],[-14.03165,14.49715],[-14.03658,14.49815],[-14.04049,14.49972],[-14.04482,14.50157],[-14.04817,14.5024],[-14.05091,14.5033],[-14.05308,14.50344],[-14.05511,14.50416],[-14.05684,14.50473],[-14.06148,14.50631],[-14.06394,14.50702],[-14.06568,14.50759],[-14.06858,14.50845],[-14.07089,14.50917],[-14.07306,14.50988],[-14.07538,14.51102],[-14.07712,14.51145],[-14.07929,14.51288],[-14.08219,14.51345],[-14.08276,14.51388],[-14.08696,14.51502],[-14.09088,14.51641],[-14.09565,14.51788],[-14.10014,14.51974],[-14.10506,14.52102],[-14.10926,14.52287],[-14.11404,14.52417],[-14.11838,14.52616],[-14.12171,14.5266],[-14.12535,14.52813],[-14.1291,14.52902],[-14.13359,14.53046],[-14.13822,14.53161],[-14.14069,14.53303],[-14.14358,14.53332],[-14.14808,14.53531],[-14.15213,14.5366],[-14.15778,14.53846],[-14.16053,14.53917],[-14.16313,14.54003],[-14.16733,14.54216],[-14.16878,14.54287],[-14.17095,14.54303],[-14.17211,14.54374],[-14.17327,14.54445],[-14.17458,14.54473],[-14.1766,14.54544],[-14.18037,14.54617],[-14.18283,14.54759],[-14.18515,14.54774],[-14.18674,14.54816],[-14.18805,14.54902],[-14.19225,14.55031],[-14.19616,14.55103],[-14.19848,14.55174],[-14.20093,14.55288],[-14.20427,14.55359],[-14.20601,14.5543],[-14.20861,14.55488],[-14.2105,14.55545],[-14.21267,14.55645],[-14.21455,14.55688],[-14.21687,14.5583],[-14.21977,14.55887],[-14.22252,14.55973],[-14.2247,14.56059],[-14.22673,14.56087],[-14.22831,14.56158],[-14.23136,14.56287],[-14.2344,14.5633],[-14.23701,14.56472],[-14.23976,14.56573],[-14.24208,14.56658],[-14.24526,14.56715],[-14.2483,14.56844],[-14.25005,14.56901],[-14.25164,14.56972],[-14.25439,14.571],[-14.25715,14.57186],[-14.26019,14.572],[-14.26135,14.57243],[-14.26367,14.57314],[-14.26569,14.57386],[-14.26743,14.57443],[-14.2699,14.57514],[-14.27207,14.57543],[-14.27279,14.57558],[-14.27395,14.57614],[-14.27395,14.57671],[-14.27467,14.57897],[-14.27539,14.57954],[-14.27654,14.58181],[-14.27669,14.58252],[-14.27885,14.58534],[-14.27987,14.5869],[-14.28219,14.58776],[-14.28378,14.58889],[-14.28537,14.58903],[-14.28711,14.58975],[-14.28914,14.59089],[-14.29146,14.59188],[-14.29421,14.59189],[-14.29537,14.59161],[-14.29652,14.59288],[-14.29797,14.59416],[-14.29956,14.59473],[-14.3013,14.5953],[-14.30275,14.59672],[-14.30434,14.59828],[-14.30563,14.59965],[-14.30577,14.59969],[-14.30634,14.6008],[-14.30679,14.60224],[-14.30761,14.60347],[-14.30809,14.60479],[-14.30885,14.60646],[-14.30895,14.60762],[-14.30939,14.60833],[-14.30967,14.60917],[-14.31039,14.61073],[-14.31111,14.61243],[-14.31198,14.61314],[-14.31421,14.61424],[-14.31563,14.61457],[-14.31677,14.61512],[-14.31805,14.61562],[-14.31885,14.61631],[-14.3198,14.61728],[-14.32117,14.6182],[-14.32264,14.61995],[-14.32397,14.6211],[-14.32563,14.62239],[-14.32747,14.62321],[-14.32863,14.62519],[-14.33008,14.62631],[-14.33131,14.62824],[-14.33226,14.62994],[-14.33312,14.6321],[-14.33364,14.63312],[-14.33445,14.63482],[-14.33487,14.63583],[-14.33572,14.63749],[-14.33658,14.6391],[-14.33725,14.6403],[-14.33787,14.64135],[-14.33824,14.64251],[-14.33862,14.64408],[-14.33862,14.64633],[-14.33858,14.64767],[-14.339,14.64891],[-14.33958,14.64992],[-14.34016,14.65108],[-14.34102,14.65221],[-14.34218,14.65348],[-14.34333,14.6549],[-14.34462,14.6566],[-14.34616,14.65858],[-14.34664,14.65817],[-14.34795,14.65704],[-14.34898,14.65577],[-14.351,14.65521],[-14.35435,14.65508],[-14.35536,14.65423],[-14.3574,14.65325],[-14.359,14.65226],[-14.36016,14.65128],[-14.36176,14.65016],[-14.36394,14.64804],[-14.36611,14.64748],[-14.36728,14.64706],[-14.36771,14.64678],[-14.36815,14.6465],[-14.37047,14.64735],[-14.37163,14.64693],[-14.37323,14.64722],[-14.37497,14.64638],[-14.37541,14.64525],[-14.37715,14.64525],[-14.37846,14.6437],[-14.38136,14.64328],[-14.38268,14.64244],[-14.38441,14.64188],[-14.38602,14.64061],[-14.38718,14.63991],[-14.38819,14.63949],[-14.39082,14.63766],[-14.39227,14.63597],[-14.3943,14.63569],[-14.3972,14.63499],[-14.39938,14.63457],[-14.40243,14.635],[-14.40475,14.63529],[-14.4075,14.63601],[-14.40852,14.63657],[-14.41141,14.63743],[-14.41344,14.63771],[-14.41432,14.63701],[-14.41505,14.63574],[-14.41534,14.6349],[-14.41621,14.63335],[-14.41752,14.63193],[-14.42014,14.63039],[-14.4213,14.62884],[-14.42363,14.62601],[-14.42538,14.62446],[-14.42669,14.62291],[-14.42815,14.6215],[-14.43061,14.6201],[-14.43193,14.61855],[-14.43397,14.61572],[-14.43614,14.61432],[-14.43832,14.61234],[-14.44022,14.61023],[-14.4424,14.60868],[-14.4453,14.60572],[-14.44749,14.60219],[-14.45039,14.59981],[-14.45301,14.59769],[-14.4565,14.59332],[-14.45941,14.59078],[-14.46159,14.58839],[-14.46305,14.58783],[-14.46392,14.58599],[-14.46639,14.58473],[-14.46828,14.58218],[-14.46988,14.57992],[-14.47206,14.57767],[-14.47439,14.57584],[-14.47627,14.57514],[-14.47787,14.57345],[-14.47934,14.57077],[-14.48108,14.56837],[-14.48282,14.5671],[-14.48514,14.56725],[-14.48805,14.56612],[-14.48935,14.56584],[-14.49138,14.56486],[-14.49313,14.56387],[-14.49545,14.5626],[-14.49792,14.56233],[-14.50038,14.56148],[-14.50228,14.56121],[-14.50445,14.56008],[-14.50706,14.55981],[-14.51041,14.55783],[-14.51273,14.55728],[-14.51621,14.55587],[-14.51969,14.55489],[-14.52231,14.55404],[-14.52419,14.55362],[-14.52579,14.55334],[-14.52855,14.55123],[-14.53145,14.5511],[-14.53435,14.54983],[-14.53638,14.54856],[-14.53856,14.54857],[-14.54089,14.54702],[-14.54393,14.54632],[-14.54639,14.54562],[-14.5493,14.5442],[-14.55075,14.5435],[-14.55278,14.54295],[-14.55409,14.54252],[-14.55568,14.54196],[-14.55873,14.54225],[-14.56033,14.54126],[-14.56381,14.54099],[-14.56888,14.54044],[-14.57164,14.54002],[-14.57527,14.5396],[-14.57745,14.53847],[-14.57992,14.53791],[-14.58383,14.53706],[-14.58557,14.53665],[-14.5876,14.53707],[-14.59152,14.53595],[-14.59485,14.53567],[-14.59892,14.5344],[-14.60226,14.53357],[-14.6053,14.53357],[-14.60835,14.53301],[-14.6111,14.53203],[-14.61226,14.53203],[-14.61445,14.53161],[-14.61749,14.53104],[-14.61953,14.53021],[-14.62126,14.52964],[-14.62489,14.52993],[-14.62605,14.52922],[-14.62822,14.52895],[-14.62875,14.52797],[-14.62946,14.51507],[-14.63096,14.48829],[-14.63245,14.4615],[-14.63377,14.45224],[-14.63467,14.43457],[-14.63602,14.40787],[-14.63781,14.38103],[-14.63959,14.35434],[-14.64094,14.32749],[-14.64212,14.31238],[-14.6417,14.30121],[-14.63995,14.29886],[-14.63836,14.29759],[-14.63635,14.29598],[-14.63274,14.29244],[-14.62985,14.28947],[-14.62666,14.28735],[-14.62392,14.28438],[-14.62001,14.28126],[-14.61582,14.27701],[-14.61205,14.27389],[-14.61032,14.2722],[-14.60772,14.26966],[-14.60746,14.26935],[-14.60679,14.26859],[-14.60598,14.26767],[-14.60396,14.26569],[-14.60135,14.263],[-14.59962,14.26201],[-14.59832,14.26017],[-14.59721,14.25901],[-14.59721,14.25789],[-14.59649,14.255],[-14.59639,14.25117],[-14.59605,14.24818],[-14.59567,14.2455],[-14.59566,14.24293],[-14.59518,14.24002],[-14.5949,14.23791],[-14.59456,14.23463],[-14.59431,14.23082],[-14.5944,14.22796],[-14.59412,14.22524],[-14.59345,14.22414],[-14.59311,14.2211],[-14.59297,14.21903],[-14.59287,14.21709],[-14.59259,14.21543],[-14.59244,14.21302],[-14.592,14.20894],[-14.59186,14.20723],[-14.59173,14.20539],[-14.59145,14.20242],[-14.59123,14.20097],[-14.59118,14.19872],[-14.59117,14.19687],[-14.59117,14.19562],[-14.59093,14.1942],[-14.5905,14.19258],[-14.59046,14.19056],[-14.59021,14.18816],[-14.58997,14.18568],[-14.58968,14.18319],[-14.58949,14.18098],[-14.58929,14.17821],[-14.58903,14.17642],[-14.58875,14.17487],[-14.58866,14.17191],[-14.58818,14.169],[-14.58785,14.16606],[-14.58789,14.16362],[-14.58765,14.16182],[-14.58761,14.16088],[-14.58733,14.15791],[-14.58707,14.1549],[-14.58655,14.15246],[-14.58619,14.14915],[-14.58592,14.14634],[-14.58567,14.1438],[-14.58562,14.14136],[-14.58576,14.13938],[-14.58571,14.13827],[-14.58562,14.13758],[-14.58585,14.13648],[-14.58632,14.13486],[-14.58697,14.13233],[-14.58735,14.12984],[-14.58754,14.12763],[-14.58825,14.12471],[-14.58841,14.12288],[-14.58898,14.12132],[-14.58957,14.11793],[-14.58986,14.11638],[-14.58998,14.11596],[-14.59036,14.11464],[-14.59059,14.11384],[-14.59078,14.11286],[-14.59085,14.1125],[-14.59103,14.11158],[-14.59118,14.11031],[-14.59176,14.10762],[-14.5922,14.10508],[-14.59235,14.10353],[-14.59264,14.10225],[-14.59337,14.09914],[-14.59352,14.09788],[-14.59381,14.09618],[-14.5941,14.09449],[-14.59483,14.09208],[-14.59498,14.09067],[-14.59464,14.08896],[-14.59434,14.08708],[-14.59415,14.08519],[-14.59391,14.08348],[-14.59344,14.08224],[-14.59343,14.07916],[-14.59315,14.07713],[-14.59319,14.07413],[-14.59238,14.07206],[-14.59237,14.0693],[-14.59162,14.06741],[-14.59151,14.06267],[-14.59099,14.06147],[-14.59122,14.05894],[-14.59051,14.057],[-14.59035,14.05346],[-14.58988,14.05148],[-14.58926,14.04917],[-14.58897,14.04599],[-14.58892,14.0434],[-14.5884,14.0406],[-14.58782,14.0388],[-14.588,14.03415],[-14.58728,14.03046],[-14.58737,14.02668],[-14.5868,14.0247],[-14.58637,14.02185],[-14.58594,14.01913],[-14.58604,14.01899],[-14.58574,14.01629],[-14.58473,14.01247],[-14.5843,14.0112],[-14.58445,14.00992],[-14.58441,14.00771],[-14.58397,14.00642],[-14.58369,14.00393],[-14.5834,14.002],[-14.58322,14.00121],[-14.58288,14.0005],[-14.5826,13.99988],[-14.58293,13.99823],[-14.58326,13.99551],[-14.58392,13.99376],[-14.58459,13.99082],[-14.5854,13.98851],[-14.58639,13.98607],[-14.58733,13.98322],[-14.58814,13.98087],[-14.58894,13.97852],[-14.59003,13.9759],[-14.59178,13.97225],[-14.59251,13.96969],[-14.59354,13.96627],[-14.59448,13.96278],[-14.59557,13.95973],[-14.59694,13.95619],[-14.59826,13.95195],[-14.59958,13.94979],[-14.6003,13.94707],[-14.60162,13.94339],[-14.60242,13.941],[-14.60612,13.93952],[-14.60787,13.9371],[-14.61225,13.93597],[-14.61531,13.93256],[-14.62028,13.93014],[-14.62422,13.92801],[-14.62772,13.92659],[-14.63283,13.92175],[-14.63561,13.92048],[-14.63969,13.91821],[-14.64508,13.91594],[-14.64786,13.91295],[-14.65093,13.91025],[-14.65297,13.90939],[-14.6572,13.90741],[-14.66056,13.90457],[-14.66596,13.90187],[-14.66844,13.89931],[-14.67223,13.89689],[-14.67705,13.89362],[-14.68011,13.89291],[-14.68317,13.89121],[-14.68842,13.88865],[-14.69237,13.88709],[-14.69397,13.88453],[-14.69672,13.87773],[-14.69889,13.87208],[-14.70179,13.86573],[-14.70382,13.86065],[-14.70537,13.85672],[-14.70599,13.85514],[-14.70601,13.85509],[-14.70875,13.84907],[-14.71092,13.84371],[-14.71252,13.84017],[-14.71426,13.83608],[-14.71453,13.83286],[-14.71557,13.83019],[-14.71788,13.8276],[-14.71948,13.82323],[-14.7202,13.82068],[-14.72064,13.81912],[-14.72079,13.81884],[-14.72113,13.81874],[-14.724,13.81787],[-14.73109,13.81676],[-14.73811,13.81676],[-14.74595,13.81506],[-14.75245,13.81519],[-14.75569,13.81406],[-14.76078,13.81474],[-14.76647,13.81468],[-14.77281,13.8134],[-14.77721,13.81408],[-14.78137,13.81363],[-14.78738,13.81341],[-14.79303,13.81255],[-14.79756,13.81297],[-14.80057,13.8132],[-14.80417,13.81241],[-14.80473,13.8123],[-14.80479,13.81223],[-14.80635,13.81026],[-14.80936,13.80914],[-14.81075,13.80575],[-14.81237,13.80236],[-14.81446,13.80032],[-14.81631,13.79716],[-14.81863,13.79512],[-14.8184,13.79376],[-14.82071,13.79082],[-14.8221,13.78902],[-14.82326,13.7854],[-14.82604,13.78405],[-14.82696,13.78337],[-14.82694,13.78042],[-14.82902,13.77909],[-14.83043,13.77798],[-14.83255,13.77628],[-14.83198,13.77297],[-14.83213,13.77232],[-14.83312,13.7714],[-14.83359,13.77067],[-14.83359,13.76949]]]}},{"type":"Feature","properties":{"region":"thies"},"geometry":{"type":"Polygon","coordinates":[[[-17.14462,14.58681],[-17.14447,14.5866],[-17.14395,14.58665],[-17.14336,14.58519],[-17.14277,14.58344],[-17.14198,14.58184],[-17.14121,14.58029],[-17.14061,14.57837],[-17.14025,14.57644],[-17.13932,14.57391],[-17.13817,14.57273],[-17.1374,14.57192],[-17.13557,14.57005],[-17.13432,14.56864],[-17.13327,14.5676],[-17.13211,14.56582],[-17.13011,14.56524],[-17.12791,14.5639],[-17.12662,14.56263],[-17.12589,14.56116],[-17.12474,14.56007],[-17.12341,14.55967],[-17.12354,14.55908],[-17.12126,14.55818],[-17.11996,14.5571],[-17.11878,14.55619],[-17.11749,14.55557],[-17.1162,14.55499],[-17.11477,14.55418],[-17.11319,14.55286],[-17.1119,14.55183],[-17.11119,14.55192],[-17.11096,14.55155],[-17.10988,14.54992],[-17.10893,14.54887],[-17.10805,14.54745],[-17.10737,14.54553],[-17.10743,14.54396],[-17.10693,14.54185],[-17.10605,14.53974],[-17.10575,14.5386],[-17.10492,14.53691],[-17.10415,14.53609],[-17.10376,14.53485],[-17.10256,14.53371],[-17.10155,14.53244],[-17.10114,14.53088],[-17.10023,14.52928],[-17.10039,14.52808],[-17.09986,14.52689],[-17.09954,14.52459],[-17.09909,14.52262],[-17.09859,14.5212],[-17.0972,14.51979],[-17.09667,14.51859],[-17.09583,14.51695],[-17.09495,14.51517],[-17.09432,14.51338],[-17.09419,14.51131],[-17.0929,14.51018],[-17.09183,14.50825],[-17.09175,14.50535],[-17.09178,14.50452],[-17.09231,14.50221],[-17.09201,14.50065],[-17.09202,14.49835],[-17.0917,14.49605],[-17.09036,14.49464],[-17.0892,14.49341],[-17.08814,14.49177],[-17.08757,14.49077],[-17.08665,14.49014],[-17.08545,14.48882],[-17.0844,14.48805],[-17.08279,14.4877],[-17.08127,14.48694],[-17.07997,14.48571],[-17.07987,14.48497],[-17.07984,14.48332],[-17.07964,14.48194],[-17.07842,14.47974],[-17.07722,14.47816],[-17.07688,14.47788],[-17.07591,14.47619],[-17.07532,14.47477],[-17.07412,14.47322],[-17.07306,14.47232],[-17.07249,14.47136],[-17.07229,14.47044],[-17.07148,14.47054],[-17.06994,14.47143],[-17.06862,14.47178],[-17.06723,14.47073],[-17.066,14.47006],[-17.06476,14.46944],[-17.06403,14.46821],[-17.0636,14.46742],[-17.0631,14.46564],[-17.06283,14.46398],[-17.06234,14.46237],[-17.0619,14.46096],[-17.0612,14.45894],[-17.06099,14.45683],[-17.0604,14.45559],[-17.05986,14.4544],[-17.05932,14.45288],[-17.0578,14.45245],[-17.05646,14.45126],[-17.05518,14.45045],[-17.05294,14.44957],[-17.05128,14.44867],[-17.04979,14.44795],[-17.04828,14.44751],[-17.04667,14.4473],[-17.04515,14.44704],[-17.04317,14.44707],[-17.04123,14.44705],[-17.03972,14.44694],[-17.03811,14.44668],[-17.03691,14.44587],[-17.03549,14.44574],[-17.03423,14.4466],[-17.03263,14.44694],[-17.03125,14.44645],[-17.03067,14.44597],[-17.02958,14.44505],[-17.02742,14.44318],[-17.02608,14.44191],[-17.02456,14.44101],[-17.02355,14.43969],[-17.02383,14.43919],[-17.02175,14.43898],[-17.01928,14.4385],[-17.01832,14.43801],[-17.01738,14.43766],[-17.01631,14.43601],[-17.01541,14.4351],[-17.01323,14.4355],[-17.01187,14.43631],[-17.00998,14.43554],[-17.00806,14.43428],[-17.00677,14.43305],[-17.006,14.43205],[-17.00485,14.43092],[-17.00361,14.42955],[-17.00251,14.42938],[-17.00089,14.4282],[-17.00031,14.42734],[-16.99994,14.42719],[-16.99918,14.42689],[-16.99834,14.42643],[-16.99594,14.42476],[-16.99271,14.42226],[-16.98902,14.41871],[-16.98578,14.41579],[-16.98212,14.41379],[-16.97912,14.4118],[-16.9757,14.40962],[-16.97246,14.40717],[-16.96936,14.40513],[-16.96501,14.4012],[-16.9602,14.39451],[-16.95685,14.38825],[-16.95324,14.38547],[-16.95137,14.38312],[-16.95017,14.37939],[-16.94606,14.37409],[-16.94435,14.3699],[-16.94137,14.36496],[-16.93842,14.36099],[-16.93633,14.35689],[-16.93405,14.35256],[-16.93243,14.34746],[-16.93175,14.34369],[-16.93104,14.33845],[-16.93124,14.33459],[-16.93203,14.32849],[-16.93303,14.32088],[-16.93414,14.31565],[-16.93431,14.31244],[-16.93396,14.30689],[-16.93276,14.30229],[-16.9324,14.29989],[-16.93163,14.2953],[-16.93063,14.29089],[-16.929,14.28794],[-16.92768,14.28848],[-16.92406,14.28745],[-16.92058,14.28687],[-16.91724,14.28588],[-16.91364,14.28256],[-16.91036,14.27918],[-16.9085,14.27655],[-16.90641,14.27342],[-16.90435,14.26964],[-16.90212,14.26558],[-16.89946,14.26263],[-16.89577,14.25897],[-16.89184,14.25532],[-16.88472,14.24825],[-16.88451,14.24804],[-16.88412,14.24765],[-16.88119,14.24243],[-16.87915,14.23829],[-16.8779,14.23456],[-16.87641,14.23151],[-16.8763,14.23124],[-16.87488,14.22924],[-16.87442,14.22804],[-16.87415,14.22689],[-16.87385,14.22551],[-16.87381,14.2245],[-16.87382,14.22353],[-16.87382,14.22335],[-16.87367,14.2227],[-16.87364,14.22257],[-16.87364,14.22255],[-16.87295,14.22079],[-16.87268,14.21941],[-16.87134,14.21688],[-16.8713,14.21398],[-16.87059,14.2087],[-16.87057,14.20535],[-16.87076,14.20347],[-16.87078,14.20035],[-16.87029,14.19823],[-16.87073,14.19543],[-16.87112,14.19342],[-16.87152,14.19016],[-16.87176,14.1875],[-16.87136,14.18469],[-16.87071,14.18405],[-16.8691,14.18491],[-16.86745,14.18591],[-16.86533,14.18663],[-16.8634,14.18634],[-16.86148,14.18522],[-16.85998,14.1842],[-16.85807,14.18171],[-16.85676,14.17918],[-16.85542,14.17628],[-16.85342,14.17314],[-16.85134,14.16892],[-16.84946,14.16556],[-16.84721,14.1627],[-16.84491,14.16071],[-16.84157,14.15831],[-16.83888,14.15705],[-16.83588,14.15512],[-16.83253,14.15276],[-16.83018,14.15155],[-16.82892,14.15114],[-16.82811,14.15086],[-16.82321,14.15231],[-16.82137,14.15125],[-16.81968,14.15102],[-16.8185,14.15105],[-16.81812,14.14945],[-16.81954,14.14793],[-16.82039,14.14637],[-16.8204,14.14494],[-16.81946,14.1436],[-16.81834,14.14263],[-16.81697,14.14185],[-16.81518,14.14088],[-16.81391,14.14036],[-16.81278,14.13966],[-16.81175,14.13902],[-16.81095,14.13856],[-16.81099,14.13911],[-16.81123,14.13976],[-16.81151,14.14031],[-16.81033,14.13971],[-16.80859,14.13809],[-16.80719,14.1362],[-16.80596,14.13458],[-16.80521,14.13361],[-16.8043,14.1326],[-16.80388,14.13183],[-16.80482,14.13151],[-16.80633,14.13115],[-16.80661,14.13074],[-16.807,14.12982],[-16.807,14.12927],[-16.80681,14.1284],[-16.80677,14.12775],[-16.80519,14.12651],[-16.80293,14.12511],[-16.80158,14.12432],[-16.79998,14.12302],[-16.79807,14.1214],[-16.79653,14.1196],[-16.79598,14.11776],[-16.79501,14.1148],[-16.79404,14.11181],[-16.79271,14.10758],[-16.79128,14.10362],[-16.78975,14.09984],[-16.78837,14.09607],[-16.78703,14.09247],[-16.78569,14.0886],[-16.78478,14.08456],[-16.78428,14.08116],[-16.78295,14.07683],[-16.78204,14.07361],[-16.78023,14.06974],[-16.77826,14.06325],[-16.77759,14.05742],[-16.77703,14.05389],[-16.77374,14.05613],[-16.77231,14.05755],[-16.77002,14.06082],[-16.7683,14.06394],[-16.76558,14.06819],[-16.76342,14.06821],[-16.75733,14.06684],[-16.75458,14.06686],[-16.75316,14.06941],[-16.75406,14.07463],[-16.7538,14.07788],[-16.75382,14.08057],[-16.75589,14.08606],[-16.75764,14.0893],[-16.75911,14.09183],[-16.76188,14.09463],[-16.76465,14.09716],[-16.76857,14.09924],[-16.76874,14.10235],[-16.76789,14.10462],[-16.76805,14.10701],[-16.77081,14.10812],[-16.77516,14.10993],[-16.77894,14.11174],[-16.7807,14.11426],[-16.78332,14.11636],[-16.78782,14.11901],[-16.79147,14.12252],[-16.79308,14.12547],[-16.79255,14.13127],[-16.79127,14.13368],[-16.7894,14.13637],[-16.78582,14.14035],[-16.78308,14.14207],[-16.78062,14.14293],[-16.77845,14.14252],[-16.77756,14.14014],[-16.77568,14.13944],[-16.7722,14.13905],[-16.76932,14.13991],[-16.76571,14.14149],[-16.76326,14.14293],[-16.76081,14.14308],[-16.75833,14.14154],[-16.75544,14.14143],[-16.754,14.1437],[-16.75433,14.14722],[-16.75623,14.15046],[-16.76163,14.15649],[-16.76367,14.15916],[-16.76456,14.16212],[-16.76415,14.16494],[-16.75985,14.16879],[-16.7574,14.17121],[-16.75293,14.17294],[-16.74903,14.17424],[-16.745,14.1778],[-16.74371,14.18134],[-16.7433,14.18247],[-16.74085,14.18391],[-16.73738,14.18421],[-16.73477,14.18395],[-16.73364,14.18735],[-16.7299,14.18934],[-16.72761,14.19318],[-16.7249,14.19828],[-16.72406,14.20281],[-16.72424,14.20705],[-16.72484,14.21099],[-16.72629,14.21056],[-16.73136,14.21194],[-16.73689,14.21457],[-16.73995,14.21752],[-16.74389,14.22089],[-16.74609,14.22581],[-16.74917,14.23101],[-16.75037,14.23679],[-16.7497,14.24316],[-16.74857,14.24697],[-16.746,14.25151],[-16.74558,14.25336],[-16.74271,14.25747],[-16.74028,14.26045],[-16.73712,14.26472],[-16.73238,14.26983],[-16.72923,14.27283],[-16.72564,14.27737],[-16.72234,14.28275],[-16.72077,14.28489],[-16.72008,14.2859],[-16.71891,14.288],[-16.71562,14.29297],[-16.71305,14.29793],[-16.71062,14.30247],[-16.70907,14.30898],[-16.70869,14.31421],[-16.709,14.31831],[-16.70933,14.32282],[-16.71173,14.33438],[-16.71146,14.33834],[-16.71178,14.34144],[-16.71081,14.34696],[-16.71072,14.35332],[-16.71046,14.35498],[-16.71027,14.3562],[-16.71003,14.35784],[-16.70977,14.36364],[-16.70869,14.37296],[-16.70788,14.38031],[-16.70648,14.38823],[-16.70643,14.38923],[-16.70597,14.39614],[-16.70526,14.39827],[-16.70383,14.40082],[-16.70095,14.40352],[-16.6975,14.40694],[-16.69304,14.41106],[-16.68974,14.41533],[-16.68125,14.4233],[-16.67707,14.42601],[-16.67259,14.42717],[-16.66737,14.42735],[-16.65897,14.42755],[-16.64999,14.42818],[-16.6439,14.42822],[-16.63883,14.42868],[-16.63536,14.42984],[-16.63406,14.43098],[-16.63076,14.43495],[-16.62789,14.43949],[-16.62401,14.44277],[-16.62128,14.44589],[-16.61854,14.44859],[-16.61624,14.44988],[-16.61522,14.45003],[-16.60843,14.45304],[-16.6051,14.4532],[-16.60207,14.45422],[-16.60018,14.45508],[-16.59874,14.45607],[-16.59585,14.45708],[-16.59384,14.45894],[-16.58735,14.46363],[-16.5859,14.46477],[-16.58259,14.46748],[-16.57581,14.47219],[-16.57253,14.47531],[-16.57193,14.47589],[-16.57175,14.47605],[-16.57006,14.47773],[-16.56573,14.48073],[-16.56126,14.48472],[-16.55795,14.48798],[-16.5542,14.49056],[-16.55189,14.49241],[-16.54844,14.49652],[-16.54802,14.49836],[-16.54759,14.5002],[-16.54674,14.50204],[-16.54473,14.50389],[-16.54214,14.50772],[-16.53971,14.51268],[-16.53714,14.51834],[-16.53571,14.52132],[-16.535,14.52415],[-16.53401,14.52698],[-16.53274,14.53165],[-16.53233,14.53547],[-16.53192,14.53957],[-16.5321,14.54451],[-16.53126,14.54946],[-16.52983,14.5523],[-16.52913,14.55499],[-16.52856,14.55795],[-16.52728,14.56065],[-16.52629,14.56447],[-16.52507,14.5669],[-16.52458,14.56787],[-16.5245,14.56799],[-16.52229,14.57198],[-16.52028,14.57552],[-16.519,14.57976],[-16.51875,14.5857],[-16.51979,14.58993],[-16.52114,14.59642],[-16.5241,14.60445],[-16.52543,14.60762],[-16.52909,14.60768],[-16.53866,14.60776],[-16.54577,14.60715],[-16.55577,14.60582],[-16.56519,14.60518],[-16.56998,14.60572],[-16.5755,14.60681],[-16.5819,14.60916],[-16.58612,14.61182],[-16.58918,14.6135],[-16.5924,14.617],[-16.59575,14.62009],[-16.59852,14.62218],[-16.60159,14.62527],[-16.60641,14.62948],[-16.61063,14.63185],[-16.61428,14.6355],[-16.61633,14.63717],[-16.61881,14.63942],[-16.62092,14.64011],[-16.621,14.64036],[-16.62214,14.64996],[-16.62175,14.65646],[-16.62121,14.66226],[-16.61691,14.66892],[-16.6123,14.67432],[-16.60958,14.67816],[-16.60685,14.68241],[-16.60545,14.69019],[-16.60513,14.69803],[-16.60509,14.69908],[-16.60652,14.71673],[-16.60654,14.71998],[-16.60615,14.72535],[-16.60534,14.73439],[-16.60461,14.7394],[-16.60438,14.74103],[-16.60441,14.74129],[-16.60499,14.74612],[-16.60638,14.75698],[-16.60701,14.76703],[-16.60703,14.76744],[-16.60853,14.77236],[-16.61452,14.77854],[-16.61789,14.78218],[-16.62421,14.79429],[-16.62829,14.79624],[-16.63572,14.80113],[-16.64054,14.80448],[-16.6461,14.80924],[-16.64931,14.81204],[-16.64921,14.81755],[-16.64605,14.82308],[-16.64216,14.8265],[-16.63539,14.83319],[-16.62976,14.8376],[-16.62599,14.83918],[-16.62399,14.84273],[-16.6238,14.84733],[-16.62374,14.84865],[-16.62538,14.8543],[-16.62613,14.8574],[-16.62762,14.86247],[-16.63056,14.8674],[-16.63452,14.87246],[-16.64198,14.87974],[-16.64987,14.88477],[-16.65483,14.88883],[-16.65763,14.89418],[-16.66206,14.9046],[-16.6691,14.91387],[-16.67685,14.92059],[-16.68709,14.92928],[-16.67585,14.94122],[-16.66488,14.9509],[-16.65809,14.95562],[-16.65462,14.95677],[-16.65447,14.95738],[-16.65425,14.95832],[-16.65374,14.95861],[-16.6433,14.96151],[-16.63084,14.96484],[-16.61431,14.96934],[-16.60256,14.9707],[-16.58776,14.97433],[-16.57529,14.97767],[-16.57021,14.97948],[-16.56153,14.98256],[-16.55153,14.98602],[-16.53543,14.99079],[-16.53268,14.99194],[-16.52054,14.99719],[-16.51208,14.99937],[-16.5031,15.00018],[-16.49765,15.00079],[-16.49462,15.00349],[-16.48739,15.00834],[-16.48073,15.01262],[-16.47744,15.0144],[-16.47596,15.01519],[-16.4734,15.01607],[-16.47176,15.01663],[-16.46726,15.01878],[-16.46089,15.02123],[-16.45393,15.02311],[-16.44856,15.02427],[-16.44246,15.02544],[-16.43706,15.02642],[-16.4368,15.02646],[-16.43676,15.02647],[-16.42998,15.02707],[-16.42183,15.02585],[-16.41398,15.02491],[-16.40452,15.02327],[-16.39624,15.02347],[-16.39115,15.02308],[-16.38592,15.02258],[-16.38403,15.02241],[-16.37457,15.01992],[-16.36423,15.01716],[-16.34794,15.01317],[-16.34313,15.0115],[-16.33176,15.00676],[-16.32331,15.003],[-16.32024,15.00091],[-16.30757,14.99786],[-16.30146,14.99578],[-16.29507,14.99511],[-16.28338,14.99233],[-16.28051,14.99165],[-16.27236,14.9893],[-16.26333,14.98525],[-16.25182,14.97953],[-16.24584,14.9766],[-16.23899,14.97155],[-16.23285,14.96452],[-16.2318,14.95916],[-16.22843,14.95423],[-16.22363,14.95312],[-16.21434,14.95332],[-16.202,14.9572],[-16.19243,14.96064],[-16.18707,14.96264],[-16.17836,14.96396],[-16.17706,14.96405],[-16.17766,14.96792],[-16.17712,14.97399],[-16.17641,14.97682],[-16.17627,14.97923],[-16.17746,14.98554],[-16.17963,14.99964],[-16.17961,15.00288],[-16.18036,15.00768],[-16.18198,15.01178],[-16.18346,15.01557],[-16.18639,15.01924],[-16.18858,15.02275],[-16.18964,15.02882],[-16.19361,15.03855],[-16.19613,15.04673],[-16.19718,15.05407],[-16.19695,15.06339],[-16.19689,15.06829],[-16.19685,15.07201],[-16.19547,15.08544],[-16.19667,15.09235],[-16.19946,15.09601],[-16.20428,15.10079],[-16.21012,15.1057],[-16.21406,15.10794],[-16.22427,15.11424],[-16.22967,15.11732],[-16.23209,15.11911],[-16.23434,15.12068],[-16.23698,15.12462],[-16.23732,15.1253],[-16.2386,15.12787],[-16.2392,15.13181],[-16.23865,15.13747],[-16.2381,15.14369],[-16.23783,15.1468],[-16.23816,15.15315],[-16.23978,15.15668],[-16.24153,15.15864],[-16.24389,15.16499],[-16.24496,15.16668],[-16.2455,15.16755],[-16.24742,15.17062],[-16.25021,15.17526],[-16.25314,15.17878],[-16.25827,15.18468],[-16.26208,15.18974],[-16.2656,15.19452],[-16.26811,15.20016],[-16.26915,15.20482],[-16.27006,15.20989],[-16.27081,15.21554],[-16.27042,15.22232],[-16.27,15.226],[-16.26903,15.23264],[-16.26818,15.23745],[-16.26966,15.24338],[-16.27115,15.24831],[-16.27454,15.2562],[-16.27792,15.26141],[-16.28217,15.26703],[-16.29094,15.27278],[-16.29361,15.27353],[-16.29633,15.27429],[-16.30228,15.2737],[-16.30635,15.27169],[-16.30908,15.26603],[-16.31018,15.25628],[-16.31146,15.25245],[-16.31349,15.25061],[-16.31713,15.24988],[-16.32309,15.25055],[-16.32578,15.25237],[-16.3301,15.25531],[-16.33434,15.2591],[-16.33933,15.26416],[-16.34269,15.26738],[-16.34621,15.27174],[-16.34567,15.27881],[-16.34118,15.28194],[-16.33729,15.28733],[-16.33486,15.29427],[-16.33635,15.29963],[-16.33827,15.30456],[-16.34371,15.31272],[-16.34811,15.31791],[-16.35207,15.32269],[-16.36068,15.32786],[-16.37655,15.32791],[-16.39735,15.32722],[-16.40594,15.32702],[-16.41743,15.32624],[-16.42343,15.33185],[-16.43017,15.33929],[-16.43355,15.34351],[-16.43839,15.34843],[-16.44424,15.35376],[-16.44734,15.3564],[-16.44834,15.35725],[-16.44897,15.35768],[-16.45273,15.36019],[-16.45375,15.35948],[-16.45461,15.35834],[-16.45785,15.35506],[-16.45909,15.35379],[-16.46314,15.35066],[-16.46734,15.34767],[-16.48063,15.33317],[-16.48554,15.32792],[-16.49117,15.32251],[-16.49478,15.31713],[-16.49839,15.31371],[-16.50287,15.30959],[-16.50502,15.30589],[-16.50805,15.30192],[-16.51194,15.29625],[-16.51424,15.29284],[-16.51741,15.28801],[-16.51419,15.28564],[-16.51372,15.28056],[-16.51456,15.27819],[-16.51501,15.27693],[-16.51529,15.27617],[-16.51846,15.27219],[-16.52426,15.26976],[-16.52951,15.27127],[-16.53165,15.26716],[-16.53712,15.25865],[-16.54315,15.24759],[-16.54962,15.23597],[-16.55663,15.22081],[-16.56193,15.20961],[-16.56623,15.20097],[-16.57054,15.19401],[-16.57702,15.18606],[-16.58309,15.18094],[-16.58915,15.1751],[-16.59436,15.17027],[-16.5978,15.1643],[-16.60081,15.15892],[-16.61035,15.15108],[-16.61536,15.14501],[-16.61539,15.14497],[-16.61535,15.14548],[-16.61367,15.16815],[-16.61271,15.17536],[-16.61278,15.18454],[-16.61518,15.19427],[-16.61887,15.20045],[-16.62004,15.20186],[-16.62661,15.20534],[-16.63026,15.20814],[-16.63116,15.21123],[-16.63519,15.2249],[-16.64044,15.22699],[-16.65169,15.23382],[-16.6612,15.24095],[-16.66679,15.24498],[-16.66896,15.24655],[-16.6867,15.26478],[-16.69123,15.26756],[-16.69809,15.27105],[-16.70322,15.27454],[-16.70776,15.2793],[-16.71086,15.28549],[-16.71629,15.2911],[-16.72956,15.29453],[-16.7411,15.2991],[-16.74447,15.30232],[-16.76093,15.30892],[-16.77739,15.31552],[-16.79385,15.32212],[-16.81005,15.32861],[-16.81638,15.31904],[-16.82205,15.30994],[-16.82594,15.30285],[-16.82942,15.29794],[-16.83198,15.29302],[-16.83532,15.28763],[-16.84104,15.27939],[-16.84433,15.27473],[-16.84818,15.26844],[-16.8524,15.26195],[-16.85606,15.25689],[-16.8586,15.25348],[-16.86314,15.24676],[-16.86511,15.24428],[-16.86962,15.23797],[-16.87464,15.23148],[-16.87845,15.22573],[-16.8814,15.22154],[-16.88609,15.21455],[-16.89077,15.20921],[-16.89518,15.20428],[-16.89946,15.19927],[-16.9042,15.19415],[-16.9066,15.1907],[-16.9126,15.18246],[-16.91679,15.17662],[-16.91809,15.17496],[-16.92026,15.17298],[-16.92596,15.16405],[-16.92775,15.16249],[-16.93174,15.15696],[-16.93474,15.15333],[-16.93769,15.1485],[-16.93924,15.14679],[-16.94153,15.14324],[-16.94406,15.14026],[-16.94665,15.13717],[-16.95131,15.1333],[-16.95448,15.12948],[-16.958,15.12441],[-16.95997,15.12243],[-16.96494,15.11631],[-16.97188,15.10848],[-16.97494,15.10494],[-16.98122,15.0983],[-16.98521,15.09338],[-16.99064,15.08675],[-16.99388,15.08247],[-16.99933,15.07726],[-17.0,15.07651],[-17.00181,15.07447],[-17.00305,15.07215],[-17.00483,15.07009],[-17.00637,15.06841],[-17.008,15.06622],[-17.00996,15.06416],[-17.0117,15.06257],[-17.013,15.06085],[-17.01519,15.05832],[-17.01611,15.05679],[-17.01803,15.05496],[-17.02014,15.05299],[-17.02201,15.05112],[-17.02449,15.04897],[-17.02622,15.04709],[-17.02762,15.04528],[-17.0293,15.0436],[-17.03099,15.04223],[-17.03294,15.03962],[-17.03462,15.03771],[-17.03635,15.03579],[-17.03751,15.03444],[-17.03896,15.03285],[-17.04107,15.03065],[-17.04284,15.02896],[-17.04399,15.02737],[-17.04442,15.02677],[-17.04456,15.02662],[-17.04487,15.02626],[-17.04564,15.02537],[-17.0467,15.02388],[-17.04843,15.02233],[-17.05002,15.02051],[-17.05188,15.01841],[-17.05319,15.01663],[-17.05521,15.01494],[-17.05712,15.01322],[-17.05847,15.01145],[-17.05987,15.00949],[-17.06122,15.00804],[-17.06248,15.00655],[-17.06359,15.00537],[-17.06523,15.00383],[-17.06672,15.0022],[-17.06822,15.00065],[-17.06958,14.99934],[-17.07121,14.99766],[-17.07204,14.99608],[-17.07298,14.99491],[-17.07385,14.99351],[-17.0755,14.9923],[-17.07681,14.99158],[-17.07812,14.99004],[-17.07875,14.98837],[-17.07949,14.98666],[-17.08111,14.9847],[-17.08191,14.98363],[-17.08307,14.98213],[-17.08471,14.98073],[-17.08559,14.97938],[-17.08741,14.97787],[-17.08863,14.97647],[-17.08966,14.97563],[-17.09058,14.97405],[-17.09208,14.97311],[-17.09372,14.97128],[-17.09441,14.97021],[-17.09539,14.969],[-17.0959,14.96798],[-17.0964,14.96714],[-17.09743,14.96621],[-17.09912,14.96494],[-17.10109,14.96371],[-17.10254,14.96184],[-17.10379,14.96021],[-17.10518,14.95812],[-17.10621,14.95677],[-17.10718,14.95565],[-17.10815,14.95415],[-17.10894,14.9529],[-17.10901,14.95283],[-17.10963,14.95213],[-17.11071,14.95094],[-17.11188,14.94963],[-17.11262,14.94828],[-17.11348,14.94611],[-17.11484,14.94475],[-17.11589,14.94238],[-17.1169,14.94062],[-17.1177,14.93945],[-17.11843,14.93773],[-17.11888,14.9363],[-17.11914,14.93491],[-17.11997,14.93278],[-17.12042,14.93116],[-17.12073,14.92945],[-17.12123,14.92824],[-17.12153,14.92658],[-17.12181,14.9263],[-17.12293,14.92449],[-17.1237,14.92282],[-17.12421,14.92157],[-17.12475,14.91975],[-17.1252,14.91883],[-17.12595,14.91785],[-17.12673,14.91623],[-17.1279,14.91487],[-17.12806,14.91334],[-17.12974,14.91153],[-17.13053,14.91049],[-17.13062,14.91063],[-17.13227,14.90977],[-17.13359,14.9093],[-17.13581,14.90834],[-17.13862,14.90669],[-17.14087,14.90495],[-17.1428,14.90437],[-17.14445,14.90369],[-17.14652,14.90289],[-17.14836,14.90208],[-17.15033,14.90113],[-17.15202,14.89986],[-17.15366,14.89868],[-17.15526,14.89755],[-17.15657,14.89666],[-17.15779,14.89622],[-17.15793,14.89609],[-17.16061,14.89471],[-17.16329,14.89314],[-17.16579,14.89205],[-17.16851,14.89091],[-17.17062,14.88981],[-17.17218,14.889],[-17.17438,14.88768],[-17.17617,14.88669],[-17.17676,14.88634],[-17.17593,14.88366],[-17.17472,14.88173],[-17.17398,14.88018],[-17.17278,14.87853],[-17.17151,14.87625],[-17.17072,14.8741],[-17.17023,14.87277],[-17.16973,14.87139],[-17.16847,14.86933],[-17.16687,14.8671],[-17.16594,14.86518],[-17.16491,14.86326],[-17.16422,14.86133],[-17.16268,14.859],[-17.16135,14.85626],[-17.16004,14.85411],[-17.15844,14.85132],[-17.15741,14.84912],[-17.15652,14.84715],[-17.15574,14.84482],[-17.15452,14.84257],[-17.15377,14.84066],[-17.15295,14.83886],[-17.15211,14.83698],[-17.15107,14.83452],[-17.14991,14.832],[-17.14893,14.83012],[-17.14761,14.82751],[-17.14667,14.82499],[-17.14522,14.82289],[-17.1441,14.82079],[-17.14322,14.81924],[-17.1425,14.81842],[-17.1413,14.81686],[-17.14168,14.81433],[-17.14045,14.81084],[-17.13841,14.80765],[-17.13693,14.80333],[-17.13566,14.80124],[-17.13546,14.80088],[-17.13386,14.79798],[-17.13217,14.79557],[-17.13059,14.79398],[-17.12955,14.79132],[-17.12819,14.78881],[-17.12715,14.78624],[-17.12656,14.78463],[-17.12639,14.78312],[-17.12636,14.78109],[-17.12639,14.77938],[-17.12626,14.77704],[-17.12628,14.77546],[-17.12619,14.77293],[-17.12645,14.77057],[-17.12684,14.76868],[-17.12704,14.76601],[-17.12752,14.76351],[-17.12792,14.76139],[-17.12789,14.75968],[-17.128,14.75756],[-17.12834,14.75534],[-17.12883,14.75262],[-17.12894,14.75064],[-17.12934,14.74892],[-17.1294,14.74638],[-17.12937,14.74469],[-17.13,14.74196],[-17.13011,14.73993],[-17.13044,14.73748],[-17.1305,14.73472],[-17.13066,14.73259],[-17.13081,14.72992],[-17.13129,14.72701],[-17.13169,14.72393],[-17.13173,14.72161],[-17.13193,14.71907],[-17.13193,14.71632],[-17.13213,14.71369],[-17.13232,14.71114],[-17.13229,14.70857],[-17.13225,14.70599],[-17.13255,14.70372],[-17.1329,14.70197],[-17.13362,14.69933],[-17.13401,14.69726],[-17.13445,14.6949],[-17.13469,14.69181],[-17.13483,14.68989],[-17.1354,14.68613],[-17.13564,14.68281],[-17.13616,14.67958],[-17.13616,14.67954],[-17.13625,14.67618],[-17.13643,14.67262],[-17.1368,14.66843],[-17.13689,14.66525],[-17.13727,14.66211],[-17.13798,14.65901],[-17.13808,14.65573],[-17.13828,14.65306],[-17.1387,14.64983],[-17.13951,14.64697],[-17.13966,14.64419],[-17.14013,14.64105],[-17.14032,14.63839],[-17.14029,14.63557],[-17.14038,14.63313],[-17.14062,14.62944],[-17.14095,14.62625],[-17.14126,14.62174],[-17.1415,14.61851],[-17.14173,14.61542],[-17.14203,14.61293],[-17.14236,14.61048],[-17.14307,14.6072],[-17.14341,14.60457],[-17.14374,14.60107],[-17.14384,14.5978],[-17.14417,14.59439],[-17.14427,14.59213],[-17.14462,14.58681]]]}},{"type":"Feature","properties":{"region":"ziguinchor"},"geometry":{"type":"Polygon","coordinates":[[[-15.895,13.16821],[-15.91188,13.16973],[-15.93038,13.17024],[-15.95152,13.17045],[-15.96326,13.16969],[-15.97632,13.16777],[-16.00052,13.16451],[-16.00044,13.165],[-16.02505,13.16453],[-16.03962,13.16472],[-16.06106,13.16598],[-16.07652,13.16627],[-16.08806,13.16677],[-16.09221,13.16694],[-16.10716,13.16663],[-16.12585,13.16619],[-16.14603,13.16585],[-16.17032,13.16513],[-16.19424,13.16478],[-16.21591,13.16443],[-16.2336,13.16509],[-16.2437,13.16516],[-16.2508,13.16525],[-16.26475,13.16542],[-16.28482,13.16581],[-16.3025,13.16548],[-16.305,13.16571],[-16.31895,13.16588],[-16.33739,13.16615],[-16.3557,13.16667],[-16.3714,13.16597],[-16.3932,13.16598],[-16.41437,13.16622],[-16.41481,13.16623],[-16.43244,13.16649],[-16.43818,13.16671],[-16.46047,13.16658],[-16.46881,13.16616],[-16.49099,13.16652],[-16.50818,13.16679],[-16.53596,13.16687],[-16.55228,13.16629],[-16.56573,13.16645],[-16.5732,13.1664],[-16.59588,13.167],[-16.60186,13.16708],[-16.6097,13.16642],[-16.63214,13.16799],[-16.63637,13.16747],[-16.64098,13.1683],[-16.64597,13.16803],[-16.65082,13.16775],[-16.66016,13.1683],[-16.67037,13.16836],[-16.68122,13.16962],[-16.68496,13.16935],[-16.68534,13.16948],[-16.69057,13.16956],[-16.6918,13.16784],[-16.69229,13.16662],[-16.69221,13.16491],[-16.69179,13.16438],[-16.69184,13.16397],[-16.69179,13.16328],[-16.69208,13.16345],[-16.69244,13.16235],[-16.69307,13.16222],[-16.69307,13.16174],[-16.69356,13.16113],[-16.69418,13.161],[-16.69505,13.16063],[-16.69662,13.16056],[-16.69761,13.16139],[-16.69955,13.1628],[-16.70067,13.16364],[-16.70192,13.16351],[-16.70317,13.16326],[-16.70427,13.16117],[-16.70315,13.15958],[-16.7024,13.15825],[-16.70169,13.1571],[-16.70089,13.15604],[-16.70042,13.15545],[-16.70014,13.15411],[-16.70028,13.15329],[-16.70098,13.15278],[-16.70188,13.15255],[-16.70398,13.15459],[-16.70427,13.15553],[-16.70648,13.15664],[-16.70773,13.15785],[-16.70985,13.1571],[-16.71134,13.15576],[-16.71219,13.1538],[-16.71156,13.15172],[-16.71046,13.1495],[-16.71022,13.1484],[-16.70896,13.14683],[-16.70821,13.14642],[-16.70666,13.14587],[-16.7059,13.14528],[-16.70515,13.14413],[-16.7043,13.14298],[-16.7044,13.14183],[-16.70467,13.14035],[-16.70481,13.13934],[-16.70491,13.13852],[-16.70491,13.13737],[-16.70425,13.13659],[-16.70293,13.13516],[-16.70241,13.13498],[-16.70199,13.1342],[-16.70227,13.13336],[-16.70349,13.13268],[-16.70466,13.13212],[-16.70588,13.13245],[-16.70729,13.13423],[-16.70776,13.1349],[-16.70889,13.13588],[-16.70964,13.13563],[-16.70964,13.13599],[-16.71187,13.13414],[-16.71286,13.13304],[-16.71284,13.13011],[-16.7117,13.12838],[-16.71137,13.12733],[-16.71118,13.12572],[-16.71168,13.12511],[-16.71266,13.12401],[-16.71365,13.1229],[-16.71478,13.12265],[-16.71665,13.12277],[-16.71764,13.12202],[-16.71863,13.12177],[-16.72071,13.12171],[-16.72217,13.12322],[-16.72325,13.12405],[-16.72525,13.12466],[-16.72687,13.12403],[-16.72822,13.12232],[-16.7287,13.11963],[-16.72732,13.11793],[-16.72668,13.11634],[-16.72468,13.11502],[-16.72375,13.11434],[-16.72177,13.1131],[-16.72088,13.11209],[-16.72031,13.11126],[-16.71971,13.1103],[-16.72069,13.10993],[-16.72233,13.10956],[-16.72384,13.10901],[-16.72514,13.10976],[-16.72741,13.11006],[-16.72877,13.11145],[-16.72864,13.1135],[-16.72953,13.11479],[-16.73067,13.11607],[-16.73229,13.11679],[-16.73354,13.1163],[-16.73652,13.11579],[-16.73789,13.1148],[-16.73824,13.11273],[-16.73911,13.11089],[-16.73909,13.10906],[-16.7387,13.10772],[-16.73825,13.10627],[-16.73801,13.10498],[-16.73712,13.10423],[-16.73604,13.1024],[-16.73411,13.10125],[-16.73279,13.09992],[-16.73162,13.09905],[-16.73053,13.09845],[-16.72951,13.0979],[-16.72852,13.09777],[-16.72842,13.09668],[-16.72762,13.09602],[-16.72891,13.09606],[-16.73016,13.09581],[-16.73165,13.0952],[-16.73289,13.09543],[-16.73425,13.09432],[-16.73612,13.09357],[-16.7349,13.09063],[-16.73423,13.08925],[-16.73306,13.08759],[-16.73178,13.08594],[-16.73065,13.08387],[-16.73009,13.0818],[-16.73094,13.08065],[-16.7314,13.07896],[-16.73202,13.07786],[-16.73376,13.077],[-16.73524,13.07551],[-16.73614,13.07443],[-16.7383,13.07438],[-16.73985,13.07499],[-16.74172,13.07547],[-16.74345,13.07485],[-16.74494,13.07423],[-16.74606,13.07288],[-16.74704,13.07092],[-16.74765,13.06933],[-16.74854,13.06765],[-16.74846,13.06671],[-16.74701,13.06466],[-16.74652,13.06268],[-16.74557,13.06144],[-16.7449,13.0591],[-16.74452,13.05717],[-16.74417,13.05533],[-16.74364,13.0527],[-16.74273,13.04912],[-16.74247,13.04705],[-16.74194,13.04416],[-16.74156,13.04231],[-16.74145,13.03969],[-16.74133,13.03641],[-16.7408,13.03393],[-16.74098,13.03191],[-16.74049,13.02956],[-16.74052,13.02749],[-16.74041,13.0245],[-16.74025,13.0216],[-16.74029,13.01906],[-16.74027,13.01712],[-16.74027,13.01703],[-16.74048,13.01431],[-16.74052,13.01196],[-16.74074,13.00984],[-16.74119,13.00758],[-16.74193,13.00537],[-16.74216,13.00352],[-16.74261,13.00067],[-16.74272,13.00038],[-16.74319,12.99579],[-16.74394,12.99079],[-16.74363,12.98511],[-16.74422,12.98255],[-16.74482,12.97466],[-16.7455,12.97206],[-16.74626,12.971],[-16.74649,12.96706],[-16.74713,12.96478],[-16.74684,12.96087],[-16.74795,12.9574],[-16.74901,12.95062],[-16.74983,12.9481],[-16.75032,12.94251],[-16.75435,12.93282],[-16.75556,12.92862],[-16.75647,12.92711],[-16.75828,12.9163],[-16.75847,12.91125],[-16.76007,12.90641],[-16.7617,12.8983],[-16.7619,12.89285],[-16.76323,12.88749],[-16.764,12.88001],[-16.76999,12.86355],[-16.77204,12.85604],[-16.77246,12.85137],[-16.77445,12.84547],[-16.77564,12.83908],[-16.77836,12.83008],[-16.77902,12.82536],[-16.77989,12.82247],[-16.78305,12.79914],[-16.78339,12.79717],[-16.78425,12.79612],[-16.78457,12.78841],[-16.78639,12.77976],[-16.78619,12.7775],[-16.78681,12.77604],[-16.78709,12.77136],[-16.78646,12.76938],[-16.78345,12.766],[-16.78244,12.76425],[-16.78094,12.75496],[-16.78351,12.75112],[-16.78485,12.74475],[-16.78492,12.74241],[-16.78256,12.73977],[-16.78013,12.73562],[-16.78012,12.73143],[-16.78098,12.7252],[-16.78205,12.72199],[-16.78168,12.7213],[-16.78186,12.71822],[-16.78282,12.71093],[-16.7836,12.70897],[-16.78362,12.70694],[-16.78313,12.70492],[-16.78145,12.70417],[-16.7791,12.70423],[-16.77759,12.70456],[-16.7694,12.69888],[-16.77104,12.69191],[-16.77254,12.68581],[-16.7744,12.68053],[-16.77582,12.67754],[-16.77573,12.67664],[-16.77522,12.67621],[-16.77457,12.67612],[-16.77527,12.67575],[-16.7757,12.67479],[-16.77548,12.6723],[-16.7756,12.66932],[-16.77598,12.66675],[-16.77751,12.66345],[-16.77941,12.65974],[-16.78153,12.65695],[-16.78197,12.65576],[-16.78169,12.65452],[-16.78058,12.65322],[-16.77819,12.6522],[-16.77505,12.65167],[-16.77333,12.64941],[-16.77418,12.64804],[-16.77467,12.64634],[-16.77472,12.6451],[-16.77445,12.64335],[-16.77492,12.64289],[-16.77521,12.64125],[-16.77485,12.6389],[-16.77309,12.63466],[-16.77112,12.62973],[-16.7692,12.62218],[-16.76769,12.61473],[-16.7672,12.61128],[-16.76657,12.60764],[-16.76633,12.60208],[-16.76588,12.59785],[-16.7652,12.59472],[-16.76483,12.59329],[-16.76357,12.59283],[-16.7639,12.59195],[-16.76401,12.59113],[-16.76415,12.59016],[-16.76486,12.58916],[-16.76599,12.58815],[-16.76651,12.58723],[-16.76706,12.58273],[-16.76696,12.57656],[-16.76581,12.5726],[-16.76189,12.56913],[-16.75769,12.56654],[-16.75386,12.56555],[-16.75309,12.55804],[-16.75275,12.55477],[-16.75225,12.54985],[-16.75536,12.54846],[-16.75975,12.5451],[-16.7624,12.54242],[-16.76467,12.54092],[-16.76533,12.54001],[-16.76958,12.53656],[-16.77277,12.53176],[-16.77528,12.52885],[-16.77653,12.52578],[-16.77877,12.52282],[-16.77945,12.52122],[-16.78,12.52085],[-16.78154,12.51788],[-16.78247,12.51747],[-16.7827,12.51499],[-16.78617,12.50497],[-16.78745,12.50355],[-16.78834,12.49946],[-16.79213,12.4904],[-16.79347,12.48826],[-16.794,12.48646],[-16.79355,12.48039],[-16.79209,12.47251],[-16.79156,12.46612],[-16.79158,12.45968],[-16.79126,12.45802],[-16.78954,12.45404],[-16.78931,12.45248],[-16.78837,12.44971],[-16.78725,12.44842],[-16.78493,12.44222],[-16.78413,12.43914],[-16.78324,12.42984],[-16.78196,12.42753],[-16.78174,12.42637],[-16.78081,12.42494],[-16.7806,12.42295],[-16.77883,12.41829],[-16.77857,12.41622],[-16.77596,12.41072],[-16.77456,12.40551],[-16.77232,12.40539],[-16.77083,12.40482],[-16.76838,12.4019],[-16.76626,12.39806],[-16.76309,12.39766],[-16.76021,12.39501],[-16.75967,12.3938],[-16.75772,12.39158],[-16.75497,12.39104],[-16.75343,12.39025],[-16.75205,12.38844],[-16.75044,12.38506],[-16.75009,12.38326],[-16.74941,12.38197],[-16.74819,12.38187],[-16.74505,12.38234],[-16.74355,12.38218],[-16.74188,12.38065],[-16.74137,12.37982],[-16.74129,12.37903],[-16.73848,12.37482],[-16.73706,12.37122],[-16.73704,12.36983],[-16.73556,12.36411],[-16.73528,12.35947],[-16.73476,12.35933],[-16.73475,12.3561],[-16.73407,12.35467],[-16.73337,12.35411],[-16.73213,12.35216],[-16.7311,12.35187],[-16.72859,12.35014],[-16.72678,12.34838],[-16.72604,12.34685],[-16.72433,12.3455],[-16.72378,12.34444],[-16.72334,12.34181],[-16.72257,12.33987],[-16.72164,12.33875],[-16.72193,12.33866],[-16.72183,12.33834],[-16.72137,12.33797],[-16.71945,12.33864],[-16.71855,12.33859],[-16.71653,12.34062],[-16.7131,12.34324],[-16.70656,12.34746],[-16.69562,12.35532],[-16.69155,12.35806],[-16.68972,12.3592],[-16.68767,12.35911],[-16.68443,12.35878],[-16.68153,12.35869],[-16.67614,12.35827],[-16.67344,12.35806],[-16.66655,12.35867],[-16.65815,12.35985],[-16.65514,12.35987],[-16.65233,12.35978],[-16.64587,12.35947],[-16.64112,12.3595],[-16.6381,12.35941],[-16.63443,12.35762],[-16.62816,12.35506],[-16.62416,12.35327],[-16.61995,12.35149],[-16.61326,12.34927],[-16.60894,12.34726],[-16.60603,12.34694],[-16.60312,12.34719],[-16.60305,12.3472],[-16.60032,12.34766],[-16.59709,12.34813],[-16.59075,12.35053],[-16.58268,12.35228],[-16.57224,12.35448],[-16.55018,12.35992],[-16.54749,12.36039],[-16.54523,12.3604],[-16.5435,12.35996],[-16.5408,12.35918],[-16.53562,12.35763],[-16.53109,12.35664],[-16.52494,12.35487],[-16.52115,12.35399],[-16.51435,12.35052],[-16.51252,12.35064],[-16.50789,12.35168],[-16.49939,12.35422],[-16.49465,12.35549],[-16.48487,12.35825],[-16.47647,12.35966],[-16.4685,12.36038],[-16.45988,12.3611],[-16.45188,12.36232],[-16.44836,12.36285],[-16.4461,12.36354],[-16.44308,12.36345],[-16.43781,12.36416],[-16.42919,12.36511],[-16.42434,12.36581],[-16.41831,12.36629],[-16.41572,12.36619],[-16.40947,12.36577],[-16.3988,12.3647],[-16.38585,12.36307],[-16.381,12.36253],[-16.37909,12.36751],[-16.37536,12.3759],[-16.37074,12.37829],[-16.36365,12.38228],[-16.35418,12.38731],[-16.34504,12.39108],[-16.34256,12.39166],[-16.33655,12.3953],[-16.32999,12.39974],[-16.32108,12.40487],[-16.31141,12.4109],[-16.30281,12.41491],[-16.29313,12.42026],[-16.28593,12.42403],[-16.2784,12.4278],[-16.27034,12.43246],[-16.26356,12.43533],[-16.25086,12.44036],[-16.24591,12.44275],[-16.24021,12.44493],[-16.23493,12.44743],[-16.23446,12.44765],[-16.23419,12.44778],[-16.23128,12.44949],[-16.22451,12.45336],[-16.21278,12.45827],[-16.20277,12.46125],[-16.20061,12.46048],[-16.1924,12.45712],[-16.18668,12.45624],[-16.1802,12.45389],[-16.17199,12.45179],[-16.16261,12.44967],[-16.15958,12.44991],[-16.157,12.45072],[-16.14926,12.45267],[-16.13859,12.4552],[-16.12631,12.45786],[-16.11834,12.45992],[-16.10542,12.46314],[-16.09475,12.46578],[-16.08441,12.46808],[-16.0689,12.47165],[-16.06103,12.47191],[-16.05025,12.4724],[-16.03882,12.47245],[-16.03655,12.47167],[-16.03245,12.47066],[-16.02727,12.46854],[-16.01452,12.46373],[-16.00665,12.46092],[-16.00168,12.4588],[-16.00146,12.45833],[-15.99768,12.45722],[-15.99282,12.45589],[-15.98235,12.45231],[-15.95342,12.4428],[-15.95137,12.44303],[-15.93994,12.4442],[-15.91537,12.44723],[-15.90191,12.44897],[-15.89576,12.44944],[-15.8935,12.45001],[-15.89026,12.45025],[-15.88911,12.45019],[-15.889,12.45103],[-15.88894,12.45171],[-15.88877,12.45241],[-15.88858,12.4529],[-15.88845,12.4541],[-15.88857,12.45515],[-15.8888,12.45652],[-15.88867,12.45813],[-15.88887,12.45913],[-15.88902,12.46039],[-15.88939,12.46223],[-15.89037,12.46316],[-15.89126,12.46385],[-15.89167,12.46625],[-15.89196,12.46767],[-15.89412,12.46879],[-15.89744,12.47047],[-15.89874,12.47131],[-15.89959,12.47146],[-15.90074,12.47159],[-15.90247,12.47215],[-15.9042,12.47243],[-15.90679,12.47256],[-15.90866,12.47213],[-15.90951,12.47184],[-15.91081,12.47183],[-15.91167,12.47113],[-15.91325,12.47028],[-15.91425,12.46847],[-15.9159,12.46796],[-15.91741,12.46758],[-15.92099,12.46601],[-15.92272,12.46614],[-15.92301,12.46614],[-15.92347,12.46645],[-15.92374,12.46737],[-15.92411,12.46862],[-15.9249,12.47023],[-15.9255,12.47139],[-15.9263,12.47253],[-15.92727,12.47447],[-15.92797,12.47636],[-15.92862,12.4778],[-15.929,12.4788],[-15.92939,12.48037],[-15.9289,12.48156],[-15.92703,12.48234],[-15.92563,12.48301],[-15.92402,12.48398],[-15.92333,12.48443],[-15.92281,12.48474],[-15.92232,12.48502],[-15.92152,12.48533],[-15.92116,12.48569],[-15.9204,12.48635],[-15.92033,12.4876],[-15.92098,12.48916],[-15.92168,12.49045],[-15.92205,12.4917],[-15.92263,12.49344],[-15.92307,12.49556],[-15.92321,12.49683],[-15.92308,12.49783],[-15.92308,12.49966],[-15.92237,12.5015],[-15.9218,12.50432],[-15.92134,12.50531],[-15.92209,12.50645],[-15.92182,12.50828],[-15.92225,12.51026],[-15.92197,12.51121],[-15.92226,12.51207],[-15.92313,12.51383],[-15.92398,12.51538],[-15.92434,12.51693],[-15.92423,12.51796],[-15.92444,12.51859],[-15.92747,12.52155],[-15.93064,12.52323],[-15.93425,12.5259],[-15.93525,12.52632],[-15.93627,12.52689],[-15.93828,12.528],[-15.9413,12.52969],[-15.94332,12.53011],[-15.94551,12.52958],[-15.94677,12.53032],[-15.94765,12.53171],[-15.94779,12.53272],[-15.94788,12.5342],[-15.94829,12.53558],[-15.94886,12.53659],[-15.94992,12.53857],[-15.95132,12.53964],[-15.95149,12.53978],[-15.95319,12.54117],[-15.95429,12.54321],[-15.95379,12.54472],[-15.9553,12.54448],[-15.95517,12.54659],[-15.9546,12.54928],[-15.95461,12.55169],[-15.95515,12.55348],[-15.95515,12.55486],[-15.95504,12.55535],[-15.95481,12.55557],[-15.95469,12.55594],[-15.9545,12.55692],[-15.95477,12.55757],[-15.95518,12.55785],[-15.95607,12.55947],[-15.95709,12.56102],[-15.95657,12.56318],[-15.95727,12.56443],[-15.95783,12.56596],[-15.95807,12.5662],[-15.95811,12.56653],[-15.96258,12.5682],[-15.96331,12.57046],[-15.9649,12.57173],[-15.96533,12.57258],[-15.96533,12.57357],[-15.96476,12.5747],[-15.96477,12.57527],[-15.96477,12.57675],[-15.96547,12.57831],[-15.96592,12.58006],[-15.96447,12.58162],[-15.96249,12.58309],[-15.96183,12.58561],[-15.96033,12.58685],[-15.95904,12.58909],[-15.95889,12.58927],[-15.95888,12.58955],[-15.95946,12.59054],[-15.95947,12.5911],[-15.95961,12.59152],[-15.95918,12.5928],[-15.95771,12.59471],[-15.95851,12.59577],[-15.95958,12.59664],[-15.9601,12.59641],[-15.96094,12.5967],[-15.96223,12.59889],[-15.96218,12.60065],[-15.96242,12.6035],[-15.96291,12.60474],[-15.9633,12.60573],[-15.96382,12.60765],[-15.9648,12.61013],[-15.96558,12.61203],[-15.96611,12.61361],[-15.96658,12.61544],[-15.96701,12.61725],[-15.96745,12.61851],[-15.96806,12.62041],[-15.96847,12.62179],[-15.96877,12.62363],[-15.96851,12.62481],[-15.96753,12.62567],[-15.96875,12.62642],[-15.97034,12.62834],[-15.9715,12.62961],[-15.97265,12.63074],[-15.97525,12.63299],[-15.97683,12.63456],[-15.97804,12.63645],[-15.97962,12.63886],[-15.98093,12.64158],[-15.98274,12.64469],[-15.98395,12.64665],[-15.98428,12.64691],[-15.98457,12.64774],[-15.98485,12.64855],[-15.98493,12.6486],[-15.98753,12.65071],[-15.98993,12.65283],[-15.99314,12.65488],[-15.99535,12.65617],[-15.99853,12.65802],[-16.00378,12.65874],[-16.0091,12.65872],[-16.01169,12.65885],[-16.01637,12.65841],[-16.01647,12.6584],[-16.01716,12.66053],[-16.01789,12.66278],[-16.02036,12.67083],[-16.02066,12.67295],[-16.02054,12.67719],[-16.02098,12.67888],[-16.02084,12.68071],[-16.02056,12.68241],[-16.0207,12.6841],[-16.01956,12.68722],[-16.01987,12.68905],[-16.01944,12.69061],[-16.01937,12.69121],[-16.0193,12.69188],[-16.01991,12.69469],[-16.01914,12.69596],[-16.01864,12.69807],[-16.01813,12.69903],[-16.01773,12.69976],[-16.0171,12.70187],[-16.01631,12.70306],[-16.01595,12.70361],[-16.01575,12.7039],[-16.01461,12.70659],[-16.01473,12.70768],[-16.01443,12.70828],[-16.01398,12.71066],[-16.01336,12.71175],[-16.01249,12.71455],[-16.01194,12.7173],[-16.01193,12.71767],[-16.01063,12.71848],[-16.01079,12.72158],[-16.01266,12.7237],[-16.01512,12.72638],[-16.01757,12.72834],[-16.01916,12.72989],[-16.02018,12.73214],[-16.02121,12.73666],[-16.02065,12.74133],[-16.02079,12.74133],[-16.02052,12.74359],[-16.02225,12.74725],[-16.02255,12.74909],[-16.02349,12.74908],[-16.02324,12.74982],[-16.02183,12.75079],[-16.01926,12.75433],[-16.01683,12.75703],[-16.01122,12.75959],[-16.01007,12.7603],[-16.00864,12.76116],[-16.00519,12.76328],[-16.00166,12.76431],[-16.00037,12.76511],[-15.9989,12.76609],[-15.998,12.76647],[-15.99522,12.77227],[-15.99446,12.77564],[-15.99244,12.78111],[-15.99178,12.7821],[-15.99093,12.78312],[-15.99065,12.78434],[-15.99028,12.78591],[-15.99023,12.78688],[-15.99019,12.78784],[-15.99042,12.78913],[-15.99046,12.79014],[-15.99081,12.79102],[-15.99168,12.79302],[-15.99231,12.79405],[-15.99263,12.79493],[-15.9935,12.79652],[-15.99393,12.79769],[-15.99499,12.79932],[-15.99613,12.80095],[-15.99676,12.80206],[-15.99719,12.80257],[-15.99724,12.80337],[-15.99838,12.80458],[-15.99944,12.80575],[-16.00236,12.80852],[-16.0024,12.80898],[-16.00267,12.8099],[-16.00285,12.81083],[-16.00302,12.81203],[-16.00316,12.8124],[-16.00339,12.81286],[-16.00366,12.81364],[-16.00365,12.8142],[-16.00388,12.81484],[-16.00416,12.81549],[-16.00424,12.81614],[-16.00437,12.81682],[-16.00436,12.81779],[-16.00435,12.81848],[-16.00429,12.81954],[-16.00414,12.82078],[-16.0039,12.82169],[-16.00379,12.82275],[-16.00363,12.82335],[-16.00353,12.82463],[-16.00343,12.8249],[-16.00329,12.82504],[-16.00266,12.8265],[-16.00256,12.82673],[-16.00059,12.82969],[-15.99793,12.83086],[-15.99576,12.83247],[-15.99565,12.83255],[-15.99554,12.8326],[-15.99542,12.83265],[-15.99347,12.83368],[-15.99057,12.83542],[-15.98739,12.83852],[-15.98328,12.84367],[-15.9801,12.8463],[-15.97905,12.84728],[-15.97835,12.84882],[-15.9758,12.8535],[-15.97438,12.8579],[-15.97499,12.85994],[-15.97615,12.86386],[-15.97718,12.86554],[-15.97813,12.86737],[-15.97862,12.86829],[-15.97944,12.87034],[-15.98015,12.87189],[-15.98098,12.87646],[-15.98066,12.87879],[-15.98029,12.88006],[-15.97963,12.88281],[-15.97777,12.88557],[-15.97776,12.8856],[-15.9775,12.88596],[-15.97445,12.89042],[-15.97505,12.89313],[-15.97376,12.89579],[-15.97477,12.89692],[-15.97635,12.8979],[-15.97707,12.89818],[-15.97823,12.89888],[-15.9804,12.89901],[-15.98323,12.89736],[-15.98385,12.89844],[-15.98316,12.89989],[-15.98306,12.9001],[-15.98157,12.90091],[-15.98112,12.90163],[-15.97988,12.90325],[-15.9805,12.90543],[-15.98142,12.90732],[-15.98222,12.90912],[-15.98266,12.91106],[-15.98476,12.91556],[-15.98553,12.91659],[-15.98644,12.91794],[-15.98728,12.9189],[-15.98796,12.91907],[-15.9885,12.9189],[-15.98907,12.91885],[-15.99056,12.91839],[-15.99229,12.91796],[-15.99344,12.91824],[-15.99387,12.91838],[-15.99445,12.91917],[-15.99345,12.92078],[-15.9931,12.92285],[-15.99209,12.92393],[-15.9909,12.92448],[-15.98762,12.92566],[-15.98707,12.92619],[-15.98699,12.92727],[-15.98587,12.93353],[-15.98674,12.93705],[-15.98747,12.93946],[-15.98676,12.94118],[-15.98518,12.94328],[-15.98376,12.94658],[-15.98204,12.94838],[-15.98076,12.9491],[-15.98011,12.94928],[-15.97829,12.95009],[-15.97609,12.94957],[-15.97344,12.95002],[-15.97189,12.95075],[-15.97098,12.95201],[-15.96989,12.95363],[-15.96861,12.95516],[-15.9677,12.95633],[-15.96734,12.95722],[-15.96702,12.95855],[-15.96707,12.95965],[-15.96746,12.96149],[-15.96767,12.96278],[-15.96729,12.96613],[-15.96647,12.96792],[-15.96564,12.96955],[-15.96499,12.9714],[-15.96472,12.97262],[-15.96442,12.97303],[-15.96404,12.97326],[-15.96353,12.97325],[-15.96325,12.97306],[-15.96292,12.97311],[-15.96291,12.97357],[-15.96318,12.97426],[-15.96318,12.97494],[-15.96269,12.976],[-15.96234,12.97774],[-15.96181,12.97815],[-15.96111,12.97841],[-15.9596,12.97839],[-15.959,12.978],[-15.95881,12.97797],[-15.95853,12.97796],[-15.95789,12.9781],[-15.95717,12.97797],[-15.9567,12.97825],[-15.95622,12.97843],[-15.95584,12.97895],[-15.95512,12.97919],[-15.95475,12.9796],[-15.95408,12.97956],[-15.95356,12.97933],[-15.95275,12.97961],[-15.95174,12.9798],[-15.95104,12.98039],[-15.95014,12.98126],[-15.94923,12.98187],[-15.94781,12.98262],[-15.947,12.98375],[-15.94558,12.98478],[-15.94411,12.98623],[-15.94346,12.98773],[-15.94225,12.99037],[-15.94022,12.99421],[-15.93909,12.99624],[-15.93782,12.99799],[-15.93663,12.99972],[-15.93635,13.00013],[-15.93607,13.00093],[-15.9354,13.0012],[-15.93497,13.00279],[-15.93423,13.00408],[-15.93381,13.00596],[-15.93367,13.00739],[-15.93265,13.00984],[-15.93207,13.011],[-15.93118,13.012],[-15.93046,13.01388],[-15.92945,13.0159],[-15.92777,13.0176],[-15.92788,13.01934],[-15.92747,13.02063],[-15.92692,13.02206],[-15.92667,13.02433],[-15.92629,13.02553],[-15.92617,13.02709],[-15.92582,13.03046],[-15.92551,13.03189],[-15.92614,13.0336],[-15.92556,13.03648],[-15.92497,13.03836],[-15.92498,13.04022],[-15.92309,13.04239],[-15.9233,13.04267],[-15.92222,13.04541],[-15.9209,13.04757],[-15.91937,13.04873],[-15.91791,13.05118],[-15.91689,13.05319],[-15.91543,13.05522],[-15.91441,13.05795],[-15.91221,13.0594],[-15.91061,13.06113],[-15.90878,13.06214],[-15.90777,13.06372],[-15.90558,13.06762],[-15.90231,13.06958],[-15.90068,13.07171],[-15.90029,13.07438],[-15.89952,13.07767],[-15.89938,13.07771],[-15.89983,13.08159],[-15.89924,13.08318],[-15.89903,13.08431],[-15.89882,13.08548],[-15.89794,13.08721],[-15.89398,13.08823],[-15.89619,13.09009],[-15.90081,13.09161],[-15.90144,13.09245],[-15.90192,13.09309],[-15.90354,13.09453],[-15.90516,13.09481],[-15.90721,13.09553],[-15.90942,13.09638],[-15.91309,13.09565],[-15.91426,13.09636],[-15.91661,13.09477],[-15.9185,13.09333],[-15.92144,13.09604],[-15.92491,13.09424],[-15.92831,13.096],[-15.93054,13.09962],[-15.93146,13.10168],[-15.93256,13.10443],[-15.93416,13.1087],[-15.93521,13.11049],[-15.93555,13.11214],[-15.93604,13.11527],[-15.93576,13.11729],[-15.93474,13.1193],[-15.9327,13.12261],[-15.93051,13.12493],[-15.92963,13.12651],[-15.92787,13.12767],[-15.92656,13.1304],[-15.92364,13.13214],[-15.92056,13.13446],[-15.91749,13.13792],[-15.91311,13.1411],[-15.91047,13.14298],[-15.90842,13.14342],[-15.90696,13.14472],[-15.90402,13.14659],[-15.90182,13.1456],[-15.89918,13.14575],[-15.89786,13.14407],[-15.89726,13.14505],[-15.8967,13.14629],[-15.89663,13.14809],[-15.89699,13.15022],[-15.89641,13.15209],[-15.89656,13.15367],[-15.89628,13.1564],[-15.89586,13.15943],[-15.89629,13.16206],[-15.89556,13.16277],[-15.89499,13.16475],[-15.895,13.16734],[-15.895,13.16821]]]}},{"type":"Feature","properties":{"region":"kedougou"},"geometry":{"type":"Polygon","coordinates":[[[-13.12326,12.64111],[-13.11913,12.64309],[-13.11815,12.64364],[-13.11676,12.64217],[-13.11685,12.64177],[-13.11732,12.63957],[-13.11729,12.63924],[-13.11712,12.6372],[-13.1155,12.63707],[-13.1127,12.63717],[-13.1099,12.63726],[-13.10635,12.63667],[-13.10291,12.63291],[-13.10272,12.63043],[-13.10036,12.62872],[-13.09907,12.62859],[-13.09733,12.62983],[-13.09452,12.6306],[-13.09336,12.62833],[-13.09099,12.62718],[-13.09011,12.63011],[-13.08997,12.63327],[-13.08738,12.63428],[-13.08511,12.63482],[-13.07916,12.63636],[-13.07765,12.63658],[-13.07699,12.63872],[-13.07644,12.64109],[-13.07512,12.64391],[-13.07317,12.64513],[-13.06833,12.64396],[-13.06303,12.6445],[-13.06184,12.64449],[-13.05981,12.64322],[-13.05989,12.64279],[-13.06015,12.64131],[-13.06091,12.64007],[-13.0632,12.63704],[-13.06333,12.6341],[-13.06331,12.63409],[-13.06129,12.63262],[-13.06033,12.63159],[-13.057,12.6292],[-13.0541,12.62782],[-13.05054,12.62734],[-13.04829,12.62552],[-13.04821,12.62291],[-13.04821,12.62248],[-13.04824,12.61885],[-13.04858,12.61704],[-13.05086,12.61435],[-13.05163,12.61277],[-13.05147,12.61261],[-13.05002,12.61107],[-13.04799,12.60857],[-13.04693,12.6063],[-13.04426,12.60232],[-13.04428,12.60188],[-13.04439,12.59984],[-13.04495,12.59623],[-13.04563,12.59319],[-13.0456,12.59283],[-13.04553,12.59194],[-13.0433,12.58763],[-13.04278,12.58479],[-13.04261,12.57937],[-13.04262,12.57933],[-13.04414,12.57599],[-13.04513,12.57351],[-13.04697,12.57104],[-13.04948,12.5679],[-13.05122,12.56723],[-13.05361,12.56398],[-13.05359,12.56352],[-13.05353,12.56127],[-13.05353,12.56099],[-13.05366,12.55697],[-13.05365,12.5568],[-13.05357,12.55505],[-13.05358,12.5546],[-13.0536,12.55098],[-13.0546,12.54737],[-13.05709,12.54593],[-13.05947,12.54447],[-13.06239,12.54291],[-13.06445,12.54123],[-13.06641,12.53887],[-13.06848,12.53584],[-13.06844,12.53542],[-13.06818,12.53301],[-13.06658,12.53062],[-13.0652,12.52813],[-13.06511,12.52508],[-13.06423,12.51287],[-13.06425,12.51257],[-13.06449,12.50778],[-13.0645,12.50575],[-13.06517,12.50293],[-13.0665,12.49853],[-13.06652,12.49537],[-13.06651,12.49532],[-13.06644,12.4921],[-13.06451,12.49028],[-13.06313,12.48709],[-13.06088,12.48527],[-13.05776,12.48457],[-13.0542,12.48444],[-13.05206,12.48284],[-13.04829,12.48281],[-13.04635,12.48348],[-13.04386,12.48346],[-13.04063,12.48321],[-13.03763,12.4807],[-13.03514,12.48204],[-13.03276,12.48371],[-13.02909,12.48481],[-13.02705,12.48333],[-13.02382,12.48286],[-13.02112,12.48408],[-13.018,12.48259],[-13.01564,12.4819],[-13.00086,12.48224],[-13.001,12.48175],[-13.00118,12.48113],[-13.00108,12.48099],[-12.99896,12.47798],[-12.99664,12.47551],[-12.99365,12.4747],[-12.98861,12.47388],[-12.98449,12.47385],[-12.98217,12.47246],[-12.97768,12.47105],[-12.97544,12.47074],[-12.97299,12.47297],[-12.97147,12.4764],[-12.96752,12.47892],[-12.96433,12.47968],[-12.96312,12.47937],[-12.95984,12.47945],[-12.95702,12.48051],[-12.95412,12.48097],[-12.95197,12.48056],[-12.94879,12.48054],[-12.94858,12.48338],[-12.94791,12.48632],[-12.9473,12.492],[-12.94489,12.50515],[-12.94486,12.50532],[-12.945,12.50679],[-12.94503,12.50719],[-12.94352,12.51021],[-12.94341,12.51041],[-12.94433,12.51297],[-12.94651,12.51709],[-12.94663,12.5173],[-12.9453,12.52023],[-12.94528,12.52359],[-12.94527,12.52406],[-12.94571,12.5273],[-12.94851,12.5288],[-12.95102,12.53048],[-12.95131,12.53263],[-12.95137,12.53303],[-12.95005,12.53488],[-12.94845,12.53693],[-12.94532,12.54123],[-12.94363,12.5418],[-12.94044,12.54275],[-12.93735,12.54264],[-12.93406,12.54467],[-12.93283,12.54633],[-12.9288,12.54737],[-12.92505,12.54872],[-12.91981,12.54867],[-12.91569,12.54845],[-12.91333,12.55127],[-12.9093,12.55252],[-12.90546,12.5524],[-12.90228,12.55246],[-12.90077,12.55382],[-12.89833,12.55508],[-12.89411,12.55554],[-12.89094,12.55375],[-12.88627,12.55263],[-12.88216,12.5524],[-12.88223,12.55192],[-12.88275,12.54858],[-12.88482,12.54762],[-12.88614,12.54557],[-12.88609,12.54518],[-12.8857,12.54214],[-12.88403,12.54045],[-12.8822,12.53651],[-12.87987,12.53385],[-12.87746,12.53246],[-12.87289,12.52948],[-12.86768,12.52708],[-12.86365,12.52696],[-12.8602,12.52565],[-12.85517,12.52277],[-12.8532,12.52295],[-12.85105,12.52274],[-12.84631,12.51907],[-12.84304,12.51884],[-12.83817,12.51871],[-12.83632,12.51664],[-12.8364,12.51623],[-12.83654,12.51546],[-12.8371,12.51242],[-12.83833,12.51057],[-12.84409,12.50483],[-12.84777,12.50143],[-12.84778,12.501],[-12.84784,12.49947],[-12.84789,12.49839],[-12.84788,12.49837],[-12.84725,12.49672],[-12.84613,12.49612],[-12.84342,12.49531],[-12.83772,12.49419],[-12.82876,12.49147],[-12.8273,12.48734],[-12.82712,12.48596],[-12.82229,12.48259],[-12.81707,12.48],[-12.8124,12.47967],[-12.81053,12.47966],[-12.80818,12.48042],[-12.80209,12.48125],[-12.79598,12.48522],[-12.79308,12.48599],[-12.78898,12.48359],[-12.78507,12.48081],[-12.77922,12.47636],[-12.77409,12.47396],[-12.77183,12.47551],[-12.77052,12.47599],[-12.76622,12.47536],[-12.76194,12.47308],[-12.75487,12.4686],[-12.75498,12.46819],[-12.75583,12.46508],[-12.75595,12.46185],[-12.757,12.4598],[-12.75901,12.45353],[-12.7611,12.45051],[-12.76395,12.44573],[-12.76737,12.44017],[-12.7674,12.43693],[-12.76738,12.43693],[-12.76544,12.43555],[-12.7616,12.43611],[-12.75767,12.43626],[-12.74878,12.43678],[-12.72239,12.43843],[-12.71958,12.43889],[-12.71293,12.43913],[-12.70714,12.43937],[-12.70106,12.43991],[-12.69169,12.44051],[-12.68159,12.44121],[-12.67597,12.44146],[-12.67372,12.44203],[-12.67156,12.4427],[-12.66624,12.44246],[-12.6598,12.44142],[-12.65428,12.44078],[-12.64774,12.44004],[-12.64232,12.43911],[-12.63542,12.43797],[-12.63449,12.43735],[-12.63328,12.43763],[-12.63225,12.43714],[-12.63113,12.43674],[-12.6301,12.43673],[-12.62832,12.43661],[-12.62691,12.43488],[-12.62486,12.43445],[-12.62384,12.43386],[-12.6229,12.43269],[-12.62102,12.43125],[-12.61909,12.42963],[-12.61789,12.4289],[-12.61618,12.42798],[-12.61403,12.42634],[-12.61306,12.42603],[-12.61325,12.42562],[-12.61384,12.42432],[-12.61375,12.42411],[-12.61275,12.42177],[-12.61281,12.42132],[-12.6131,12.41946],[-12.61315,12.41912],[-12.61298,12.41755],[-12.61139,12.41685],[-12.61091,12.41625],[-12.60992,12.41479],[-12.60955,12.41307],[-12.60767,12.41192],[-12.60591,12.41076],[-12.602,12.4083],[-12.59998,12.40556],[-12.59794,12.40555],[-12.59513,12.40543],[-12.59363,12.4062],[-12.59203,12.40697],[-12.59109,12.40745],[-12.58912,12.40812],[-12.58733,12.40968],[-12.5862,12.41006],[-12.58387,12.40974],[-12.58305,12.40836],[-12.58295,12.40728],[-12.58299,12.40715],[-12.58334,12.40581],[-12.58333,12.40558],[-12.58318,12.40395],[-12.58319,12.40391],[-12.58384,12.40248],[-12.58516,12.40132],[-12.5851,12.40085],[-12.5849,12.39936],[-12.58407,12.39944],[-12.58452,12.3989],[-12.58529,12.39799],[-12.58513,12.39773],[-12.58455,12.3968],[-12.5842,12.39523],[-12.58365,12.39366],[-12.58222,12.39237],[-12.58189,12.39071],[-12.58198,12.39063],[-12.58312,12.38954],[-12.58287,12.38933],[-12.58145,12.38815],[-12.57902,12.38803],[-12.57566,12.38574],[-12.57561,12.38452],[-12.5756,12.38417],[-12.57558,12.38414],[-12.57487,12.38211],[-12.57329,12.38023],[-12.57237,12.37905],[-12.57133,12.37718],[-12.57008,12.37392],[-12.56899,12.37117],[-12.56742,12.3689],[-12.56516,12.36875],[-12.56367,12.36956],[-12.56153,12.36865],[-12.55907,12.36968],[-12.55673,12.37283],[-12.55607,12.37282],[-12.55494,12.3732],[-12.55232,12.37416],[-12.54885,12.37472],[-12.54594,12.37655],[-12.5434,12.3778],[-12.54179,12.38024],[-12.53623,12.38411],[-12.53546,12.38744],[-12.53244,12.39015],[-12.53027,12.3918],[-12.52548,12.39539],[-12.52387,12.39693],[-12.5215,12.39956],[-12.51923,12.40249],[-12.51705,12.4054],[-12.51415,12.40636],[-12.51165,12.40621],[-12.50895,12.40641],[-12.5066,12.40559],[-12.50261,12.40568],[-12.5011,12.40634],[-12.49936,12.40688],[-12.49666,12.40867],[-12.49407,12.40898],[-12.49203,12.40874],[-12.49019,12.40827],[-12.48883,12.40729],[-12.48611,12.40726],[-12.48266,12.40651],[-12.48052,12.40584],[-12.4774,12.40588],[-12.47503,12.40575],[-12.47192,12.40493],[-12.4687,12.404],[-12.46326,12.40257],[-12.46093,12.40204],[-12.45892,12.40176],[-12.45635,12.40131],[-12.45425,12.40106],[-12.45219,12.40095],[-12.44958,12.40023],[-12.4475,12.39939],[-12.44603,12.39833],[-12.44486,12.39677],[-12.44279,12.39542],[-12.43893,12.39269],[-12.43792,12.3921],[-12.43651,12.39045],[-12.43464,12.38878],[-12.43222,12.38796],[-12.43029,12.38684],[-12.42713,12.38601],[-12.42452,12.38538],[-12.42164,12.38461],[-12.41799,12.38422],[-12.41592,12.38439],[-12.413,12.38458],[-12.41087,12.38507],[-12.41003,12.38527],[-12.40696,12.38569],[-12.40542,12.38574],[-12.40394,12.385],[-12.40241,12.38435],[-12.40148,12.38401],[-12.39979,12.38257],[-12.3985,12.38189],[-12.39615,12.3803],[-12.39447,12.37877],[-12.39275,12.37661],[-12.39253,12.37648],[-12.3916,12.37593],[-12.39087,12.37507],[-12.39094,12.37467],[-12.39116,12.37342],[-12.39138,12.37237],[-12.39141,12.37159],[-12.39139,12.37155],[-12.39115,12.37085],[-12.38945,12.36959],[-12.38852,12.36934],[-12.38734,12.36787],[-12.38621,12.36664],[-12.38511,12.36564],[-12.38455,12.36415],[-12.38385,12.36284],[-12.38351,12.36136],[-12.38286,12.35986],[-12.38184,12.35795],[-12.38088,12.35561],[-12.37993,12.35323],[-12.37858,12.35103],[-12.3773,12.3485],[-12.3761,12.34648],[-12.37456,12.34437],[-12.37437,12.34178],[-12.37321,12.34124],[-12.37234,12.34056],[-12.37128,12.33989],[-12.3699,12.33916],[-12.36845,12.33879],[-12.36754,12.33798],[-12.36663,12.33721],[-12.36654,12.33702],[-12.36604,12.33637],[-12.36554,12.33456],[-12.36548,12.33243],[-12.36539,12.32972],[-12.36489,12.32666],[-12.36449,12.32327],[-12.36366,12.32032],[-12.3626,12.31873],[-12.36133,12.31601],[-12.36071,12.31374],[-12.3602,12.31103],[-12.35924,12.30977],[-12.35799,12.3088],[-12.35733,12.30777],[-12.35695,12.30798],[-12.35609,12.30823],[-12.35414,12.30901],[-12.35248,12.30974],[-12.35086,12.31048],[-12.34924,12.31117],[-12.3469,12.31247],[-12.34562,12.31313],[-12.34412,12.31393],[-12.34045,12.31547],[-12.33807,12.31604],[-12.33505,12.31733],[-12.3334,12.31819],[-12.3324,12.31854],[-12.33092,12.31927],[-12.32864,12.32032],[-12.32675,12.32077],[-12.3251,12.32127],[-12.32341,12.32241],[-12.32107,12.32377],[-12.31823,12.32465],[-12.31612,12.32616],[-12.3145,12.32698],[-12.31193,12.32792],[-12.31032,12.32861],[-12.30874,12.32967],[-12.30737,12.32986],[-12.30565,12.331],[-12.30316,12.33241],[-12.3006,12.33339],[-12.29983,12.33386],[-12.29707,12.33525],[-12.29549,12.33609],[-12.29387,12.33691],[-12.29128,12.33734],[-12.29117,12.33757],[-12.28949,12.33728],[-12.28823,12.33725],[-12.28683,12.33702],[-12.28524,12.33684],[-12.28324,12.33623],[-12.28198,12.33595],[-12.28113,12.33621],[-12.28076,12.33633],[-12.27978,12.33741],[-12.27954,12.33773],[-12.27905,12.33822],[-12.27722,12.33973],[-12.27659,12.34035],[-12.27605,12.34117],[-12.27561,12.34157],[-12.27511,12.34247],[-12.27492,12.34279],[-12.27178,12.34398],[-12.27066,12.34395],[-12.27047,12.34409],[-12.26967,12.34415],[-12.26896,12.34436],[-12.26733,12.34542],[-12.26713,12.34555],[-12.26635,12.3464],[-12.26557,12.34629],[-12.26397,12.34614],[-12.26345,12.34613],[-12.26267,12.34731],[-12.26252,12.34771],[-12.26174,12.34847],[-12.26094,12.3486],[-12.25826,12.34851],[-12.25738,12.34835],[-12.25666,12.34865],[-12.25595,12.34913],[-12.25445,12.35047],[-12.25317,12.35098],[-12.25188,12.35155],[-12.25113,12.3518],[-12.24936,12.35272],[-12.24813,12.35327],[-12.24714,12.3531],[-12.24589,12.35265],[-12.2452,12.35226],[-12.24456,12.35178],[-12.24311,12.35141],[-12.24229,12.35074],[-12.24229,12.3506],[-12.24119,12.34993],[-12.23966,12.34928],[-12.23739,12.34995],[-12.23658,12.35019],[-12.23507,12.35052],[-12.23336,12.35111],[-12.23256,12.35132],[-12.23095,12.35183],[-12.22945,12.35326],[-12.22881,12.35424],[-12.22749,12.35587],[-12.22729,12.35618],[-12.22648,12.3568],[-12.22585,12.35747],[-12.2247,12.35805],[-12.22352,12.35801],[-12.22227,12.35796],[-12.22023,12.35841],[-12.21878,12.35841],[-12.21676,12.35835],[-12.21569,12.35832],[-12.21458,12.35759],[-12.21338,12.35677],[-12.21232,12.35619],[-12.21119,12.35438],[-12.20666,12.35387],[-12.2031,12.35429],[-12.19964,12.35572],[-12.19618,12.35738],[-12.19145,12.35733],[-12.18939,12.3581],[-12.18722,12.35966],[-12.18388,12.35928],[-12.18,12.3591],[-12.17798,12.35901],[-12.17786,12.359],[-12.17408,12.35953],[-12.17254,12.36278],[-12.17197,12.36583],[-12.16904,12.36816],[-12.16579,12.36983],[-12.16092,12.3717],[-12.15682,12.37324],[-12.15369,12.37365],[-12.15054,12.37599],[-12.14911,12.37869],[-12.14833,12.38173],[-12.1454,12.38305],[-12.14217,12.38325],[-12.13915,12.38423],[-12.13591,12.38464],[-12.13257,12.38506],[-12.13007,12.38651],[-12.12885,12.38943],[-12.12635,12.39222],[-12.12375,12.39434],[-12.12178,12.39646],[-12.12035,12.39905],[-12.11882,12.40208],[-12.11662,12.40544],[-12.11585,12.40747],[-12.11462,12.41084],[-12.1117,12.41296],[-12.10845,12.41473],[-12.10531,12.41628],[-12.10133,12.41567],[-12.09842,12.41553],[-12.09506,12.4173],[-12.09172,12.41805],[-12.08899,12.4213],[-12.08693,12.42285],[-12.08305,12.4227],[-12.0797,12.423],[-12.07354,12.42655],[-12.06869,12.42559],[-12.06536,12.42556],[-12.06426,12.42746],[-12.06144,12.42958],[-12.05819,12.43045],[-12.05595,12.42862],[-12.05339,12.42666],[-12.05136,12.42473],[-12.04803,12.42469],[-12.04447,12.42488],[-12.04145,12.42507],[-12.03855,12.42492],[-12.03545,12.42286],[-12.03311,12.42001],[-12.03078,12.4175],[-12.02791,12.41397],[-12.02417,12.41087],[-12.02237,12.40894],[-12.01925,12.40856],[-12.01603,12.40751],[-12.01434,12.40479],[-12.01297,12.40194],[-12.01149,12.40001],[-12.00868,12.39998],[-12.00589,12.40006],[-12.00351,12.40094],[-12.00049,12.40125],[-11.99693,12.40166],[-11.99563,12.40378],[-11.99328,12.40536],[-11.99145,12.40545],[-11.98902,12.40619],[-11.98729,12.40633],[-11.98552,12.40664],[-11.9842,12.40752],[-11.98243,12.40849],[-11.98028,12.4089],[-11.97972,12.40932],[-11.97892,12.40867],[-11.97775,12.40816],[-11.97621,12.40738],[-11.97505,12.40696],[-11.9735,12.40692],[-11.97098,12.40825],[-11.96972,12.40848],[-11.96682,12.40913],[-11.9627,12.41064],[-11.9606,12.41193],[-11.95116,12.41804],[-11.94985,12.41832],[-11.94835,12.4197],[-11.94662,12.42085],[-11.94466,12.42209],[-11.94288,12.42296],[-11.94021,12.42434],[-11.93787,12.42659],[-11.9353,12.42775],[-11.93208,12.43014],[-11.92918,12.43184],[-11.92773,12.4329],[-11.92511,12.43413],[-11.92324,12.43593],[-11.92151,12.43722],[-11.91865,12.43864],[-11.91604,12.44071],[-11.91239,12.44227],[-11.90986,12.44379],[-11.90706,12.44549],[-11.90421,12.4471],[-11.90341,12.44765],[-11.9007,12.44953],[-11.8993,12.4499],[-11.8993,12.44949],[-11.89837,12.447],[-11.89762,12.44516],[-11.89729,12.44388],[-11.89678,12.44139],[-11.8957,12.43922],[-11.89491,12.43665],[-11.89491,12.43435],[-11.89361,12.43196],[-11.89309,12.43011],[-11.89184,12.42814],[-11.89118,12.42726],[-11.88978,12.4267],[-11.88898,12.42611],[-11.88698,12.4257],[-11.88459,12.42467],[-11.88244,12.42394],[-11.88029,12.4227],[-11.8787,12.42159],[-11.87697,12.42071],[-11.87492,12.41993],[-11.87249,12.42025],[-11.87057,12.42025],[-11.86907,12.42007],[-11.86778,12.41984],[-11.86669,12.41965],[-11.86422,12.41891],[-11.86409,12.418],[-11.86403,12.41763],[-11.86323,12.41588],[-11.86291,12.41422],[-11.86268,12.41252],[-11.86156,12.41131],[-11.85964,12.40934],[-11.85796,12.40772],[-11.85684,12.40648],[-11.85511,12.40468],[-11.85385,12.40367],[-11.85264,12.40303],[-11.85086,12.40285],[-11.8495,12.40174],[-11.8489,12.4004],[-11.84819,12.39893],[-11.84792,12.39709],[-11.8461,12.39648],[-11.84469,12.39661],[-11.84273,12.39827],[-11.84166,12.39929],[-11.83974,12.40012],[-11.838,12.40131],[-11.83609,12.4008],[-11.83474,12.40112],[-11.83441,12.40177],[-11.83273,12.40315],[-11.83122,12.40434],[-11.82913,12.4031],[-11.82758,12.40259],[-11.82636,12.40278],[-11.82403,12.40351],[-11.82272,12.40263],[-11.82057,12.40267],[-11.81846,12.40272],[-11.8159,12.40309],[-11.8136,12.40266],[-11.81304,12.40216],[-11.81244,12.40123],[-11.81216,12.39986],[-11.81104,12.39972],[-11.80959,12.40151],[-11.80827,12.40293],[-11.80669,12.40395],[-11.80608,12.40491],[-11.80486,12.40569],[-11.80379,12.40597],[-11.80205,12.40597],[-11.80061,12.40518],[-11.79925,12.4037],[-11.79757,12.40269],[-11.79604,12.4015],[-11.79525,12.40034],[-11.79479,12.39699],[-11.79314,12.39694],[-11.79207,12.39777],[-11.78973,12.39786],[-11.78684,12.39712],[-11.78417,12.3967],[-11.78235,12.39628],[-11.77987,12.39637],[-11.77791,12.39545],[-11.77529,12.39558],[-11.77347,12.39375],[-11.77174,12.39208],[-11.76927,12.38909],[-11.76768,12.38674],[-11.76721,12.38605],[-11.76581,12.38628],[-11.76375,12.38674],[-11.76156,12.38627],[-11.76011,12.38645],[-11.75772,12.38761],[-11.7559,12.38824],[-11.7537,12.38999],[-11.7523,12.39045],[-11.75108,12.39109],[-11.74893,12.39054],[-11.74698,12.38984],[-11.74501,12.39062],[-11.74281,12.39021],[-11.73889,12.39103],[-11.73645,12.39131],[-11.73477,12.39117],[-11.7329,12.39029],[-11.73094,12.3912],[-11.72804,12.39116],[-11.72584,12.39295],[-11.7214,12.39764],[-11.71981,12.39911],[-11.71807,12.40127],[-11.71588,12.402],[-11.71414,12.40288],[-11.71134,12.40223],[-11.70942,12.402],[-11.7069,12.40176],[-11.70396,12.40166],[-11.70236,12.40124],[-11.70068,12.40147],[-11.69741,12.40244],[-11.6939,12.40445],[-11.68978,12.40675],[-11.69034,12.40679],[-11.6896,12.40762],[-11.68758,12.40956],[-11.68556,12.4112],[-11.68468,12.413],[-11.68323,12.41447],[-11.68196,12.41622],[-11.68093,12.4175],[-11.67939,12.41861],[-11.67803,12.41907],[-11.6749,12.41998],[-11.6734,12.42094],[-11.67261,12.42311],[-11.67045,12.42439],[-11.66937,12.42554],[-11.66783,12.42618],[-11.66587,12.42655],[-11.66447,12.42682],[-11.6626,12.42792],[-11.66072,12.42829],[-11.65847,12.42925],[-11.65057,12.43085],[-11.64829,12.42988],[-11.64684,12.43052],[-11.64529,12.43111],[-11.64412,12.43162],[-11.64225,12.43217],[-11.64038,12.4329],[-11.63734,12.43322],[-11.63523,12.43428],[-11.63299,12.4351],[-11.63121,12.43542],[-11.62938,12.43532],[-11.62747,12.43491],[-11.6257,12.43348],[-11.62435,12.43209],[-11.62327,12.43016],[-11.62201,12.42928],[-11.62057,12.42891],[-11.61753,12.42868],[-11.61561,12.42955],[-11.61294,12.43115],[-11.60986,12.43271],[-11.60831,12.4328],[-11.60685,12.4328],[-11.60466,12.43215],[-11.60317,12.43183],[-11.6012,12.43164],[-11.59901,12.43329],[-11.59689,12.43527],[-11.59424,12.43734],[-11.59222,12.43834],[-11.59021,12.43945],[-11.5882,12.43939],[-11.58623,12.43962],[-11.58404,12.43962],[-11.581,12.43998],[-11.57815,12.44034],[-11.57599,12.44006],[-11.57427,12.44071],[-11.57095,12.44167],[-11.56777,12.44171],[-11.56468,12.44151],[-11.56206,12.44179],[-11.55884,12.44183],[-11.55692,12.44251],[-11.55453,12.44246],[-11.55149,12.44338],[-11.54943,12.44328],[-11.54747,12.44342],[-11.54522,12.44336],[-11.5419,12.44423],[-11.5384,12.44409],[-11.53573,12.44357],[-11.53307,12.44462],[-11.53101,12.44476],[-11.52853,12.44499],[-11.52605,12.44558],[-11.52278,12.44575],[-11.5203,12.44616],[-11.51698,12.44657],[-11.51408,12.44702],[-11.5116,12.44697],[-11.50912,12.44692],[-11.50562,12.44793],[-11.5022,12.44838],[-11.49888,12.4487],[-11.49645,12.44841],[-11.49411,12.44887],[-11.49126,12.44918],[-11.48766,12.44908],[-11.48326,12.44977],[-11.47882,12.45031],[-11.4747,12.45016],[-11.4726,12.44869],[-11.47106,12.44753],[-11.46962,12.44582],[-11.46845,12.445],[-11.46649,12.44366],[-11.46537,12.44332],[-11.46308,12.44314],[-11.4613,12.4434],[-11.45952,12.44386],[-11.45793,12.44377],[-11.45522,12.44367],[-11.45335,12.44315],[-11.45236,12.4426],[-11.45125,12.44159],[-11.45012,12.44122],[-11.44859,12.44062],[-11.44699,12.44034],[-11.44532,12.4402],[-11.44326,12.4401],[-11.44162,12.44009],[-11.44017,12.44036],[-11.43839,12.44087],[-11.43657,12.44109],[-11.43447,12.4416],[-11.43259,12.44113],[-11.43045,12.4392],[-11.42862,12.43906],[-11.42718,12.43868],[-11.4274,12.43896],[-11.42577,12.43867],[-11.42301,12.43771],[-11.41988,12.43738],[-11.41801,12.43654],[-11.41559,12.43525],[-11.41475,12.4334],[-11.41368,12.43244],[-11.41321,12.43101],[-11.41144,12.42958],[-11.4091,12.42778],[-11.40653,12.42676],[-11.40705,12.42543],[-11.40566,12.42322],[-11.40347,12.42059],[-11.39988,12.41897],[-11.39908,12.41864],[-11.39548,12.41864],[-11.39337,12.41845],[-11.39067,12.41826],[-11.38903,12.41821],[-11.38725,12.41806],[-11.3843,12.41819],[-11.38267,12.41878],[-11.38029,12.41832],[-11.37832,12.41804],[-11.37584,12.41836],[-11.37499,12.41856],[-11.37371,12.42099],[-11.37315,12.42132],[-11.37217,12.42143],[-11.37104,12.42126],[-11.36986,12.42077],[-11.36888,12.42083],[-11.36813,12.42116],[-11.36763,12.42214],[-11.36752,12.42411],[-11.36747,12.42725],[-11.36727,12.42932],[-11.36654,12.43121],[-11.36576,12.43251],[-11.36564,12.43357],[-11.36571,12.43513],[-11.36638,12.43632],[-11.36747,12.43713],[-11.37002,12.4382],[-11.3703,12.43847],[-11.3704,12.43888],[-11.37066,12.44053],[-11.37101,12.44168],[-11.37148,12.44209],[-11.37219,12.44258],[-11.37248,12.44299],[-11.37273,12.44465],[-11.37254,12.44741],[-11.37233,12.4492],[-11.37233,12.4496],[-11.37234,12.45008],[-11.37259,12.45081],[-11.37273,12.45091],[-11.37334,12.4513],[-11.37396,12.45199],[-11.37435,12.45304],[-11.37428,12.45455],[-11.37373,12.4553],[-11.37322,12.45563],[-11.37275,12.45545],[-11.37101,12.45575],[-11.36966,12.45641],[-11.36775,12.45704],[-11.36748,12.45718],[-11.36686,12.45705],[-11.36649,12.45646],[-11.36587,12.45628],[-11.36498,12.4563],[-11.36442,12.45644],[-11.36344,12.45719],[-11.36234,12.45826],[-11.36021,12.46009],[-11.35947,12.46083],[-11.35938,12.46138],[-11.35943,12.46175],[-11.35965,12.4635],[-11.35929,12.4652],[-11.35828,12.46604],[-11.35715,12.46625],[-11.35566,12.46632],[-11.35428,12.46537],[-11.3539,12.465],[-11.3531,12.46497],[-11.35175,12.46522],[-11.35138,12.46536],[-11.3511,12.46582],[-11.35163,12.46651],[-11.35244,12.46733],[-11.3527,12.4699],[-11.35198,12.4717],[-11.35187,12.47359],[-11.3526,12.4756],[-11.35414,12.47817],[-11.35508,12.47875],[-11.35611,12.47882],[-11.35955,12.47969],[-11.36054,12.48037],[-11.36093,12.48129],[-11.36108,12.4822],[-11.36082,12.48368],[-11.35921,12.48577],[-11.35781,12.48901],[-11.3553,12.49398],[-11.35583,12.49592],[-11.35621,12.49836],[-11.35683,12.50049],[-11.35714,12.50159],[-11.35806,12.50267],[-11.35893,12.50378],[-11.35961,12.50513],[-11.3596,12.50637],[-11.35986,12.50748],[-11.36054,12.5086],[-11.36132,12.50976],[-11.36277,12.51015],[-11.36478,12.51046],[-11.36614,12.51039],[-11.36731,12.51017],[-11.36802,12.50954],[-11.36879,12.5084],[-11.36913,12.5074],[-11.37007,12.50475],[-11.37119,12.50251],[-11.3721,12.50118],[-11.37316,12.49941],[-11.37357,12.49744],[-11.37397,12.49556],[-11.37334,12.49371],[-11.37235,12.49148],[-11.37182,12.48968],[-11.37137,12.48816],[-11.37138,12.48719],[-11.37177,12.48623],[-11.37301,12.48496],[-11.37387,12.48451],[-11.37462,12.48438],[-11.37616,12.48482],[-11.37806,12.48582],[-11.37889,12.48744],[-11.37994,12.48893],[-11.3824,12.49049],[-11.38299,12.49128],[-11.38354,12.49235],[-11.38371,12.49327],[-11.38361,12.49382],[-11.3832,12.49528],[-11.3829,12.49689],[-11.38236,12.49858],[-11.38172,12.5006],[-11.38112,12.50248],[-11.3808,12.50514],[-11.38067,12.50707],[-11.38052,12.50804],[-11.37952,12.51183],[-11.37941,12.51602],[-11.38019,12.51944],[-11.38054,12.52087],[-11.38121,12.52281],[-11.38205,12.52357],[-11.38461,12.52439],[-11.38719,12.52466],[-11.39178,12.52486],[-11.39383,12.52545],[-11.39471,12.52625],[-11.39446,12.52712],[-11.3937,12.52756],[-11.39267,12.52778],[-11.3919,12.5285],[-11.38963,12.53288],[-11.38878,12.5365],[-11.38866,12.53742],[-11.38907,12.53844],[-11.39022,12.53947],[-11.39162,12.54019],[-11.39372,12.54077],[-11.39856,12.54011],[-11.39969,12.54003],[-11.40076,12.54033],[-11.40224,12.54159],[-11.40315,12.54294],[-11.40385,12.54364],[-11.40525,12.54412],[-11.40679,12.54419],[-11.40811,12.54361],[-11.40953,12.54276],[-11.41097,12.54103],[-11.41202,12.53604],[-11.41116,12.52908],[-11.41075,12.52567],[-11.41072,12.52438],[-11.41102,12.52328],[-11.41154,12.52259],[-11.41243,12.52238],[-11.41364,12.52272],[-11.41559,12.52362],[-11.41807,12.52472],[-11.42011,12.52599],[-11.42258,12.52667],[-11.42469,12.5267],[-11.42655,12.5272],[-11.42739,12.52776],[-11.42844,12.52911],[-11.42894,12.53068],[-11.42902,12.53395],[-11.42862,12.53827],[-11.42827,12.54341],[-11.42848,12.54466],[-11.42911,12.54577],[-11.43049,12.5475],[-11.43345,12.55022],[-11.43494,12.5507],[-11.43838,12.54951],[-11.43938,12.54829],[-11.44054,12.54624],[-11.44207,12.54483],[-11.44323,12.54466],[-11.44459,12.54496],[-11.44622,12.54586],[-11.44709,12.54684],[-11.4476,12.54731],[-11.44819,12.54837],[-11.44831,12.54975],[-11.44786,12.55196],[-11.44726,12.5536],[-11.44635,12.55543],[-11.44538,12.55726],[-11.44426,12.55991],[-11.44391,12.56129],[-11.4435,12.56353],[-11.4428,12.5661],[-11.4425,12.56696],[-11.44226,12.56761],[-11.44116,12.56883],[-11.43925,12.56876],[-11.4376,12.56846],[-11.43531,12.56805],[-11.42751,12.56702],[-11.42521,12.56693],[-11.42217,12.56684],[-11.41853,12.56877],[-11.41662,12.57062],[-11.41519,12.57249],[-11.41373,12.57554],[-11.41234,12.57792],[-11.41089,12.58043],[-11.40902,12.58315],[-11.40605,12.58702],[-11.40497,12.58954],[-11.40481,12.59105],[-11.40655,12.59347],[-11.40828,12.5946],[-11.40943,12.59572],[-11.4108,12.59745],[-11.41315,12.59996],[-11.41599,12.60153],[-11.41799,12.60248],[-11.42092,12.60372],[-11.42296,12.6055],[-11.42429,12.60686],[-11.42495,12.60792],[-11.42511,12.60863],[-11.42521,12.60902],[-11.42581,12.61161],[-11.42514,12.61496],[-11.42379,12.61793],[-11.42225,12.61984],[-11.42031,12.62115],[-11.41745,12.62142],[-11.41598,12.62195],[-11.41248,12.6242],[-11.41105,12.62533],[-11.41,12.62641],[-11.40926,12.62875],[-11.40865,12.63504],[-11.40959,12.63718],[-11.41029,12.63793],[-11.41165,12.63808],[-11.41319,12.63825],[-11.41425,12.63927],[-11.41424,12.64024],[-11.41448,12.64539],[-11.41463,12.65],[-11.41526,12.65204],[-11.41552,12.65347],[-11.41634,12.655],[-11.41891,12.65868],[-11.42197,12.66286],[-11.4228,12.66407],[-11.42425,12.66478],[-11.42588,12.66495],[-11.42659,12.66459],[-11.42834,12.6636],[-11.43229,12.66283],[-11.43781,12.66333],[-11.44249,12.66368],[-11.44362,12.66402],[-11.44469,12.66431],[-11.44612,12.66562],[-11.44777,12.6679],[-11.44879,12.67123],[-11.44939,12.67506],[-11.44927,12.6769],[-11.44887,12.67826],[-11.44819,12.67931],[-11.44758,12.67967],[-11.4464,12.68034],[-11.44479,12.68083],[-11.44371,12.68123],[-11.44225,12.68203],[-11.44091,12.68339],[-11.43966,12.68521],[-11.43902,12.68713],[-11.43869,12.68984],[-11.4388,12.6949],[-11.43913,12.69776],[-11.43972,12.70177],[-11.43936,12.70361],[-11.43845,12.70474],[-11.43713,12.70519],[-11.43647,12.70536],[-11.43498,12.70492],[-11.43443,12.70395],[-11.43281,12.69978],[-11.43241,12.69871],[-11.43171,12.69811],[-11.43036,12.69786],[-11.42853,12.69801],[-11.42644,12.69937],[-11.42559,12.70013],[-11.42544,12.70109],[-11.42518,12.70265],[-11.42577,12.70621],[-11.42636,12.71021],[-11.42702,12.71584],[-11.42628,12.72116],[-11.42622,12.72461],[-11.42616,12.72811],[-11.426,12.72912],[-11.42554,12.72971],[-11.42435,12.73021],[-11.42303,12.73059],[-11.42003,12.73059],[-11.41637,12.73053],[-11.41268,12.72998],[-11.40963,12.7303],[-11.40624,12.73061],[-11.40262,12.73093],[-11.39952,12.73143],[-11.39643,12.73107],[-11.39205,12.72953],[-11.38817,12.72877],[-11.38554,12.7291],[-11.38271,12.73017],[-11.37992,12.73086],[-11.37509,12.73101],[-11.37278,12.73203],[-11.37196,12.73336],[-11.37028,12.73595],[-11.3686,12.73776],[-11.36878,12.73832],[-11.36961,12.73902],[-11.37078,12.73909],[-11.37261,12.73898],[-11.37692,12.73928],[-11.37903,12.73986],[-11.38304,12.74126],[-11.38487,12.7434],[-11.38552,12.74479],[-11.38562,12.74644],[-11.38533,12.74741],[-11.38311,12.7487],[-11.38115,12.75061],[-11.37995,12.75215],[-11.37974,12.75294],[-11.38001,12.75446],[-11.38059,12.75622],[-11.38171,12.75854],[-11.38254,12.76007],[-11.38355,12.7617],[-11.3847,12.76263],[-11.38576,12.76357],[-11.38664,12.76478],[-11.38727,12.76594],[-11.38809,12.76738],[-11.38925,12.76841],[-11.39102,12.76903],[-11.39336,12.76952],[-11.39598,12.77016],[-11.39853,12.77209],[-11.39962,12.7739],[-11.39974,12.77538],[-11.39991,12.77653],[-11.39877,12.77724],[-11.39745,12.77764],[-11.39492,12.77755],[-11.39243,12.77765],[-11.38984,12.77821],[-11.38724,12.77914],[-11.38583,12.77967],[-11.38549,12.78012],[-11.38518,12.78173],[-11.38481,12.78444],[-11.38467,12.7877],[-11.38501,12.78955],[-11.38525,12.79162],[-11.38536,12.79401],[-11.38451,12.7969],[-11.38341,12.80116],[-11.38334,12.80502],[-11.38384,12.80641],[-11.38438,12.80775],[-11.38572,12.80874],[-11.38675,12.80945],[-11.38782,12.80992],[-11.38906,12.81077],[-11.38998,12.81221],[-11.39061,12.81382],[-11.39021,12.81566],[-11.38757,12.82225],[-11.38559,12.82787],[-11.38475,12.83053],[-11.38492,12.83168],[-11.38533,12.83261],[-11.38584,12.83317],[-11.38697,12.83282],[-11.3881,12.83229],[-11.38915,12.83092],[-11.38992,12.83005],[-11.39135,12.82856],[-11.39267,12.82793],[-11.39649,12.82767],[-11.40094,12.82755],[-11.40272,12.82772],[-11.40379,12.82819],[-11.40412,12.82852],[-11.40424,12.82949],[-11.40487,12.8313],[-11.40491,12.83405],[-11.40402,12.83713],[-11.40381,12.83864],[-11.40388,12.84002],[-11.40429,12.84095],[-11.40497,12.84206],[-11.40637,12.84295],[-11.40786,12.84358],[-11.40884,12.84411],[-11.41013,12.84518],[-11.41118,12.84658],[-11.41195,12.84816],[-11.41179,12.84957],[-11.41078,12.85098],[-11.40978,12.85185],[-11.4078,12.85259],[-11.40539,12.85348],[-11.4026,12.85468],[-11.40047,12.85589],[-11.39914,12.85693],[-11.39818,12.8582],[-11.39768,12.85985],[-11.39694,12.86195],[-11.39697,12.8632],[-11.39713,12.86472],[-11.3981,12.86606],[-11.39935,12.86709],[-11.40073,12.86849],[-11.40282,12.87005],[-11.40426,12.87108],[-11.40503,12.87233],[-11.40557,12.87377],[-11.40633,12.87589],[-11.40657,12.87866],[-11.40572,12.88182],[-11.40491,12.8853],[-11.40314,12.89042],[-11.40298,12.89167],[-11.40216,12.8928],[-11.40002,12.89452],[-11.39726,12.8971],[-11.39406,12.89986],[-11.38977,12.90393],[-11.38924,12.90494],[-11.3887,12.90621],[-11.38854,12.90778],[-11.38913,12.90935],[-11.39033,12.91029],[-11.39318,12.91052],[-11.39876,12.91157],[-11.40038,12.91219],[-11.40127,12.9127],[-11.4027,12.91425],[-11.40332,12.91619],[-11.40324,12.92069],[-11.40228,12.92514],[-11.40048,12.9292],[-11.3998,12.93029],[-11.39908,12.93144],[-11.39483,12.93303],[-11.39412,12.93343],[-11.39322,12.93355],[-11.39188,12.93248],[-11.39136,12.92999],[-11.39144,12.92801],[-11.39108,12.92704],[-11.3909,12.92649],[-11.39039,12.92607],[-11.38978,12.92606],[-11.38818,12.92644],[-11.38699,12.92735],[-11.38392,12.92831],[-11.38114,12.9291],[-11.37803,12.9297],[-11.37431,12.93037],[-11.3714,12.9307],[-11.36797,12.93074],[-11.36642,12.93099],[-11.36232,12.93199],[-11.35967,12.93291],[-11.3576,12.93353],[-11.35275,12.93433],[-11.35138,12.93472],[-11.35077,12.93485],[-11.35008,12.93682],[-11.34837,12.94046],[-11.34801,12.94272],[-11.34809,12.94331],[-11.34882,12.94442],[-11.3497,12.94531],[-11.35136,12.94691],[-11.35316,12.9491],[-11.3541,12.95146],[-11.3552,12.95312],[-11.35649,12.95489],[-11.35769,12.95887],[-11.35795,12.95984],[-11.35816,12.96123],[-11.35785,12.96311],[-11.35727,12.96695],[-11.35745,12.97037],[-11.35738,12.97442],[-11.35793,12.97783],[-11.35828,12.97944],[-11.35906,12.98065],[-11.35956,12.98176],[-11.36147,12.98492],[-11.36382,12.98822],[-11.36621,12.99051],[-11.36658,12.99102],[-11.36779,12.99145],[-11.36994,12.99236],[-11.3727,12.99305],[-11.37532,12.99373],[-11.37889,12.99374],[-11.38137,12.99396],[-11.38292,12.99338],[-11.38377,12.9933],[-11.3843,12.99276],[-11.38459,12.99193],[-11.3835,12.98737],[-11.3821,12.98399],[-11.38175,12.98242],[-11.38187,12.98086],[-11.38143,12.97639],[-11.38169,12.97497],[-11.38204,12.97392],[-11.38293,12.97075],[-11.38429,12.96824],[-11.38477,12.96774],[-11.38534,12.96716],[-11.38643,12.96671],[-11.38864,12.9661],[-11.39199,12.96565],[-11.3932,12.96589],[-11.3938,12.96655],[-11.39388,12.9671],[-11.39397,12.96775],[-11.39428,12.96845],[-11.39465,12.96914],[-11.3952,12.96979],[-11.39603,12.9704],[-11.39682,12.97115],[-11.39831,12.97205],[-11.40017,12.97309],[-11.40203,12.97394],[-11.40427,12.97471],[-11.40503,12.97453],[-11.40588,12.97423],[-11.40646,12.97318],[-11.40753,12.97122],[-11.40843,12.9704],[-11.41023,12.9697],[-11.41201,12.96986],[-11.41224,12.97],[-11.41241,12.97051],[-11.41264,12.97157],[-11.41261,12.97295],[-11.41249,12.97451],[-11.41215,12.97552],[-11.41147,12.9768],[-11.41069,12.97835],[-11.40996,12.97958],[-11.40802,12.98126],[-11.40762,12.98231],[-11.40779,12.98354],[-11.40824,12.98452],[-11.40949,12.9856],[-11.41074,12.98658],[-11.41184,12.98774],[-11.41314,12.98914],[-11.41447,12.99096],[-11.41543,12.99226],[-11.41612,12.99342],[-11.41685,12.99476],[-11.41711,12.99597],[-11.41698,12.99771],[-11.41667,12.99964],[-11.41585,13.00032],[-11.41522,13.00084],[-11.41485,13.00116],[-11.41259,13.00203],[-11.40942,13.00157],[-11.3982,13.00457],[-11.39805,13.00469],[-11.39674,13.0069],[-11.39744,13.01026],[-11.39891,13.01294],[-11.40116,13.01543],[-11.40577,13.01738],[-11.4094,13.01817],[-11.41363,13.01891],[-11.41566,13.0202],[-11.41434,13.02394],[-11.41274,13.02822],[-11.41166,13.03182],[-11.41072,13.03422],[-11.41138,13.03598],[-11.4127,13.03755],[-11.41534,13.03842],[-11.41915,13.03931],[-11.42094,13.04045],[-11.42235,13.04258],[-11.42371,13.04466],[-11.42588,13.04853],[-11.42739,13.05029],[-11.43045,13.05237],[-11.43271,13.0539],[-11.43483,13.05537],[-11.4362,13.05754],[-11.43643,13.05962],[-11.43615,13.06215],[-11.43498,13.06423],[-11.43168,13.06685],[-11.42857,13.07012],[-11.42627,13.07284],[-11.4257,13.07639],[-11.42533,13.07938],[-11.42632,13.08335],[-11.42764,13.08547],[-11.43099,13.08732],[-11.43522,13.08875],[-11.43696,13.09088],[-11.44026,13.09434],[-11.44294,13.09693],[-11.44563,13.09767],[-11.44939,13.09777],[-11.4555,13.09768],[-11.45936,13.09782],[-11.46356,13.09709],[-11.46666,13.09682],[-11.46999,13.09682],[-11.47319,13.0972],[-11.47498,13.09789],[-11.47785,13.09983],[-11.47951,13.10379],[-11.4805,13.11059],[-11.48285,13.11348],[-11.48534,13.11566],[-11.48846,13.11627],[-11.4933,13.11867],[-11.49551,13.11987],[-11.4966,13.1225],[-11.49693,13.12895],[-11.49792,13.1326],[-11.49915,13.13578],[-11.49915,13.13813],[-11.50075,13.14173],[-11.50207,13.14422],[-11.50556,13.14565],[-11.50871,13.14621],[-11.51219,13.14662],[-11.51492,13.14723],[-11.51614,13.15004],[-11.51709,13.15276],[-11.51864,13.15562],[-11.51799,13.15931],[-11.51488,13.16225],[-11.51093,13.16497],[-11.50816,13.16783],[-11.50567,13.17049],[-11.50266,13.17639],[-11.50097,13.18036],[-11.49965,13.18441],[-11.50003,13.18953],[-11.50224,13.19357],[-11.50607,13.19617],[-11.51265,13.19711],[-11.51788,13.19739],[-11.52489,13.198],[-11.52945,13.19708],[-11.53491,13.19828],[-11.5384,13.20073],[-11.54169,13.20594],[-11.5433,13.21231],[-11.54269,13.22004],[-11.54238,13.22622],[-11.54233,13.23042],[-11.54101,13.23406],[-11.5379,13.23682],[-11.5348,13.2405],[-11.53053,13.24498],[-11.52719,13.24912],[-11.52422,13.25308],[-11.52337,13.25686],[-11.52418,13.25852],[-11.5304,13.26198],[-11.53464,13.26383],[-11.53827,13.26862],[-11.54166,13.27374],[-11.54317,13.27646],[-11.54213,13.28279],[-11.54336,13.28763],[-11.54821,13.28979],[-11.5548,13.29022],[-11.56158,13.29101],[-11.56841,13.29327],[-11.57129,13.29576],[-11.57472,13.30111],[-11.57699,13.30373],[-11.5784,13.30627],[-11.5801,13.30692],[-11.58669,13.30771],[-11.59097,13.30956],[-11.59074,13.31149],[-11.59098,13.31278],[-11.59023,13.31504],[-11.58872,13.31822],[-11.58802,13.32057],[-11.58793,13.32246],[-11.58859,13.32448],[-11.58953,13.32652],[-11.59056,13.32772],[-11.59226,13.3297],[-11.59302,13.33066],[-11.59481,13.33311],[-11.59584,13.33532],[-11.59646,13.33841],[-11.59655,13.34164],[-11.5967,13.34565],[-11.59604,13.35178],[-11.59567,13.35639],[-11.59553,13.35925],[-11.5954,13.36206],[-11.59545,13.36449],[-11.59588,13.3657],[-11.59672,13.36703],[-11.59837,13.36722],[-11.60087,13.36677],[-11.60308,13.3657],[-11.60519,13.3646],[-11.6067,13.36367],[-11.60938,13.36248],[-11.61169,13.36188],[-11.61494,13.36152],[-11.61912,13.36102],[-11.62294,13.36143],[-11.62571,13.36171],[-11.63014,13.36231],[-11.63269,13.36263],[-11.63448,13.36267],[-11.63641,13.3631],[-11.63743,13.36383],[-11.63797,13.36517],[-11.63782,13.36711],[-11.63628,13.36945],[-11.63496,13.37148],[-11.63246,13.37318],[-11.631,13.37452],[-11.62955,13.37627],[-11.62804,13.37784],[-11.62729,13.37899],[-11.6264,13.38088],[-11.62584,13.38341],[-11.62546,13.38599],[-11.62561,13.38926],[-11.62575,13.39092],[-11.62617,13.39254],[-11.62693,13.39383],[-11.62923,13.39461],[-11.63145,13.39512],[-11.63451,13.3953],[-11.63767,13.3954],[-11.64039,13.39522],[-11.64379,13.39494],[-11.64826,13.39443],[-11.65188,13.39333],[-11.65691,13.39139],[-11.66021,13.38983],[-11.66351,13.38891],[-11.66717,13.38808],[-11.67079,13.38813],[-11.67437,13.38868],[-11.67733,13.38923],[-11.68007,13.38978],[-11.68421,13.38905],[-11.68741,13.38882],[-11.68972,13.38868],[-11.69174,13.38895],[-11.69315,13.38956],[-11.69429,13.39048],[-11.69486,13.39191],[-11.69505,13.39472],[-11.69491,13.39702],[-11.69477,13.4008],[-11.69511,13.40334],[-11.69751,13.40698],[-11.69953,13.41011],[-11.70114,13.41144],[-11.70227,13.41265],[-11.70406,13.41339],[-11.70778,13.41407],[-11.7132,13.41458],[-11.71682,13.41513],[-11.7212,13.41555],[-11.72459,13.41537],[-11.7276,13.41588],[-11.7292,13.41601],[-11.73155,13.41514],[-11.7341,13.41459],[-11.73706,13.41381],[-11.73988,13.41247],[-11.74271,13.41081],[-11.7443,13.40961],[-11.74538,13.40794],[-11.74562,13.40634],[-11.74547,13.40441],[-11.74509,13.40182],[-11.74433,13.39845],[-11.74391,13.39605],[-11.74301,13.3937],[-11.74179,13.39085],[-11.74225,13.38804],[-11.74281,13.38642],[-11.74384,13.38536],[-11.74605,13.38426],[-11.74859,13.3826],[-11.74911,13.3809],[-11.74949,13.379],[-11.75009,13.37679],[-11.75136,13.37449],[-11.75281,13.37255],[-11.75441,13.37081],[-11.75616,13.36951],[-11.75794,13.36813],[-11.75954,13.36637],[-11.76053,13.36412],[-11.76123,13.36195],[-11.76207,13.35905],[-11.76296,13.3555],[-11.76338,13.35163],[-11.76384,13.34814],[-11.76459,13.34564],[-11.76553,13.34302],[-11.76623,13.34103],[-11.76693,13.33956],[-11.76849,13.33823],[-11.76994,13.33762],[-11.77225,13.3374],[-11.77451,13.33754],[-11.77611,13.33799],[-11.77789,13.33813],[-11.78058,13.33808],[-11.78401,13.33777],[-11.78584,13.33735],[-11.78815,13.33592],[-11.78942,13.33476],[-11.79078,13.33338],[-11.79214,13.33167],[-11.79294,13.32979],[-11.79378,13.32698],[-11.79439,13.32385],[-11.79447,13.32131],[-11.79433,13.3179],[-11.7948,13.31573],[-11.79527,13.3143],[-11.79602,13.31279],[-11.79657,13.31167],[-11.79733,13.31085],[-11.79944,13.3102],[-11.80307,13.30997],[-11.80622,13.3103],[-11.80947,13.3102],[-11.81337,13.30951],[-11.81643,13.3095],[-11.82076,13.30909],[-11.82315,13.30868],[-11.82611,13.3084],[-11.82856,13.30882],[-11.83068,13.30964],[-11.83256,13.31093],[-11.83327,13.31254],[-11.83354,13.31384],[-11.83361,13.31415],[-11.83262,13.31646],[-11.8306,13.31964],[-11.82873,13.32291],[-11.82795,13.32426],[-11.82793,13.3243],[-11.82803,13.32688],[-11.82917,13.32955],[-11.82982,13.33148],[-11.8311,13.33208],[-11.83369,13.33277],[-11.83656,13.33323],[-11.83849,13.33442],[-11.83995,13.33646],[-11.84137,13.33996],[-11.84255,13.34355],[-11.8442,13.34705],[-11.84552,13.34958],[-11.84755,13.35239],[-11.85123,13.35524],[-11.85603,13.35764],[-11.85871,13.35962],[-11.86211,13.36202],[-11.86456,13.36488],[-11.86617,13.36769],[-11.86772,13.37055],[-11.86928,13.37373],[-11.86994,13.37612],[-11.87136,13.37906],[-11.87301,13.38027],[-11.87645,13.38104],[-11.88026,13.38173],[-11.88358,13.38178],[-11.88669,13.3833],[-11.88745,13.38431],[-11.88782,13.38481],[-11.89122,13.38259],[-11.89334,13.38226],[-11.89531,13.38208],[-11.89696,13.38129],[-11.89963,13.37967],[-11.90179,13.3775],[-11.90254,13.37649],[-11.90494,13.37529],[-11.90729,13.37488],[-11.90918,13.37418],[-11.9111,13.37358],[-11.91269,13.37308],[-11.91369,13.37261],[-11.9157,13.37225],[-11.91698,13.37206],[-11.91801,13.3721],[-11.91951,13.3721],[-11.92088,13.37192],[-11.92205,13.37205],[-11.92281,13.37205],[-11.92393,13.37196],[-11.92502,13.37214],[-11.92647,13.37159],[-11.92751,13.37035],[-11.92892,13.36887],[-11.92986,13.36744],[-11.93037,13.36703],[-11.93121,13.36661],[-11.93295,13.36615],[-11.93437,13.36578],[-11.93577,13.36559],[-11.93728,13.36491],[-11.93859,13.36394],[-11.93995,13.36398],[-11.94222,13.3644],[-11.94391,13.36536],[-11.94523,13.36563],[-11.94626,13.36619],[-11.94688,13.36632],[-11.9481,13.36682],[-11.95097,13.36664],[-11.95313,13.3659],[-11.95529,13.36553],[-11.95717,13.36359],[-11.95933,13.36111],[-11.9605,13.35931],[-11.96162,13.35788],[-11.96214,13.35663],[-11.96233,13.35484],[-11.96232,13.35364],[-11.96354,13.35124],[-11.96584,13.34986],[-11.96814,13.34756],[-11.96893,13.34553],[-11.97076,13.34382],[-11.97292,13.34152],[-11.97518,13.34059],[-11.97692,13.33981],[-11.97795,13.33944],[-11.97992,13.33746],[-11.98161,13.33524],[-11.98362,13.3328],[-11.9847,13.3316],[-11.9861,13.33017],[-11.98719,13.32962],[-11.98912,13.32967],[-11.99057,13.32984],[-11.99217,13.32827],[-11.99363,13.32661],[-11.99456,13.32543],[-11.9988,13.32556],[-12.00369,13.32646],[-12.00614,13.32592],[-12.00689,13.32452],[-12.0075,13.32165],[-12.00774,13.3211],[-12.009,13.3196],[-12.00953,13.31832],[-12.00982,13.31804],[-12.00992,13.31767],[-12.01231,13.31528],[-12.01329,13.31309],[-12.01363,13.31281],[-12.01401,13.3125],[-12.0185,13.31115],[-12.02342,13.31204],[-12.02383,13.31261],[-12.02735,13.31303],[-12.0281,13.3129],[-12.02904,13.31301],[-12.03031,13.31312],[-12.03101,13.3136],[-12.03163,13.31578],[-12.03143,13.31687],[-12.03127,13.31751],[-12.03155,13.32242],[-12.03566,13.3274],[-12.03406,13.32922],[-12.03044,13.33365],[-12.02795,13.34208],[-12.0287,13.34326],[-12.02988,13.34496],[-12.0307,13.34663],[-12.03128,13.34812],[-12.03157,13.35586],[-12.03053,13.35653],[-12.02999,13.35767],[-12.02979,13.35854],[-12.02994,13.36066],[-12.02944,13.36263],[-12.0297,13.36379],[-12.0302,13.36461],[-12.0299,13.36553],[-12.02994,13.36595],[-12.02871,13.36694],[-12.02762,13.37006],[-12.02864,13.37191],[-12.03065,13.37208],[-12.03242,13.37018],[-12.03284,13.36971],[-12.03502,13.36889],[-12.03808,13.36624],[-12.0404,13.36457],[-12.04246,13.3632],[-12.04373,13.36308],[-12.04577,13.36167],[-12.04738,13.36135],[-12.04938,13.36129],[-12.05223,13.35842],[-12.05618,13.35835],[-12.05651,13.35877],[-12.05948,13.36107],[-12.06276,13.36342],[-12.06686,13.36371],[-12.07055,13.36792],[-12.07306,13.36943],[-12.07766,13.37079],[-12.07892,13.37122],[-12.07981,13.37139],[-12.08111,13.37154],[-12.08498,13.37258],[-12.08816,13.37191],[-12.09146,13.37187],[-12.09707,13.37483],[-12.09879,13.3764],[-12.10281,13.37659],[-12.10525,13.37662],[-12.10777,13.37641],[-12.11038,13.38055],[-12.11395,13.38424],[-12.11669,13.38599],[-12.11969,13.38724],[-12.12266,13.3893],[-12.12386,13.39089],[-12.12417,13.39168],[-12.12567,13.39206],[-12.1284,13.39252],[-12.13351,13.39306],[-12.13565,13.39507],[-12.13866,13.39787],[-12.14087,13.40067],[-12.14212,13.40221],[-12.14354,13.40599],[-12.1441,13.40749],[-12.14464,13.4121],[-12.14542,13.41326],[-12.14574,13.41368],[-12.14904,13.41636],[-12.15177,13.41723],[-12.15414,13.41805],[-12.15644,13.41835],[-12.1577,13.41875],[-12.15864,13.41904],[-12.15996,13.41888],[-12.16254,13.41951],[-12.16314,13.42025],[-12.16328,13.42063],[-12.16497,13.42065],[-12.1652,13.42116],[-12.17552,13.42689],[-12.18585,13.43261],[-12.19617,13.43834],[-12.19665,13.4383],[-12.19795,13.43963],[-12.19853,13.44151],[-12.2008,13.44333],[-12.20231,13.44366],[-12.21235,13.44794],[-12.21342,13.44869],[-12.22169,13.45353],[-12.22346,13.45463],[-12.22492,13.45397],[-12.22559,13.45343],[-12.22588,13.45306],[-12.22711,13.45244],[-12.2279,13.45291],[-12.22888,13.45339],[-12.23191,13.45578],[-12.23251,13.45611],[-12.23344,13.45677],[-12.23377,13.45682],[-12.23694,13.45939],[-12.24118,13.46059],[-12.24313,13.46101],[-12.2447,13.45933],[-12.24528,13.45815],[-12.24539,13.45794],[-12.24566,13.45742],[-12.24567,13.45741],[-12.24647,13.45734],[-12.24719,13.45726],[-12.24777,13.45732],[-12.24789,13.45733],[-12.24893,13.45725],[-12.24966,13.45669],[-12.25022,13.4555],[-12.2501,13.45449],[-12.24992,13.45383],[-12.2496,13.45319],[-12.24928,13.45244],[-12.24887,13.45156],[-12.24861,13.45069],[-12.24826,13.44999],[-12.24813,13.4492],[-12.24826,13.44842],[-12.24861,13.44696],[-12.24849,13.44604],[-12.2485,13.4453],[-12.24851,13.44475],[-12.24862,13.44359],[-12.24845,13.44263],[-12.24832,13.4417],[-12.24825,13.44051],[-12.24906,13.43992],[-12.24939,13.43942],[-12.24955,13.43864],[-12.24984,13.43773],[-12.24991,13.43681],[-12.24964,13.43597],[-12.24979,13.43533],[-12.25004,13.43459],[-12.25028,13.43391],[-12.24992,13.43299],[-12.24998,13.43207],[-12.25009,13.43142],[-12.25043,13.43046],[-12.25053,13.43032],[-12.25069,13.42931],[-12.25052,13.42811],[-12.25077,13.42678],[-12.25107,13.42564],[-12.25137,13.42467],[-12.25209,13.4238],[-12.25374,13.42382],[-12.25449,13.42379],[-12.25529,13.42377],[-12.25624,13.42341],[-12.25686,13.42314],[-12.25724,13.42269],[-12.25815,13.42174],[-12.25821,13.42085],[-12.2587,13.4198],[-12.25917,13.41948],[-12.25957,13.41852],[-12.26009,13.41779],[-12.26072,13.41711],[-12.26153,13.41648],[-12.26214,13.41607],[-12.26259,13.41498],[-12.26284,13.4141],[-12.26294,13.41342],[-12.26305,13.41263],[-12.26297,13.41176],[-12.26241,13.41097],[-12.26186,13.41036],[-12.26149,13.41008],[-12.26098,13.4098],[-12.26089,13.40947],[-12.26085,13.40888],[-12.26072,13.408],[-12.2605,13.40739],[-12.26051,13.40666],[-12.25997,13.40616],[-12.25995,13.40512],[-12.25985,13.40415],[-12.25997,13.40311],[-12.26063,13.40174],[-12.26093,13.40082],[-12.26132,13.39952],[-12.26188,13.39766],[-12.26186,13.39701],[-12.2618,13.39623],[-12.2613,13.39544],[-12.26103,13.39452],[-12.25306,13.3824],[-12.24509,13.37028],[-12.23713,13.35816],[-12.23643,13.35746],[-12.23587,13.35681],[-12.23471,13.35582],[-12.23384,13.35485],[-12.23342,13.35424],[-12.23302,13.35345],[-12.23266,13.35265],[-12.23212,13.35191],[-12.23168,13.35047],[-12.23116,13.34959],[-12.23042,13.34885],[-12.22968,13.34832],[-12.22854,13.34744],[-12.22795,13.34647],[-12.2279,13.34521],[-12.2277,13.34466],[-12.22704,13.34415],[-12.22627,13.34406],[-12.22543,13.34391],[-12.22463,13.3435],[-12.22386,13.34293],[-12.22336,13.34189],[-12.22318,13.34129],[-12.2225,13.34014],[-12.22189,13.33915],[-12.2222,13.33823],[-12.22221,13.33768],[-12.22278,13.33691],[-12.22322,13.33632],[-12.22337,13.33562],[-12.22446,13.33519],[-12.22494,13.33454],[-12.22528,13.3338],[-12.226,13.3328],[-12.22662,13.33245],[-12.2273,13.33122],[-12.22769,13.33062],[-12.22846,13.32949],[-12.22889,13.32876],[-12.22914,13.32794],[-12.22972,13.32725],[-12.23006,13.32639],[-12.23092,13.32524],[-12.23147,13.32336],[-12.23186,13.32226],[-12.23267,13.32181],[-12.23381,13.32113],[-12.23471,13.3205],[-12.23599,13.31988],[-12.23661,13.31929],[-12.23723,13.31898],[-12.23818,13.31867],[-12.23898,13.31845],[-12.24012,13.31778],[-12.24131,13.31706],[-12.24192,13.3167],[-12.24315,13.31635],[-12.24405,13.31627],[-12.24542,13.31588],[-12.24665,13.31553],[-12.24783,13.3155],[-12.24909,13.31565],[-12.25074,13.31573],[-12.25158,13.31592],[-12.25287,13.31474],[-12.25373,13.31393],[-12.25411,13.31338],[-12.25459,13.31279],[-12.25522,13.31215],[-12.25598,13.3117],[-12.25649,13.31134],[-12.25701,13.31181],[-12.25818,13.31201],[-12.25884,13.31193],[-12.25974,13.31208],[-12.26048,13.31237],[-12.26123,13.31265],[-12.2617,13.31285],[-12.26245,13.31295],[-12.2632,13.31296],[-12.26437,13.31339],[-12.26536,13.3135],[-12.26686,13.3138],[-12.26803,13.31422],[-12.26902,13.31442],[-12.27,13.31477],[-12.27088,13.31496],[-12.27149,13.31534],[-12.2722,13.31558],[-12.27266,13.31577],[-12.27317,13.31573],[-12.27398,13.31574],[-12.2745,13.31571],[-12.27563,13.31545],[-12.27657,13.31537],[-12.27779,13.31493],[-12.27911,13.3149],[-12.28066,13.31497],[-12.28207,13.3149],[-12.2833,13.31464],[-12.28411,13.31466],[-12.28471,13.31462],[-12.2857,13.31441],[-12.28665,13.31442],[-12.2883,13.31407],[-12.28906,13.31418],[-12.2906,13.31452],[-12.29275,13.31529],[-12.29434,13.31596],[-12.29496,13.31615],[-12.30109,13.3176],[-12.30743,13.31837],[-12.30757,13.31851],[-12.30895,13.31736],[-12.30949,13.31659],[-12.30996,13.31627],[-12.31124,13.31248],[-12.31112,13.30832],[-12.31116,13.30571],[-12.31124,13.30357],[-12.31171,13.30091],[-12.31177,13.29309],[-12.313,13.29138],[-12.31592,13.28684],[-12.31679,13.28515],[-12.32396,13.27807],[-12.32448,13.27808],[-12.32478,13.27656],[-12.3244,13.26872],[-12.3244,13.26431],[-12.32586,13.26148],[-12.33134,13.25986],[-12.3328,13.25946],[-12.33898,13.25895],[-12.33986,13.25979],[-12.34475,13.26612],[-12.3458,13.26807],[-12.34644,13.26905],[-12.34708,13.27058],[-12.34804,13.2722],[-12.34892,13.27382],[-12.35043,13.27592],[-12.35843,13.27896],[-12.36243,13.28323],[-12.37327,13.29034],[-12.37593,13.29144],[-12.37737,13.29275],[-12.37941,13.29199],[-12.38337,13.2922],[-12.38583,13.29082],[-12.40203,13.28375],[-12.40383,13.28235],[-12.40544,13.28247],[-12.4062,13.28173],[-12.41386,13.28476],[-12.41701,13.28564],[-12.41819,13.28381],[-12.42127,13.27834],[-12.42203,13.27524],[-12.4221,13.27271],[-12.42899,13.2711],[-12.4302,13.26899],[-12.43118,13.26919],[-12.43348,13.27],[-12.43845,13.26778],[-12.44118,13.26459],[-12.44129,13.26377],[-12.44289,13.26347],[-12.44416,13.26348],[-12.44529,13.26313],[-12.44727,13.26002],[-12.44902,13.25908],[-12.45056,13.25984],[-12.45149,13.25791],[-12.45306,13.25663],[-12.4564,13.25511],[-12.4576,13.25047],[-12.46062,13.25022],[-12.46149,13.24695],[-12.46186,13.24246],[-12.46042,13.23962],[-12.46103,13.23934],[-12.46549,13.23925],[-12.46606,13.23836],[-12.46644,13.23773],[-12.46666,13.23739],[-12.46667,13.23682],[-12.46668,13.23657],[-12.46712,13.23529],[-12.46831,13.23429],[-12.46963,13.23371],[-12.47025,13.23335],[-12.47176,13.23324],[-12.47284,13.23316],[-12.47417,13.23281],[-12.47418,13.23165],[-12.4742,13.23013],[-12.47437,13.22853],[-12.47504,13.22789],[-12.47521,13.22582],[-12.47584,13.22467],[-12.47619,13.22256],[-12.47707,13.22074],[-12.47747,13.2189],[-12.47834,13.21762],[-12.4785,13.21601],[-12.47908,13.21524],[-12.47943,13.21386],[-12.48006,13.21244],[-12.48035,13.21157],[-12.48094,13.21038],[-12.48053,13.20923],[-12.48094,13.20739],[-12.48231,13.20731],[-12.48278,13.207],[-12.48406,13.206],[-12.48384,13.20476],[-12.48409,13.20417],[-12.48466,13.20362],[-12.4858,13.20322],[-12.48631,13.20332],[-12.48768,13.20292],[-12.48853,13.20238],[-12.4884,13.2016],[-12.48818,13.20076],[-12.48736,13.19946],[-12.48779,13.19818],[-12.48853,13.19667],[-12.48976,13.19609],[-12.49067,13.19509],[-12.49199,13.19432],[-12.49205,13.19438],[-12.49279,13.19507],[-12.49368,13.19539],[-12.49414,13.19555],[-12.49415,13.19555],[-12.49521,13.19616],[-12.49681,13.19623],[-12.49885,13.19658],[-12.50028,13.19715],[-12.50128,13.1983],[-12.50257,13.19845],[-12.50518,13.19721],[-12.50742,13.19448],[-12.50865,13.19512],[-12.51081,13.19584],[-12.51169,13.19487],[-12.51321,13.19387],[-12.51445,13.19302],[-12.51705,13.19224],[-12.51736,13.18998],[-12.51796,13.18716],[-12.51814,13.18473],[-12.5197,13.18447],[-12.5204,13.18463],[-12.52068,13.18481],[-12.52247,13.18507],[-12.52303,13.1854],[-12.52532,13.18897],[-12.52906,13.18727],[-12.53051,13.18629],[-12.53164,13.18491],[-12.53324,13.18433],[-12.53414,13.18453],[-12.5354,13.18542],[-12.53572,13.18579],[-12.5366,13.18678],[-12.53734,13.18789],[-12.53734,13.18803],[-12.53841,13.18855],[-12.5401,13.18844],[-12.54204,13.18768],[-12.5439,13.18699],[-12.54476,13.18537],[-12.54647,13.18433],[-12.5469,13.1836],[-12.54837,13.1833],[-12.54902,13.18308],[-12.55136,13.18444],[-12.5545,13.18471],[-12.55506,13.18514],[-12.55633,13.18529],[-12.55842,13.18925],[-12.56286,13.19155],[-12.56539,13.1936],[-12.56625,13.19578],[-12.56699,13.19718],[-12.56698,13.19752],[-12.56853,13.20134],[-12.56979,13.20177],[-12.56953,13.2029],[-12.57284,13.20294],[-12.57543,13.20296],[-12.57802,13.20285],[-12.57905,13.20201],[-12.58064,13.20075],[-12.58138,13.19935],[-12.58217,13.19834],[-12.58282,13.19872],[-12.58365,13.19956],[-12.58378,13.20108],[-12.58479,13.20543],[-12.5853,13.207],[-12.5866,13.20739],[-12.58819,13.20944],[-12.59108,13.20848],[-12.59094,13.20904],[-12.59386,13.20959],[-12.59458,13.20891],[-12.5957,13.20795],[-12.5963,13.20599],[-12.59663,13.20079],[-12.59587,13.19802],[-12.59583,13.19696],[-12.5966,13.19623],[-12.59982,13.19434],[-12.60173,13.19474],[-12.60447,13.19562],[-12.60664,13.19451],[-12.60722,13.19347],[-12.60564,13.19266],[-12.60476,13.19118],[-12.60552,13.19082],[-12.60608,13.19064],[-12.61199,13.19215],[-12.61825,13.19269],[-12.62032,13.19449],[-12.62509,13.19369],[-12.62969,13.19533],[-12.62968,13.19613],[-12.63169,13.19671],[-12.63447,13.193],[-12.63577,13.19181],[-12.63674,13.18916],[-12.63623,13.18837],[-12.63605,13.18805],[-12.63776,13.18347],[-12.63843,13.18246],[-12.6389,13.18237],[-12.64523,13.18089],[-12.64994,13.17699],[-12.65393,13.18142],[-12.65574,13.18211],[-12.65777,13.18071],[-12.65867,13.17762],[-12.65984,13.17593],[-12.6633,13.17526],[-12.66504,13.17372],[-12.66764,13.17332],[-12.67065,13.17434],[-12.6731,13.17493],[-12.67583,13.17594],[-12.67571,13.1734],[-12.67531,13.17071],[-12.67432,13.16858],[-12.67455,13.16685],[-12.67538,13.1647],[-12.67425,13.16182],[-12.67347,13.15966],[-12.67393,13.15736],[-12.67393,13.1569],[-12.67393,13.15676],[-12.67348,13.15639],[-12.67287,13.15573],[-12.67255,13.15545],[-12.67535,13.14925],[-12.67417,13.15064],[-12.67498,13.14931],[-12.67584,13.14872],[-12.67671,13.14643],[-12.67672,13.1463],[-12.67454,13.14529],[-12.6711,13.14356],[-12.66894,13.14256],[-12.67036,13.1393],[-12.67287,13.1385],[-12.6749,13.13739],[-12.67402,13.1335],[-12.67395,13.1318],[-12.67387,13.12738],[-12.67397,13.12705],[-12.67579,13.12495],[-12.67961,13.12627],[-12.68718,13.11899],[-12.68695,13.11372],[-12.68676,13.11082],[-12.68672,13.11008],[-12.68654,13.10957],[-12.68555,13.1062],[-12.68901,13.10701],[-12.69335,13.10578],[-12.69739,13.10483],[-12.69872,13.10089],[-12.70002,13.09892],[-12.69984,13.09321],[-12.69984,13.09293],[-12.69999,13.0928],[-12.70355,13.09359],[-12.70556,13.09347],[-12.70714,13.09376],[-12.70945,13.09336],[-12.71262,13.09395],[-12.71926,13.09246],[-12.72091,13.08428],[-12.71718,13.08269],[-12.71703,13.08076],[-12.7189,13.07511],[-12.71989,13.07513],[-12.72107,13.07446],[-12.72231,13.07374],[-12.72378,13.07278],[-12.72506,13.07215],[-12.72967,13.07123],[-12.73453,13.07607],[-12.73783,13.0778],[-12.74057,13.07768],[-12.74286,13.07854],[-12.7476,13.08014],[-12.74991,13.07946],[-12.7508,13.0765],[-12.75131,13.07124],[-12.75178,13.07125],[-12.75225,13.07149],[-12.75341,13.07242],[-12.75542,13.07541],[-12.75736,13.07579],[-12.75829,13.07642],[-12.76059,13.07615],[-12.76205,13.0749],[-12.7624,13.07166],[-12.76415,13.06503],[-12.76113,13.05763],[-12.75862,13.05539],[-12.75879,13.05355],[-12.76135,13.05654],[-12.76443,13.05691],[-12.76709,13.05722],[-12.76718,13.05724],[-12.76768,13.0573],[-12.77273,13.05579],[-12.77403,13.0558],[-12.7762,13.05412],[-12.77562,13.05054],[-12.77541,13.04841],[-12.77589,13.04782],[-12.77679,13.04359],[-12.77574,13.04155],[-12.77539,13.03998],[-12.77477,13.03688],[-12.77501,13.0362],[-12.77607,13.03717],[-12.7798,13.03876],[-12.7873,13.03714],[-12.78946,13.03701],[-12.79119,13.03702],[-12.79349,13.03804],[-12.79909,13.03977],[-12.79969,13.03724],[-12.79655,13.03326],[-12.79815,13.03256],[-12.80074,13.03244],[-12.80391,13.03261],[-12.80952,13.03281],[-12.81112,13.03126],[-12.81328,13.03043],[-12.81273,13.02538],[-12.81162,13.02336],[-12.8082,13.02003],[-12.80755,13.01914],[-12.80622,13.01682],[-12.8065,13.01646],[-12.80703,13.01623],[-12.81035,13.01982],[-12.81307,13.02224],[-12.81538,13.02085],[-12.81583,13.01873],[-12.81929,13.01848],[-12.81935,13.0162],[-12.82008,13.01072],[-12.81394,13.00431],[-12.81136,13.00316],[-12.80937,13.00046],[-12.81136,12.99836],[-12.8135,12.99648],[-12.82157,12.99711],[-12.82496,12.99641],[-12.82565,12.99976],[-12.82708,13.00061],[-12.82707,13.00132],[-12.82763,13.00245],[-12.82907,13.00402],[-12.82992,13.00502],[-12.82963,13.00544],[-12.82988,13.00883],[-12.83158,13.01251],[-12.83529,13.01692],[-12.83901,13.01865],[-12.8415,13.01514],[-12.84319,13.01317],[-12.84461,13.01203],[-12.84614,13.01108],[-12.84947,13.00899],[-12.85091,13.00929],[-12.85305,13.01071],[-12.85476,13.0144],[-12.8572,13.01471],[-12.85878,13.01514],[-12.86021,13.01544],[-12.86166,13.0153],[-12.86251,13.01588],[-12.86382,13.01532],[-12.86616,13.01557],[-12.86615,13.0157],[-12.86577,13.01629],[-12.86516,13.01684],[-12.86231,13.02294],[-12.86561,13.02466],[-12.86774,13.02877],[-12.87034,13.02724],[-12.87078,13.02682],[-12.87239,13.02512],[-12.87362,13.02404],[-12.8784,13.02612],[-12.87944,13.02891],[-12.87907,13.0331],[-12.88079,13.03781],[-12.88121,13.03796],[-12.88248,13.03934],[-12.88606,13.04177],[-12.88992,13.04396],[-12.89351,13.04635],[-12.89992,13.04983],[-12.90048,13.05012],[-12.90099,13.0504],[-12.90208,13.05014],[-12.90371,13.04912],[-12.90553,13.04479],[-12.90851,13.04351],[-12.9101,13.04295],[-12.91253,13.04397],[-12.91456,13.04521],[-12.91436,13.04613],[-12.91509,13.04864],[-12.91537,13.04977],[-12.91593,13.05176],[-12.91621,13.05261],[-12.91605,13.05501],[-12.91503,13.05609],[-12.91414,13.05923],[-12.91774,13.05799],[-12.9189,13.05786],[-12.92033,13.05985],[-12.92361,13.06354],[-12.92619,13.06484],[-12.92979,13.06501],[-12.93377,13.06323],[-12.93569,13.0659],[-12.93553,13.06802],[-12.93316,13.07591],[-12.93098,13.07815],[-12.92947,13.07953],[-12.93023,13.08167],[-12.93269,13.08042],[-12.93531,13.07748],[-12.94022,13.07512],[-12.94354,13.07472],[-12.94521,13.07367],[-12.94642,13.07475],[-12.9473,13.07619],[-12.94789,13.0773],[-12.9492,13.0782],[-12.95055,13.08057],[-12.95314,13.08031],[-12.95531,13.0789],[-12.95923,13.07584],[-12.96133,13.07189],[-12.96318,13.07094],[-12.96413,13.06976],[-12.96658,13.06928],[-12.96835,13.07096],[-12.96934,13.07238],[-12.97174,13.07477],[-12.97284,13.07626],[-12.97406,13.0775],[-12.97548,13.07893],[-12.97794,13.07697],[-12.97838,13.07599],[-12.97969,13.07472],[-12.982,13.07474],[-12.9843,13.0749],[-12.98803,13.07795],[-12.98886,13.07957],[-12.99029,13.08215],[-12.99217,13.0816],[-12.99292,13.07737],[-12.99554,13.07527],[-12.99842,13.07515],[-13.00043,13.07262],[-13.00156,13.07205],[-13.00262,13.07107],[-13.00415,13.06985],[-13.00517,13.06961],[-13.00677,13.06963],[-13.00868,13.06978],[-13.01038,13.06988],[-13.01163,13.06972],[-13.01276,13.0697],[-13.01364,13.06909],[-13.01488,13.06796],[-13.01539,13.0675],[-13.01613,13.06721],[-13.01708,13.06747],[-13.01793,13.0681],[-13.0192,13.06794],[-13.02008,13.06792],[-13.02064,13.06741],[-13.02147,13.06675],[-13.02169,13.0662],[-13.0214,13.06566],[-13.02116,13.06534],[-13.02092,13.06488],[-13.02072,13.0641],[-13.02034,13.06369],[-13.01972,13.06298],[-13.01994,13.0621],[-13.02038,13.0608],[-13.02107,13.06001],[-13.0217,13.05885],[-13.02243,13.05756],[-13.02336,13.0568],[-13.02382,13.05662],[-13.02438,13.05628],[-13.0264,13.05643],[-13.02832,13.05681],[-13.02959,13.05697],[-13.03105,13.05741],[-13.03199,13.05757],[-13.03396,13.05768],[-13.03485,13.05821],[-13.0364,13.05819],[-13.03739,13.05808],[-13.03846,13.05806],[-13.04023,13.0577],[-13.04094,13.05755],[-13.04192,13.05768],[-13.04271,13.05752],[-13.04389,13.05768],[-13.04422,13.058],[-13.04532,13.05891],[-13.04627,13.0599],[-13.04719,13.06116],[-13.04819,13.06224],[-13.04863,13.06302],[-13.04929,13.06374],[-13.05005,13.06437],[-13.05113,13.06453],[-13.05174,13.06453],[-13.05229,13.06387],[-13.05256,13.06281],[-13.05309,13.06138],[-13.05317,13.0606],[-13.05316,13.05978],[-13.05356,13.05876],[-13.05411,13.05819],[-13.05503,13.05685],[-13.05609,13.05582],[-13.05687,13.05544],[-13.05766,13.05479],[-13.05845,13.0544],[-13.05914,13.05388],[-13.05974,13.05318],[-13.06049,13.05308],[-13.06128,13.05307],[-13.06283,13.05285],[-13.06479,13.05282],[-13.06554,13.05231],[-13.06618,13.05161],[-13.06723,13.05007],[-13.06777,13.04882],[-13.06855,13.04798],[-13.06965,13.04668],[-13.07043,13.04565],[-13.07087,13.04413],[-13.07089,13.04289],[-13.07079,13.04207],[-13.07082,13.04119],[-13.07114,13.04073],[-13.07238,13.0396],[-13.07339,13.03872],[-13.07441,13.03759],[-13.07514,13.03671],[-13.07624,13.0354],[-13.07678,13.03439],[-13.0776,13.03314],[-13.0781,13.03188],[-13.0787,13.03133],[-13.08024,13.0308],[-13.08191,13.03003],[-13.08331,13.02959],[-13.08488,13.02878],[-13.08587,13.02862],[-13.08756,13.02874],[-13.08826,13.02909],[-13.0894,13.02976],[-13.09021,13.03062],[-13.09107,13.03161],[-13.09193,13.03261],[-13.09302,13.03341],[-13.09439,13.03398],[-13.09595,13.03483],[-13.09761,13.03576],[-13.09842,13.03662],[-13.09968,13.03858],[-13.10063,13.03966],[-13.10186,13.04069],[-13.10362,13.04158],[-13.10555,13.04214],[-13.10827,13.04237],[-13.11038,13.04289],[-13.11231,13.04354],[-13.11402,13.04457],[-13.11543,13.04477],[-13.11689,13.04534],[-13.11831,13.04623],[-13.12017,13.04753],[-13.12307,13.04995],[-13.12444,13.05099],[-13.12634,13.05233],[-13.12817,13.05276],[-13.13058,13.05331],[-13.13227,13.05365],[-13.13378,13.05418],[-13.13546,13.05438],[-13.13682,13.05418],[-13.13789,13.05337],[-13.13951,13.05247],[-13.14066,13.05134],[-13.14149,13.0504],[-13.14213,13.04957],[-13.14273,13.04919],[-13.14353,13.04936],[-13.14405,13.04954],[-13.14499,13.05007],[-13.14705,13.05229],[-13.14819,13.05351],[-13.14924,13.05427],[-13.15084,13.05461],[-13.15248,13.05481],[-13.15365,13.0546],[-13.15439,13.05377],[-13.1546,13.05261],[-13.15458,13.05193],[-13.15443,13.05097],[-13.15474,13.05036],[-13.15581,13.0496],[-13.15744,13.04922],[-13.15898,13.04909],[-13.16092,13.04966],[-13.16355,13.05021],[-13.16548,13.05026],[-13.16721,13.05046],[-13.16821,13.05127],[-13.168,13.05233],[-13.1666,13.05337],[-13.16545,13.05453],[-13.16459,13.05565],[-13.16381,13.05662],[-13.16411,13.05777],[-13.16512,13.05927],[-13.16621,13.06031],[-13.16803,13.06229],[-13.16941,13.0636],[-13.17042,13.06468],[-13.17127,13.06485],[-13.17271,13.06437],[-13.17414,13.06301],[-13.17516,13.06235],[-13.176,13.06215],[-13.17698,13.06213],[-13.17736,13.06263],[-13.17815,13.06252],[-13.17815,13.06215],[-13.17809,13.06147],[-13.17822,13.06087],[-13.17868,13.06008],[-13.17913,13.05915],[-13.17982,13.05859],[-13.17982,13.0584],[-13.17981,13.05794],[-13.17923,13.05722],[-13.17889,13.05649],[-13.17897,13.05576],[-13.17914,13.05497],[-13.18007,13.05431],[-13.181,13.05384],[-13.18211,13.05336],[-13.18408,13.05314],[-13.18557,13.05293],[-13.18661,13.05318],[-13.1877,13.05413],[-13.18824,13.05559],[-13.18883,13.05673],[-13.18847,13.05774],[-13.1875,13.05845],[-13.18694,13.05873],[-13.18695,13.05938],[-13.1872,13.05979],[-13.18822,13.05967],[-13.18868,13.05889],[-13.18961,13.05827],[-13.1902,13.05726],[-13.19108,13.0565],[-13.19311,13.05546],[-13.19421,13.05401],[-13.19489,13.05276],[-13.19554,13.05188],[-13.19645,13.05076],[-13.19757,13.05047],[-13.19907,13.0503],[-13.20118,13.05109],[-13.20152,13.05126],[-13.20232,13.0518],[-13.20367,13.05086],[-13.20507,13.05055],[-13.20731,13.05038],[-13.20844,13.05018],[-13.20881,13.04994],[-13.20809,13.04931],[-13.20709,13.04836],[-13.20703,13.0475],[-13.20803,13.0461],[-13.2089,13.04502],[-13.20926,13.04437],[-13.2094,13.04369],[-13.20834,13.04242],[-13.20729,13.04115],[-13.20651,13.03997],[-13.20678,13.03936],[-13.20817,13.03846],[-13.20905,13.03795],[-13.20919,13.03725],[-13.20846,13.03607],[-13.2076,13.03513],[-13.2066,13.03418],[-13.2069,13.03316],[-13.20797,13.03241],[-13.20917,13.03166],[-13.21,13.03095],[-13.20984,13.03017],[-13.20988,13.02926],[-13.21094,13.02836],[-13.21163,13.0278],[-13.21266,13.02792],[-13.21395,13.02643],[-13.21557,13.02507],[-13.21714,13.02412],[-13.21845,13.02409],[-13.22061,13.02433],[-13.22183,13.02412],[-13.22247,13.02333],[-13.22337,13.02212],[-13.22458,13.02137],[-13.22598,13.02079],[-13.22879,13.01817],[-13.23133,13.01638],[-13.23374,13.01518],[-13.23503,13.01594],[-13.23724,13.01686],[-13.23869,13.01638],[-13.23936,13.01481],[-13.23961,13.01329],[-13.23937,13.01242],[-13.23859,13.01082],[-13.23749,13.0102],[-13.23546,13.00919],[-13.22708,13.00695],[-13.21944,13.00617],[-13.21736,13.0063],[-13.21569,13.00615],[-13.21384,13.00503],[-13.21313,13.00445],[-13.21227,13.00346],[-13.21229,13.00236],[-13.21162,13.00149],[-13.21072,13.00082],[-13.20926,12.99968],[-13.20923,12.99917],[-13.20905,12.99866],[-13.20886,12.99847],[-13.20887,12.99824],[-13.2085,12.99745],[-13.20841,12.99731],[-13.20814,12.99643],[-13.20811,12.9962],[-13.20793,12.99546],[-13.20779,12.99513],[-13.20749,12.99402],[-13.20744,12.99374],[-13.20736,12.99305],[-13.20723,12.99244],[-13.207,12.99207],[-13.20632,12.99081],[-13.20581,12.99048],[-13.20549,12.98983],[-13.20503,12.98922],[-13.20387,12.98841],[-13.20359,12.98822],[-13.20252,12.98761],[-13.20026,12.98526],[-13.20012,12.98516],[-13.19897,12.98372],[-13.19797,12.98231],[-13.197,12.98105],[-13.19686,12.981],[-13.19635,12.98053],[-13.19506,12.97889],[-13.19497,12.97874],[-13.19418,12.97827],[-13.19353,12.97766],[-13.19322,12.9766],[-13.19322,12.97646],[-13.19283,12.97479],[-13.19254,12.97289],[-13.19192,12.97072],[-13.19151,12.97002],[-13.19027,12.96593],[-13.18889,12.96397],[-13.18802,12.96552],[-13.18787,12.96617],[-13.18752,12.96708],[-13.18677,12.96743],[-13.18674,12.96891],[-13.18545,12.96999],[-13.18545,12.97014],[-13.1853,12.97059],[-13.1843,12.97103],[-13.18345,12.97121],[-13.18186,12.97081],[-13.18172,12.97081],[-13.18116,12.97047],[-13.18083,12.97038],[-13.18051,12.97023],[-13.17995,12.96985],[-13.17976,12.96966],[-13.17873,12.96918],[-13.17837,12.96898],[-13.17799,12.96889],[-13.17748,12.96828],[-13.17583,12.96617],[-13.1747,12.96592],[-13.17364,12.96475],[-13.17111,12.96231],[-13.1699,12.96122],[-13.16967,12.96112],[-13.16777,12.95934],[-13.16735,12.9591],[-13.16693,12.959],[-13.16679,12.95872],[-13.1639,12.95516],[-13.16373,12.95465],[-13.16373,12.9545],[-13.16393,12.95364],[-13.16388,12.95349],[-13.16332,12.95118],[-13.16241,12.94946],[-13.16226,12.9472],[-13.16186,12.94607],[-13.16147,12.94464],[-13.16124,12.9439],[-13.16015,12.94231],[-13.15997,12.94194],[-13.15932,12.94096],[-13.15841,12.93928],[-13.15827,12.93914],[-13.158,12.93849],[-13.15658,12.93708],[-13.15607,12.93647],[-13.15483,12.93511],[-13.15468,12.9351],[-13.15284,12.93309],[-13.1527,12.93299],[-13.15238,12.93276],[-13.1515,12.9321],[-13.15006,12.93147],[-13.14917,12.93085],[-13.14824,12.93042],[-13.1467,12.92971],[-13.14581,12.92932],[-13.14465,12.92874],[-13.14446,12.9287],[-13.14417,12.92671],[-13.14418,12.92606],[-13.14415,12.92546],[-13.14404,12.92329],[-13.14362,12.92116],[-13.14341,12.91969],[-13.14343,12.91839],[-13.1429,12.91677],[-13.14263,12.9157],[-13.14173,12.91393],[-13.14124,12.9124],[-13.14098,12.91129],[-13.14066,12.91078],[-13.14168,12.91048],[-13.14154,12.91019],[-13.14196,12.91034],[-13.1414,12.90991],[-13.14327,12.90936],[-13.144,12.90837],[-13.14574,12.9074],[-13.14704,12.90614],[-13.14747,12.90543],[-13.14849,12.90459],[-13.14963,12.90489],[-13.14978,12.90475],[-13.15094,12.90447],[-13.15067,12.90235],[-13.15196,12.90137],[-13.1527,12.89968],[-13.15313,12.89954],[-13.15387,12.89828],[-13.1546,12.89645],[-13.15604,12.89575],[-13.15632,12.89511],[-13.1569,12.89448],[-13.15821,12.89421],[-13.15995,12.89309],[-13.16139,12.89282],[-13.1621,12.89296],[-13.16398,12.89199],[-13.16441,12.89214],[-13.16499,12.89256],[-13.16585,12.89243],[-13.16729,12.89329],[-13.16887,12.8929],[-13.169,12.89443],[-13.17119,12.89465],[-13.1717,12.89512],[-13.17332,12.89598],[-13.17463,12.89646],[-13.17613,12.89677],[-13.17684,12.89678],[-13.1774,12.89665],[-13.17848,12.89668],[-13.17923,12.89641],[-13.17852,12.89473],[-13.17702,12.89402],[-13.17679,12.89402],[-13.17497,12.89301],[-13.17381,12.8928],[-13.17214,12.89176],[-13.17134,12.89152],[-13.17013,12.89076],[-13.16934,12.89023],[-13.16882,12.89008],[-13.16823,12.88962],[-13.16762,12.88919],[-13.1675,12.8884],[-13.16771,12.88702],[-13.16771,12.88666],[-13.16764,12.88605],[-13.16764,12.88574],[-13.16793,12.88523],[-13.1682,12.8833],[-13.16897,12.88009],[-13.16938,12.87774],[-13.16927,12.87636],[-13.16978,12.87443],[-13.17071,12.87228],[-13.17035,12.87117],[-13.16979,12.86871],[-13.16703,12.86756],[-13.16488,12.86715],[-13.16394,12.86732],[-13.163,12.86721],[-13.16188,12.86686],[-13.16048,12.86643],[-13.15932,12.86552],[-13.15788,12.86476],[-13.15671,12.86451],[-13.15536,12.8637],[-13.15195,12.8624],[-13.15018,12.86163],[-13.14894,12.86045],[-13.14852,12.86017],[-13.14759,12.86001],[-13.14681,12.85856],[-13.14536,12.85808],[-13.14364,12.85721],[-13.14257,12.85631],[-13.14266,12.85554],[-13.14168,12.85404],[-13.14168,12.85377],[-13.14165,12.85311],[-13.14166,12.85261],[-13.1434,12.85301],[-13.14168,12.85142],[-13.1437,12.85103],[-13.14471,12.85019],[-13.14515,12.84906],[-13.14603,12.8478],[-13.14747,12.8471],[-13.14834,12.8464],[-13.14993,12.84515],[-13.15166,12.84431],[-13.15125,12.84247],[-13.15044,12.84069],[-13.1512,12.83988],[-13.15106,12.83955],[-13.15047,12.83876],[-13.14975,12.83714],[-13.14953,12.83648],[-13.14909,12.83468],[-13.14845,12.83351],[-13.14803,12.83327],[-13.14762,12.83318],[-13.14606,12.83338],[-13.14516,12.83373],[-13.14403,12.83375],[-13.14291,12.83392],[-13.14168,12.83376],[-13.14023,12.83383],[-13.13906,12.83353],[-13.13747,12.83322],[-13.13704,12.83326],[-13.13625,12.83283],[-13.1355,12.83263],[-13.13392,12.83205],[-13.1335,12.83195],[-13.13151,12.82975],[-13.12998,12.82912],[-13.12892,12.82818],[-13.12743,12.82714],[-13.12631,12.82666],[-13.12595,12.82628],[-13.12543,12.82604],[-13.12398,12.82583],[-13.12275,12.82608],[-13.12106,12.82624],[-13.11933,12.82611],[-13.11806,12.82605],[-13.11637,12.82596],[-13.11425,12.82607],[-13.11252,12.82585],[-13.11088,12.82573],[-13.11058,12.82646],[-13.1095,12.82657],[-13.10748,12.82663],[-13.10668,12.82671],[-13.1056,12.82678],[-13.10522,12.82678],[-13.10392,12.82647],[-13.1033,12.82638],[-13.10228,12.82593],[-13.10213,12.82589],[-13.10131,12.82467],[-13.10076,12.82407],[-13.09953,12.8222],[-13.09951,12.82091],[-13.09951,12.82077],[-13.09928,12.82058],[-13.0991,12.82021],[-13.0986,12.81951],[-13.09799,12.81894],[-13.09781,12.81839],[-13.09737,12.81723],[-13.0973,12.81598],[-13.09718,12.81483],[-13.09715,12.81409],[-13.09707,12.81308],[-13.09713,12.81271],[-13.09733,12.81184],[-13.09767,12.8113],[-13.09868,12.81098],[-13.09926,12.81049],[-13.10016,12.81014],[-13.10108,12.81],[-13.10203,12.80987],[-13.10293,12.80953],[-13.10379,12.80937],[-13.10454,12.80932],[-13.10552,12.80918],[-13.10659,12.80928],[-13.10745,12.80883],[-13.10811,12.80827],[-13.10892,12.80828],[-13.10953,12.80752],[-13.1096,12.80647],[-13.10946,12.80534],[-13.10924,12.80453],[-13.10884,12.80407],[-13.10844,12.8035],[-13.10811,12.80319],[-13.10761,12.8023],[-13.10692,12.80197],[-13.10594,12.80139],[-13.10497,12.80046],[-13.10409,12.80003],[-13.10343,12.79979],[-13.10289,12.79872],[-13.10248,12.79779],[-13.10174,12.79717],[-13.10161,12.7968],[-13.10181,12.79616],[-13.10219,12.79566],[-13.10257,12.79535],[-13.10329,12.79489],[-13.10357,12.79472],[-13.10404,12.79455],[-13.10405,12.79427],[-13.10453,12.79414],[-13.10453,12.79413],[-13.10524,12.79364],[-13.10624,12.79297],[-13.10727,12.79285],[-13.10746,12.7929],[-13.1084,12.79296],[-13.10863,12.79306],[-13.10922,12.79178],[-13.10947,12.79101],[-13.11,12.79041],[-13.11004,12.79028],[-13.11004,12.79014],[-13.11035,12.78918],[-13.11082,12.78909],[-13.1113,12.78841],[-13.11195,12.78861],[-13.11224,12.78875],[-13.11304,12.78812],[-13.11315,12.78789],[-13.11303,12.78669],[-13.11299,12.786],[-13.11281,12.78545],[-13.11283,12.7847],[-13.11284,12.78383],[-13.11347,12.78297],[-13.11372,12.78219],[-13.11472,12.78119],[-13.1153,12.78042],[-13.11644,12.78003],[-13.1172,12.77944],[-13.11772,12.77903],[-13.11788,12.77817],[-13.11766,12.7771],[-13.11732,12.77585],[-13.11667,12.77524],[-13.11636,12.77454],[-13.11503,12.77258],[-13.11438,12.77225],[-13.11401,12.77164],[-13.11447,12.77023],[-13.115,12.76945],[-13.11516,12.76812],[-13.11545,12.7678],[-13.11636,12.76676],[-13.11674,12.76635],[-13.11737,12.76535],[-13.11742,12.76498],[-13.11706,12.76456],[-13.11674,12.76432],[-13.11641,12.76399],[-13.11628,12.76348],[-13.11635,12.76242],[-13.11636,12.76192],[-13.11638,12.761],[-13.11639,12.76034],[-13.11598,12.75975],[-13.11594,12.75905],[-13.11582,12.75804],[-13.11574,12.75729],[-13.11557,12.75655],[-13.11544,12.75595],[-13.11507,12.75526],[-13.11486,12.7542],[-13.11469,12.75345],[-13.11447,12.7523],[-13.11439,12.75188],[-13.11439,12.75165],[-13.11413,12.75045],[-13.11404,12.74994],[-13.11366,12.74804],[-13.11354,12.74712],[-13.1137,12.74615],[-13.1137,12.74597],[-13.11358,12.74491],[-13.11345,12.74444],[-13.11309,12.74384],[-13.11295,12.74356],[-13.11208,12.74226],[-13.11134,12.74169],[-13.11031,12.74158],[-13.11048,12.7396],[-13.11054,12.73895],[-13.11024,12.73812],[-13.11007,12.73678],[-13.10998,12.73669],[-13.10939,12.73571],[-13.10921,12.73492],[-13.10877,12.73336],[-13.10833,12.73211],[-13.1078,12.73066],[-13.10735,12.72922],[-13.10738,12.7278],[-13.10716,12.72706],[-13.10698,12.7265],[-13.10673,12.72494],[-13.10647,12.72373],[-13.10616,12.72276],[-13.10563,12.721],[-13.10531,12.7203],[-13.1045,12.71895],[-13.10348,12.71801],[-13.10316,12.71763],[-13.10247,12.7168],[-13.10164,12.71595],[-13.10118,12.71543],[-13.10059,12.71432],[-13.10032,12.71403],[-13.09912,12.71268],[-13.09838,12.7123],[-13.09772,12.7121],[-13.0968,12.71112],[-13.09607,12.71009],[-13.09539,12.70911],[-13.0946,12.70836],[-13.09344,12.70765],[-13.0933,12.70756],[-13.09257,12.70658],[-13.09211,12.70606],[-13.0917,12.70536],[-13.0912,12.7047],[-13.09088,12.70411],[-13.09038,12.70372],[-13.09021,12.70243],[-13.09106,12.70213],[-13.09188,12.70122],[-13.09273,12.70087],[-13.09365,12.69932],[-13.0946,12.69851],[-13.09542,12.69756],[-13.09676,12.69619],[-13.09795,12.69502],[-13.09944,12.69371],[-13.10083,12.69171],[-13.10127,12.69103],[-13.10189,12.69012],[-13.10304,12.68899],[-13.10366,12.68826],[-13.10406,12.68753],[-13.10525,12.68655],[-13.10577,12.68619],[-13.10697,12.68515],[-13.10801,12.68471],[-13.10913,12.68441],[-13.11027,12.68415],[-13.11142,12.68307],[-13.11269,12.68249],[-13.11406,12.68201],[-13.11474,12.68124],[-13.1154,12.68074],[-13.11626,12.67984],[-13.11655,12.67957],[-13.11694,12.67869],[-13.11721,12.67714],[-13.11733,12.67589],[-13.11772,12.6749],[-13.11778,12.67402],[-13.1179,12.67259],[-13.11792,12.672],[-13.11817,12.67052],[-13.11825,12.66924],[-13.11837,12.66777],[-13.11843,12.6668],[-13.11884,12.66519],[-13.11884,12.66473],[-13.11925,12.66354],[-13.11931,12.6623],[-13.11952,12.66138],[-13.11964,12.65981],[-13.11964,12.65968],[-13.11966,12.65853],[-13.11973,12.65742],[-13.11985,12.65627],[-13.11992,12.65522],[-13.12004,12.65361],[-13.12007,12.65209],[-13.12019,12.65085],[-13.12041,12.64883],[-13.12042,12.64822],[-13.12098,12.64589],[-13.12114,12.64507],[-13.12158,12.64369],[-13.12197,12.64315],[-13.12217,12.64242],[-13.12242,12.64173],[-13.12314,12.64118],[-13.12326,12.64111]]]}}]}